layer,matrix,head,kv_group,sigma1,stable_rank,er99,er999,head_rms_raw,exact
0,G,0,0,3.0038018226623535,6.992,125,128,5.979669e-03,
0,G,1,0,2.7654356956481934,7.846,125,128,5.940543e-03,
0,G,2,0,3.422234296798706,5.749,125,128,6.113159e-03,
0,G,3,0,2.904103994369507,6.259,125,128,5.500852e-03,
0,G,4,0,2.5583958625793457,9.518,125,128,5.975933e-03,
0,G,5,0,2.8764896392822266,7.692,126,128,6.080530e-03,
0,G,6,0,3.403700828552246,5.987,125,128,6.228020e-03,
0,G,7,0,3.3452885150909424,5.821,125,128,6.001475e-03,
0,G,8,0,3.2935409545898438,5.935,125,128,6.006838e-03,
0,G,9,0,3.1243371963500977,7.037,126,128,6.303259e-03,
0,G,10,0,2.3762333393096924,10.965,125,128,5.976595e-03,
0,G,11,0,2.5349466800689697,8.08,124,128,5.459077e-03,
0,G,12,0,2.6263318061828613,7.615,125,128,5.515887e-03,
0,G,13,0,2.8622477054595947,7.466,125,128,5.927757e-03,
0,G,14,0,2.3644847869873047,10.597,125,128,5.936334e-03,
0,G,15,0,3.196587085723877,6.71,126,128,6.251224e-03,
0,G,16,1,3.662343740463257,5.396,125,128,6.332457e-03,
0,G,17,1,3.811692476272583,5.218,125,128,6.469085e-03,
0,G,18,1,2.929546594619751,7.626,124,128,6.140394e-03,
0,G,19,1,3.783540964126587,4.99,125,128,6.268818e-03,
0,G,20,1,3.517629623413086,5.8,125,128,6.342303e-03,
0,G,21,1,3.8359479904174805,4.898,125,128,6.271032e-03,
0,G,22,1,3.278062105178833,5.627,125,128,5.779844e-03,
0,G,23,1,3.944599151611328,5.093,125,128,6.603709e-03,
0,G,24,1,3.2700603008270264,6.902,126,128,6.502509e-03,
0,G,25,1,2.9996845722198486,7.797,126,128,6.413565e-03,
0,G,26,1,3.007401704788208,7.722,125,128,6.377451e-03,
0,G,27,1,3.5007073879241943,6.299,126,128,6.646415e-03,
0,G,28,1,3.3814127445220947,6.082,125,128,6.265880e-03,
0,G,29,1,2.9566361904144287,6.995,125,128,5.960820e-03,
0,G,30,1,4.1528754234313965,4.218,125,128,6.195406e-03,
0,G,31,1,3.0592379570007324,7.095,125,128,6.147545e-03,
0,K,0,0,4.693175792694092,3.509,113,124,6.130504e-03,
0,K,1,1,3.097212553024292,6.941,117,126,6.127475e-03,
0,O,0,0,1.351468801498413,16.551,124,128,5.956726e-03,
0,O,1,0,1.066631555557251,26.351,124,128,5.931926e-03,
0,O,2,0,1.005063533782959,32.489,124,128,6.206455e-03,
0,O,3,0,0.9506711363792419,32.187,124,128,5.843260e-03,
0,O,4,0,1.6541062593460083,10.859,122,127,5.905429e-03,
0,O,5,0,1.3195900917053223,17.445,125,128,5.971198e-03,
0,O,6,0,1.1581159830093384,24.656,123,128,6.230122e-03,
0,O,7,0,1.2750627994537354,18.844,124,128,5.996572e-03,
0,O,8,0,1.1995470523834229,20.797,124,128,5.926599e-03,
0,O,9,0,1.1557835340499878,24.068,125,128,6.143018e-03,
0,O,10,0,2.403223752975464,4.389,124,128,5.454504e-03,
0,O,11,0,1.3731725215911865,15.307,122,128,5.820325e-03,
0,O,12,0,1.4494134187698364,14.257,124,128,5.929081e-03,
0,O,13,0,1.3519821166992188,17.088,122,128,6.054766e-03,
0,O,14,0,1.3529679775238037,16.514,123,128,5.956535e-03,
0,O,15,0,1.0734201669692993,28.103,125,128,6.164940e-03,
0,O,16,1,1.0661489963531494,30.648,125,128,6.394414e-03,
0,O,17,1,1.1916433572769165,24.464,124,128,6.385559e-03,
0,O,18,1,1.5230375528335571,13.264,125,128,6.009517e-03,
0,O,19,1,1.094178318977356,28.747,124,128,6.355793e-03,
0,O,20,1,1.498479962348938,15.03,122,127,6.293750e-03,
0,O,21,1,1.0394659042358398,31.063,124,128,6.276515e-03,
0,O,22,1,1.2139697074890137,20.345,124,128,5.932247e-03,
0,O,23,1,0.8663278818130493,47.297,125,128,6.454798e-03,
0,O,24,1,1.2716999053955078,20.897,124,128,6.298164e-03,
0,O,25,1,1.1468708515167236,26.002,125,128,6.335807e-03,
0,O,26,1,1.2384587526321411,22.969,124,128,6.430380e-03,
0,O,27,1,1.008980393409729,33.926,125,128,6.366970e-03,
0,O,28,1,1.107145071029663,27.334,124,128,6.271091e-03,
0,O,29,1,1.1123212575912476,26.143,124,128,6.161598e-03,
0,O,30,1,1.1513702869415283,25.81,124,128,6.337088e-03,
0,O,31,1,1.5128545761108398,14.354,121,127,6.209712e-03,
0,Q,0,0,2.388953685760498,10.566,122,128,6.063377e-03,
0,Q,1,0,3.227065086364746,5.861,122,128,5.909062e-03,
0,Q,2,0,2.1284396648406982,13.625,122,128,6.162645e-03,
0,Q,3,0,3.6308488845825195,4.87,120,127,6.036369e-03,
0,Q,4,0,4.291722297668457,3.477,121,127,5.741244e-03,
0,Q,5,0,2.3353683948516846,11.209,121,127,6.124149e-03,
0,Q,6,0,2.269761323928833,11.976,122,128,6.187832e-03,
0,Q,7,0,2.3518226146698,11.064,123,128,6.103104e-03,
0,Q,8,0,2.246776580810547,12.301,123,128,6.170952e-03,
0,Q,9,0,1.8588669300079346,17.411,121,127,6.141928e-03,
0,Q,10,0,2.745255947113037,8.339,123,128,5.839583e-03,
0,Q,11,0,6.3585662841796875,2.061,115,126,6.017053e-03,
0,Q,12,0,5.335955619812012,2.605,118,127,6.019856e-03,
0,Q,13,0,3.305678367614746,5.653,123,128,5.961456e-03,
0,Q,14,0,4.300477504730225,3.61,121,127,5.952666e-03,
0,Q,15,0,2.3101935386657715,11.501,123,128,6.156296e-03,
0,Q,16,1,1.9655176401138306,16.248,123,127,6.246430e-03,
0,Q,17,1,2.090864419937134,14.285,123,127,6.196624e-03,
0,Q,18,1,3.0231451988220215,6.685,123,128,6.015723e-03,
0,Q,19,1,1.7620141506195068,20.216,123,128,6.268877e-03,
0,Q,20,1,2.52815318107605,9.935,123,127,6.188734e-03,
0,Q,21,1,2.061483383178711,14.858,123,128,6.240966e-03,
0,Q,22,1,2.0379483699798584,14.732,123,128,6.085978e-03,
0,Q,23,1,2.0177552700042725,15.536,124,128,6.256454e-03,
0,Q,24,1,1.405664324760437,32.224,121,127,6.337419e-03,
0,Q,25,1,1.5329428911209106,26.54,121,127,6.293799e-03,
0,Q,26,1,2.9051389694213867,7.477,123,128,6.236980e-03,
0,Q,27,1,1.8620588779449463,18.116,122,128,6.250495e-03,
0,Q,28,1,1.8618065118789673,18.322,122,128,6.275220e-03,
0,Q,29,1,2.738218307495117,8.345,123,127,6.204560e-03,
0,Q,30,1,1.6967670917510986,21.705,123,128,6.216110e-03,
0,Q,31,1,3.0337586402893066,6.994,123,127,6.181895e-03,
0,QK,0,0,6.412509918212891,1.662,97,117,,0
0,QK,1,0,5.828232288360596,1.727,100,118,,0
0,QK,2,0,4.734793186187744,2.247,102,119,,0
0,QK,3,0,4.490356922149658,2.177,101,118,,0
0,QK,4,0,7.485307216644287,1.383,94,116,,0
0,QK,5,0,3.767655611038208,2.905,103,119,,0
0,QK,6,0,4.467079162597656,2.371,102,119,,0
0,QK,7,0,6.608893871307373,1.633,97,118,,0
0,QK,8,0,5.422514915466309,1.959,100,119,,0
0,QK,9,0,3.266956090927124,3.58,104,119,,0
0,QK,10,0,10.254846572875977,1.242,89,113,,0
0,QK,11,0,8.462082862854004,1.284,87,112,,0
0,QK,12,0,4.886642932891846,1.916,100,117,,0
0,QK,13,0,4.5846052169799805,2.172,102,120,,0
0,QK,14,0,4.737674236297607,2.066,101,119,,0
0,QK,15,0,4.1791839599609375,2.565,103,120,,0
0,QK,16,1,2.7213809490203857,4.862,111,123,,0
0,QK,17,1,2.9106194972991943,4.369,111,123,,0
0,QK,18,1,2.907564401626587,3.902,111,123,,0
0,QK,19,1,2.705233573913574,4.879,112,124,,0
0,QK,20,1,3.2564797401428223,3.571,111,124,,0
0,QK,21,1,3.038320302963257,4.117,111,124,,0
0,QK,22,1,3.3151237964630127,3.608,108,123,,0
0,QK,23,1,2.8858158588409424,4.376,112,124,,0
0,QK,24,1,2.42358136177063,6.232,109,122,,0
0,QK,25,1,2.313667058944702,6.548,109,123,,0
0,QK,26,1,2.920046329498291,3.969,111,124,,0
0,QK,27,1,2.466111660003662,5.897,109,122,,0
0,QK,28,1,3.0748178958892822,4.141,109,123,,0
0,QK,29,1,2.793123245239258,4.206,111,123,,0
0,QK,30,1,3.5339255332946777,3.403,109,123,,0
0,QK,31,1,3.1599490642547607,3.569,112,124,,0
0,V,0,0,0.813896656036377,77.688,124,128,5.716484e-03,
0,V,1,1,1.2355586290359497,44.386,124,128,6.515992e-03,
0,VO,0,0,0.8075143694877625,18.901,120,127,,
0,VO,1,0,0.6440098285675049,29.686,121,127,,
0,VO,2,0,0.6391111612319946,33.119,121,127,,
0,VO,3,0,0.6439803838729858,29.101,120,127,,
0,VO,4,0,0.9245855808258057,13.964,119,126,,
0,VO,5,0,0.8669546246528625,16.504,122,127,,
0,VO,6,0,0.7264018058776855,25.852,120,127,,
0,VO,7,0,0.697681725025177,25.4,121,127,,
0,VO,8,0,0.7321082353591919,22.792,121,127,,
0,VO,9,0,0.7374906539916992,24.178,122,127,,
0,VO,10,0,0.8597567081451416,11.742,122,127,,
0,VO,11,0,0.7635273933410645,20.037,119,127,,
0,VO,12,0,0.7137232422828674,23.54,120,127,,
0,VO,13,0,0.8146917223930359,19.419,119,127,,
0,VO,14,0,0.8594213128089905,16.881,119,127,,
0,VO,15,0,0.6547849774360657,30.993,122,128,,
0,VO,16,1,0.7231610417366028,35.501,122,127,,
0,VO,17,1,0.8983502984046936,23.256,121,127,,
0,VO,18,1,0.6614251732826233,34.616,122,128,,
0,VO,19,1,0.835928738117218,26.381,122,127,,
0,VO,20,1,1.1798522472381592,13.21,119,126,,
0,VO,21,1,0.8566890358924866,24.728,121,127,,
0,VO,22,1,0.9321732521057129,18.756,121,127,,
0,VO,23,1,0.6477764844894409,45.413,122,127,,
0,VO,24,1,0.8464637994766235,24.911,122,127,,
0,VO,25,1,0.8963034749031067,23.039,121,127,,
0,VO,26,1,0.9330303072929382,21.349,121,127,,
0,VO,27,1,0.7601010203361511,32.147,121,127,,
0,VO,28,1,0.8677335977554321,24.139,121,127,,
0,VO,29,1,0.8603204488754272,22.87,122,127,,
0,VO,30,1,1.2261269092559814,12.708,121,127,,
0,VO,31,1,1.2292468547821045,11.841,118,126,,
1,G,0,0,2.144247055053711,11.036,125,128,6.024202e-03,
1,G,1,0,2.633798122406006,8.047,126,128,6.333967e-03,
1,G,2,0,2.081359624862671,13.831,125,128,6.559186e-03,
1,G,3,0,2.410747528076172,11.067,125,128,6.758288e-03,
1,G,4,0,2.2059338092803955,11.244,125,128,6.249688e-03,
1,G,5,0,2.2376868724823,10.428,125,128,6.130308e-03,
1,G,6,0,1.682013750076294,9.216,126,128,4.373829e-03,
1,G,7,0,2.184873580932617,11.125,125,128,6.153119e-03,
1,G,8,0,2.350738048553467,10.531,125,128,6.427365e-03,
1,G,9,0,2.2496354579925537,11.629,125,128,6.471100e-03,
1,G,10,0,2.3015620708465576,10.567,126,128,6.327208e-03,
1,G,11,0,2.2900893688201904,10.549,126,128,6.305331e-03,
1,G,12,0,2.3396835327148438,10.082,125,128,6.277436e-03,
1,G,13,0,2.26894474029541,9.816,126,128,6.019246e-03,
1,G,14,0,2.319596290588379,10.527,126,128,6.341518e-03,
1,G,15,0,2.1571435928344727,11.49,125,128,6.170725e-03,
1,G,16,1,2.262556791305542,9.085,124,128,5.777833e-03,
1,G,17,1,2.1503398418426514,10.613,125,128,5.854612e-03,
1,G,18,1,2.396972179412842,8.866,126,128,6.071297e-03,
1,G,19,1,2.200143337249756,9.891,126,128,5.870563e-03,
1,G,20,1,2.44174861907959,8.216,125,128,5.917324e-03,
1,G,21,1,2.535651445388794,7.937,125,128,6.047423e-03,
1,G,22,1,2.528263568878174,8.455,125,128,6.180207e-03,
1,G,23,1,2.6500842571258545,7.614,125,128,6.198850e-03,
1,G,24,1,2.2110755443573,10.661,125,128,6.147872e-03,
1,G,25,1,2.1551637649536133,10.622,125,128,6.002243e-03,
1,G,26,1,2.440737009048462,9.46,126,128,6.367746e-03,
1,G,27,1,2.3542871475219727,10.392,125,128,6.448765e-03,
1,G,28,1,2.3737828731536865,10.204,125,128,6.458104e-03,
1,G,29,1,2.2419841289520264,9.467,124,128,5.806776e-03,
1,G,30,1,2.1740691661834717,9.649,125,128,5.626194e-03,
1,G,31,1,2.3161392211914062,9.408,126,128,6.021379e-03,
1,K,0,0,2.2604610919952393,11.03,119,126,6.288241e-03,
1,K,1,1,1.9997382164001465,13.195,119,127,5.965319e-03,
1,O,0,0,1.3151894807815552,18.327,124,128,6.099751e-03,
1,O,1,0,1.1437366008758545,25.235,125,128,6.224665e-03,
1,O,2,0,1.6871310472488403,11.428,122,127,6.178894e-03,
1,O,3,0,1.1481271982192993,26.168,125,128,6.362990e-03,
1,O,4,0,1.2409987449645996,20.996,124,128,6.160653e-03,
1,O,5,0,1.0735037326812744,28.342,125,128,6.191573e-03,
1,O,6,0,1.066210389137268,25.345,125,128,5.815342e-03,
1,O,7,0,1.0917779207229614,26.446,125,128,6.082708e-03,
1,O,8,0,1.3311412334442139,19.289,124,128,6.333785e-03,
1,O,9,0,1.6343222856521606,12.0,123,128,6.133582e-03,
1,O,10,0,1.139309048652649,24.888,124,128,6.157753e-03,
1,O,11,0,1.2933043241500854,19.477,124,128,6.183671e-03,
1,O,12,0,1.0042661428451538,33.133,125,128,6.262690e-03,
1,O,13,0,1.6096161603927612,11.959,123,128,6.030586e-03,
1,O,14,0,1.1610020399093628,24.871,124,128,6.272862e-03,
1,O,15,0,1.2373374700546265,20.822,123,128,6.116939e-03,
1,O,16,1,1.1209982633590698,22.519,124,128,5.763206e-03,
1,O,17,1,1.8952878713607788,8.047,123,128,5.824822e-03,
1,O,18,1,1.1794248819351196,23.244,124,128,6.160480e-03,
1,O,19,1,1.5854637622833252,12.562,122,127,6.087982e-03,
1,O,20,1,1.0019980669021606,31.156,125,128,6.059313e-03,
1,O,21,1,0.9536654353141785,36.015,125,128,6.200424e-03,
1,O,22,1,1.4828139543533325,15.207,122,127,6.264550e-03,
1,O,23,1,1.0365597009658813,30.487,125,128,6.200597e-03,
1,O,24,1,1.1888089179992676,22.385,125,128,6.093573e-03,
1,O,25,1,1.2853573560714722,18.897,124,128,6.053474e-03,
1,O,26,1,0.9116119742393494,41.277,125,128,6.345210e-03,
1,O,27,1,1.2678637504577637,21.088,123,128,6.307778e-03,
1,O,28,1,1.0662990808486938,30.288,124,128,6.357676e-03,
1,O,29,1,1.1164438724517822,23.763,123,128,5.896182e-03,
1,O,30,1,1.9562945365905762,7.295,123,128,5.724430e-03,
1,O,31,1,0.9223885536193848,37.442,125,128,6.114734e-03,
1,Q,0,0,1.5905128717422485,20.693,124,128,6.118228e-03,
1,Q,1,0,1.6367279291152954,19.959,123,128,6.230964e-03,
1,Q,2,0,1.6172147989273071,18.972,123,127,6.021794e-03,
1,Q,3,0,1.5339568853378296,22.919,123,128,6.206806e-03,
1,Q,4,0,1.5806275606155396,20.182,123,127,6.021342e-03,
1,Q,5,0,1.428967833518982,26.748,123,128,6.372318e-03,
1,Q,6,0,1.515694260597229,21.557,123,127,5.992315e-03,
1,Q,7,0,1.5606046915054321,22.701,123,128,6.265541e-03,
1,Q,8,0,1.876373052597046,15.038,123,128,6.155937e-03,
1,Q,9,0,1.7557746171951294,16.773,124,128,6.074334e-03,
1,Q,10,0,1.5422651767730713,21.644,124,128,6.119636e-03,
1,Q,11,0,1.703097939491272,18.504,123,128,6.199070e-03,
1,Q,12,0,1.5413002967834473,22.549,124,128,6.251262e-03,
1,Q,13,0,1.56385338306427,21.674,123,128,6.169242e-03,
1,Q,14,0,1.6085788011550903,20.748,123,128,6.229217e-03,
1,Q,15,0,2.0559983253479004,12.866,123,128,6.215082e-03,
1,Q,16,1,1.823432207107544,14.057,120,127,5.830819e-03,
1,Q,17,1,1.7051767110824585,17.774,121,127,5.943259e-03,
1,Q,18,1,1.4495134353637695,23.83,121,127,6.019201e-03,
1,Q,19,1,1.5878500938415527,20.425,122,128,6.099420e-03,
1,Q,20,1,1.9767990112304688,13.138,121,127,6.114359e-03,
1,Q,21,1,2.1854233741760254,10.455,122,128,6.076402e-03,
1,Q,22,1,1.4248071908950806,25.287,123,128,6.069018e-03,
1,Q,23,1,1.8126040697097778,14.755,122,128,5.981217e-03,
1,Q,24,1,1.8154374361038208,15.04,123,128,6.049994e-03,
1,Q,25,1,1.6296391487121582,19.476,124,128,6.174280e-03,
1,Q,26,1,1.5261509418487549,22.532,121,128,6.219155e-03,
1,Q,27,1,1.8501174449920654,16.008,120,127,6.349300e-03,
1,Q,28,1,2.0421321392059326,12.875,122,128,6.261991e-03,
1,Q,29,1,2.5453264713287354,7.621,119,126,5.918109e-03,
1,Q,30,1,1.510678768157959,25.132,122,127,6.180678e-03,
1,Q,31,1,1.519518494606018,22.16,120,127,6.163807e-03,
1,QK,0,0,2.0879578590393066,6.213,111,125,,0
1,QK,1,0,2.4611778259277344,4.531,110,125,,0
1,QK,2,0,1.8303369283676147,7.301,112,125,,0
1,QK,3,0,1.9482182264328003,6.989,109,125,,0
1,QK,4,0,2.308563709259033,5.019,112,125,,0
1,QK,5,0,1.488480806350708,10.805,112,124,,0
1,QK,6,0,2.0231080055236816,6.107,112,125,,0
1,QK,7,0,2.2030575275421143,5.685,110,125,,0
1,QK,8,0,2.064166307449341,6.33,109,125,,0
1,QK,9,0,2.379814863204956,4.938,109,125,,0
1,QK,10,0,2.3625106811523438,4.941,112,125,,0
1,QK,11,0,2.214718818664551,5.744,108,125,,0
1,QK,12,0,1.9223140478134155,6.55,113,125,,0
1,QK,13,0,2.407832384109497,4.979,109,125,,0
1,QK,14,0,2.0271055698394775,6.511,110,124,,0
1,QK,15,0,2.3894059658050537,5.041,108,125,,0
1,QK,16,1,1.8023741245269775,6.401,109,122,,0
1,QK,17,1,2.53568959236145,4.289,108,122,,0
1,QK,18,1,2.3107194900512695,4.753,108,122,,0
1,QK,19,1,2.1538145542144775,5.493,109,124,,0
1,QK,20,1,1.6644304990768433,7.816,111,123,,0
1,QK,21,1,2.0297274589538574,5.66,110,123,,0
1,QK,22,1,2.26480770111084,5.268,109,123,,0
1,QK,23,1,1.7903438806533813,6.826,111,124,,0
1,QK,24,1,1.9070603847503662,6.236,111,124,,0
1,QK,25,1,1.784099817276001,7.372,112,124,,0
1,QK,26,1,1.6768544912338257,8.354,110,123,,0
1,QK,27,1,1.8505457639694214,7.173,110,122,,0
1,QK,28,1,1.7477940320968628,7.863,110,124,,0
1,QK,29,1,2.1568446159362793,4.691,109,122,,0
1,QK,30,1,2.3742380142211914,5.58,106,123,,0
1,QK,31,1,1.5863733291625977,9.055,110,122,,0
1,V,0,0,0.8619095087051392,77.988,125,128,6.597466e-03,
1,V,1,1,0.861153781414032,59.567,124,128,5.622382e-03,
1,VO,0,0,0.8670156002044678,19.609,121,127,,
1,VO,1,0,0.6528744101524353,35.54,122,127,,
1,VO,2,0,0.9293138384819031,17.201,119,126,,
1,VO,3,0,0.7023149728775024,32.399,122,128,,
1,VO,4,0,0.7725048065185547,25.318,121,127,,
1,VO,5,0,0.6661747694015503,33.563,123,128,,
1,VO,6,0,0.5736055970191956,41.076,121,127,,
1,VO,7,0,0.7183579802513123,28.243,122,127,,
1,VO,8,0,0.7767935395240784,26.114,121,127,,
1,VO,9,0,1.0403975248336792,13.886,120,127,,
1,VO,10,0,0.7341626882553101,27.822,122,127,,
1,VO,11,0,0.8256261348724365,22.318,121,127,,
1,VO,12,0,0.6388676762580872,37.391,122,128,,
1,VO,13,0,1.0624711513519287,12.922,120,127,,
1,VO,14,0,0.7332670092582703,28.707,122,127,,
1,VO,15,0,0.778239369392395,24.45,120,127,,
1,VO,16,1,0.6750320196151733,22.638,118,127,,
1,VO,17,1,0.8245347142219543,14.247,119,127,,
1,VO,18,1,0.675118088722229,25.479,120,127,,
1,VO,19,1,0.7534707188606262,19.708,118,126,,
1,VO,20,1,0.5550541877746582,36.409,120,127,,
1,VO,21,1,0.5193454027175903,43.115,121,127,,
1,VO,22,1,0.7212151288986206,22.812,118,126,,
1,VO,23,1,0.6236801147460938,30.274,121,127,,
1,VO,24,1,0.645140528678894,26.955,121,127,,
1,VO,25,1,0.6587641835212708,25.634,120,127,,
1,VO,26,1,0.5307222604751587,43.219,121,127,,
1,VO,27,1,0.5978075265884399,33.885,119,126,,
1,VO,28,1,0.5274317860603333,43.771,120,126,,
1,VO,29,1,0.6083083748817444,28.694,118,126,,
1,VO,30,1,0.8952416181564331,11.758,119,127,,
1,VO,31,1,0.5669068098068237,35.533,120,127,,
2,G,0,0,2.29221510887146,11.381,125,128,6.486495e-03,
2,G,1,0,2.335202693939209,9.701,125,128,6.114676e-03,
2,G,2,0,2.2971878051757812,10.378,123,128,6.215316e-03,
2,G,3,0,2.352788209915161,9.291,126,128,6.020359e-03,
2,G,4,0,2.384302854537964,8.286,125,128,5.775723e-03,
2,G,5,0,2.441730260848999,8.427,126,128,5.934951e-03,
2,G,6,0,2.323695659637451,10.418,126,128,6.307991e-03,
2,G,7,0,2.4443771839141846,8.69,125,128,6.045338e-03,
2,G,8,0,2.2706220149993896,10.922,125,128,6.293597e-03,
2,G,9,0,2.0709714889526367,12.005,126,128,5.939247e-03,
2,G,10,0,2.310328245162964,10.844,125,128,6.387820e-03,
2,G,11,0,2.34415340423584,9.393,126,128,6.049064e-03,
2,G,12,0,2.0805063247680664,10.983,126,128,5.697766e-03,
2,G,13,0,2.4316279888153076,9.236,126,128,6.203687e-03,
2,G,14,0,2.5700302124023438,6.61,126,128,5.547801e-03,
2,G,15,0,2.2220897674560547,9.791,126,128,5.753749e-03,
2,G,16,1,2.20878005027771,10.023,125,128,5.859622e-03,
2,G,17,1,2.0266172885894775,8.565,126,128,4.999964e-03,
2,G,18,1,2.3303897380828857,11.258,125,128,6.579871e-03,
2,G,19,1,2.319108247756958,11.586,126,128,6.671174e-03,
2,G,20,1,2.220655679702759,11.769,126,128,6.425360e-03,
2,G,21,1,2.4433491230010986,9.278,126,128,6.247237e-03,
2,G,22,1,2.2130284309387207,11.621,126,128,6.348186e-03,
2,G,23,1,2.010737419128418,13.293,126,128,6.192468e-03,
2,G,24,1,2.4547901153564453,10.343,126,128,6.634171e-03,
2,G,25,1,2.1688995361328125,12.16,126,128,6.362293e-03,
2,G,26,1,2.6395339965820312,6.409,126,128,5.607663e-03,
2,G,27,1,2.421858549118042,10.055,126,128,6.456847e-03,
2,G,28,1,2.507981538772583,6.945,126,128,5.559262e-03,
2,G,29,1,1.9360053539276123,13.768,126,128,6.059921e-03,
2,G,30,1,2.1976752281188965,12.32,126,128,6.508905e-03,
2,G,31,1,2.3549859523773193,10.708,126,128,6.484310e-03,
2,K,0,0,1.779655933380127,17.296,119,127,6.049554e-03,
2,K,1,1,1.7626718282699585,17.859,123,128,6.207930e-03,
2,O,0,0,1.2818280458450317,20.399,123,128,6.272121e-03,
2,O,1,0,1.4254249334335327,15.609,123,127,6.101188e-03,
2,O,2,0,1.7790257930755615,9.104,120,126,5.815296e-03,
2,O,3,0,1.183556079864502,22.612,125,128,6.097356e-03,
2,O,4,0,1.1447303295135498,22.83,124,128,5.925733e-03,
2,O,5,0,1.1735446453094482,23.128,125,128,6.114427e-03,
2,O,6,0,1.2345194816589355,21.391,124,128,6.185850e-03,
2,O,7,0,1.1710166931152344,22.803,125,128,6.058163e-03,
2,O,8,0,1.0773086547851562,27.83,124,128,6.157182e-03,
2,O,9,0,2.276085615158081,5.503,124,128,5.784774e-03,
2,O,10,0,1.4713153839111328,15.177,122,128,6.209873e-03,
2,O,11,0,1.083499789237976,26.793,124,128,6.076085e-03,
2,O,12,0,2.1883113384246826,5.538,124,128,5.579284e-03,
2,O,13,0,1.0466731786727905,29.229,124,128,6.130576e-03,
2,O,14,0,0.8993158936500549,37.006,125,128,5.926926e-03,
2,O,15,0,2.123711585998535,5.941,123,128,5.608241e-03,
2,O,16,1,0.9708799123764038,32.665,124,128,6.011612e-03,
2,O,17,1,0.8481020927429199,43.245,126,128,6.042279e-03,
2,O,18,1,1.180759072303772,23.675,125,128,6.224239e-03,
2,O,19,1,1.0273902416229248,32.54,126,128,6.349291e-03,
2,O,20,1,1.2786589860916138,20.78,126,128,6.314799e-03,
2,O,21,1,0.8092089891433716,51.329,126,128,6.280965e-03,
2,O,22,1,1.0076113939285278,33.643,125,128,6.331756e-03,
2,O,23,1,1.3206849098205566,19.341,126,128,6.292442e-03,
2,O,24,1,0.9728559255599976,37.297,126,128,6.436785e-03,
2,O,25,1,1.052338719367981,30.194,125,128,6.264684e-03,
2,O,26,1,0.8566604852676392,43.659,126,128,6.132385e-03,
2,O,27,1,1.1954052448272705,24.293,125,128,6.383200e-03,
2,O,28,1,0.7745610475540161,52.955,126,128,6.106488e-03,
2,O,29,1,1.3838157653808594,17.266,126,128,6.229533e-03,
2,O,30,1,1.2150431871414185,22.376,126,128,6.226804e-03,
2,O,31,1,0.9614636301994324,37.203,126,128,6.353392e-03,
2,Q,0,0,1.607144832611084,19.884,123,128,6.037441e-03,
2,Q,1,0,0.9535837173461914,60.294,119,127,6.302489e-03,
2,Q,2,0,2.0603768825531006,12.05,122,127,5.989065e-03,
2,Q,3,0,1.6466714143753052,19.916,123,128,6.209886e-03,
2,Q,4,0,1.702441930770874,17.175,123,128,5.923299e-03,
2,Q,5,0,1.2175753116607666,36.352,123,128,6.217836e-03,
2,Q,6,0,1.812463402748108,15.837,122,128,6.064377e-03,
2,Q,7,0,1.5548830032348633,21.911,123,128,6.148122e-03,
2,Q,8,0,1.8797537088394165,14.229,121,127,5.953894e-03,
2,Q,9,0,1.7260668277740479,15.731,121,127,5.633526e-03,
2,Q,10,0,2.007260799407959,13.059,123,128,6.096894e-03,
2,Q,11,0,1.010789394378662,52.053,120,127,6.185132e-03,
2,Q,12,0,1.6286578178405762,19.195,123,128,5.819297e-03,
2,Q,13,0,1.2665836811065674,32.411,123,128,6.104011e-03,
2,Q,14,0,1.5674700736999512,18.235,122,128,5.610476e-03,
2,Q,15,0,1.6727591753005981,18.882,123,128,5.948087e-03,
2,Q,16,1,1.6513735055923462,19.525,123,128,6.120671e-03,
2,Q,17,1,1.2208994626998901,34.584,124,128,6.031108e-03,
2,Q,18,1,1.1011683940887451,45.301,124,128,6.275742e-03,
2,Q,19,1,1.1218130588531494,43.2,124,128,6.253629e-03,
2,Q,20,1,1.0104516744613647,53.976,124,128,6.296908e-03,
2,Q,21,1,1.4249753952026367,26.792,124,128,6.231084e-03,
2,Q,22,1,1.3586434125900269,29.34,124,128,6.215181e-03,
2,Q,23,1,0.9432581663131714,62.718,124,128,6.348968e-03,
2,Q,24,1,1.288692593574524,33.003,124,128,6.257835e-03,
2,Q,25,1,1.1971426010131836,37.813,125,128,6.212346e-03,
2,Q,26,1,1.279347538948059,32.873,125,128,6.193166e-03,
2,Q,27,1,1.2871543169021606,33.853,123,128,6.321441e-03,
2,Q,28,1,1.3288631439208984,30.566,124,128,6.203745e-03,
2,Q,29,1,0.9444046020507812,62.633,124,128,6.351875e-03,
2,Q,30,1,1.119541883468628,43.371,124,128,6.243976e-03,
2,Q,31,1,1.1329371929168701,42.238,124,128,6.242157e-03,
2,QK,0,0,1.6000882387161255,9.845,108,125,,0
2,QK,1,0,1.0411019325256348,23.579,107,122,,0
2,QK,2,0,2.9676272869110107,3.451,110,125,,0
2,QK,3,0,1.269397497177124,13.908,113,125,,0
2,QK,4,0,1.425356388092041,10.23,113,125,,0
2,QK,5,0,1.3196239471435547,14.006,111,124,,0
2,QK,6,0,1.675155758857727,8.505,110,124,,0
2,QK,7,0,1.2985515594482422,13.394,113,125,,0
2,QK,8,0,1.3719191551208496,11.243,111,124,,0
2,QK,9,0,1.9946345090866089,5.651,110,123,,0
2,QK,10,0,1.7708663940429688,7.976,110,125,,0
2,QK,11,0,1.179638385772705,17.985,108,122,,0
2,QK,12,0,2.3093061447143555,5.153,108,124,,0
2,QK,13,0,1.356516718864441,12.749,112,125,,0
2,QK,14,0,1.8526691198349,5.707,112,124,,0
2,QK,15,0,2.4324722290039062,5.081,107,125,,0
2,QK,16,1,1.8632529973983765,7.529,115,126,,0
2,QK,17,1,1.8054592609405518,7.541,118,127,,0
2,QK,18,1,1.4074186086654663,12.74,117,126,,0
2,QK,19,1,1.4775397777557373,11.501,117,127,,0
2,QK,20,1,1.3493890762329102,13.739,118,127,,0
2,QK,21,1,1.5168284177780151,10.87,118,127,,0
2,QK,22,1,1.8546409606933594,7.596,117,127,,0
2,QK,23,1,1.1726869344711304,18.299,116,126,,0
2,QK,24,1,1.7645593881607056,8.509,117,127,,0
2,QK,25,1,1.6250489950180054,9.624,118,127,,0
2,QK,26,1,1.802204966545105,7.763,119,127,,0
2,QK,27,1,1.8145205974578857,8.416,114,126,,0
2,QK,28,1,1.7439701557159424,8.259,118,127,,0
2,QK,29,1,1.2901477813720703,15.247,117,127,,0
2,QK,30,1,1.4955254793167114,11.047,118,127,,0
2,QK,31,1,1.3797643184661865,13.112,117,127,,0
2,V,0,0,0.8340045213699341,71.622,125,128,5.823375e-03,
2,V,1,1,0.8121017217636108,90.309,126,128,6.420897e-03,
2,VO,0,0,0.6835781335830688,27.923,121,127,,
2,VO,1,0,0.8291136026382446,18.136,121,126,,
2,VO,2,0,1.0023139715194702,11.281,118,126,,
2,VO,3,0,0.7777054905891418,20.694,122,127,,
2,VO,4,0,0.70453941822052,23.896,122,127,,
2,VO,5,0,0.7480490207672119,22.415,122,127,,
2,VO,6,0,0.6333106160163879,32.063,122,127,,
2,VO,7,0,0.752593457698822,21.861,122,127,,
2,VO,8,0,0.5733360648155212,38.486,121,127,,
2,VO,9,0,0.8589807152748108,13.33,123,127,,
2,VO,10,0,0.7375230193138123,23.705,121,127,,
2,VO,11,0,0.5719018578529358,37.519,122,127,,
2,VO,12,0,0.9671788215637207,10.005,122,127,,
2,VO,13,0,0.5983603596687317,35.114,122,127,,
2,VO,14,0,0.556043803691864,38.285,122,127,,
2,VO,15,0,0.9234463572502136,11.194,122,127,,
2,VO,16,1,0.6772294640541077,31.875,123,128,,
2,VO,17,1,0.5523714423179626,47.685,126,128,,
2,VO,18,1,0.797281801700592,24.427,125,128,,
2,VO,19,1,0.6586732268333435,37.112,125,128,,
2,VO,20,1,0.8340212106704712,22.879,125,128,,
2,VO,21,1,0.5515066385269165,51.725,125,128,,
2,VO,22,1,0.6936332583427429,33.256,124,128,,
2,VO,23,1,0.8908820152282715,19.891,125,128,,
2,VO,24,1,0.5964370965957642,46.336,125,128,,
2,VO,25,1,0.7158547639846802,30.737,125,128,,
2,VO,26,1,0.5535845160484314,48.269,125,128,,
2,VO,27,1,0.6558068990707397,37.495,124,128,,
2,VO,28,1,0.5161123275756836,55.073,125,128,,
2,VO,29,1,0.9154587388038635,18.259,125,128,,
2,VO,30,1,0.8036723732948303,23.945,125,128,,
2,VO,31,1,0.6900970935821533,33.996,125,128,,
3,G,0,0,2.478248119354248,12.798,125,128,6.604291e-03,
3,G,1,0,2.594846487045288,10.229,124,128,6.189642e-03,
3,G,2,0,2.3079981803894043,10.967,125,128,5.694199e-03,
3,G,3,0,2.5990822315216064,12.557,124,128,6.861203e-03,
3,G,4,0,2.4272189140319824,11.625,126,128,6.164970e-03,
3,G,5,0,2.6585137844085693,10.727,125,128,6.481532e-03,
3,G,6,0,2.5683815479278564,11.589,126,128,6.517113e-03,
3,G,7,0,2.5925452709198,10.692,126,128,6.313926e-03,
3,G,8,0,2.436328887939453,12.166,125,128,6.330168e-03,
3,G,9,0,2.817556858062744,8.701,123,128,6.193840e-03,
3,G,10,0,2.5929906368255615,11.158,125,128,6.452168e-03,
3,G,11,0,2.3991565704345703,12.999,126,128,6.447715e-03,
3,G,12,0,2.4834280014038086,12.1,125,128,6.430754e-03,
3,G,13,0,2.4789209365844727,11.348,126,128,6.224059e-03,
3,G,14,0,2.7005534172058105,9.637,124,128,6.247186e-03,
3,G,15,0,2.6521904468536377,10.328,125,128,6.351236e-03,
3,G,16,1,3.0182793140411377,4.862,125,128,4.940267e-03,
3,G,17,1,2.6034631729125977,9.609,125,128,6.007086e-03,
3,G,18,1,2.3746297359466553,9.32,125,128,5.398646e-03,
3,G,19,1,2.696791172027588,10.36,125,128,6.464280e-03,
3,G,20,1,2.7238636016845703,7.247,126,128,5.449960e-03,
3,G,21,1,2.63901424407959,8.571,125,128,5.751372e-03,
3,G,22,1,2.461219549179077,12.193,125,128,6.396323e-03,
3,G,23,1,2.636913537979126,9.562,125,128,6.072732e-03,
3,G,24,1,2.3475048542022705,7.828,124,128,4.891771e-03,
3,G,25,1,2.6566405296325684,10.019,125,128,6.258851e-03,
3,G,26,1,2.529675245285034,11.195,124,128,6.302358e-03,
3,G,27,1,2.575147867202759,10.293,124,128,6.148362e-03,
3,G,28,1,2.738619804382324,9.302,124,128,6.219245e-03,
3,G,29,1,2.650468349456787,9.926,125,128,6.215724e-03,
3,G,30,1,2.2896478176116943,11.719,125,128,5.836486e-03,
3,G,31,1,2.6827633380889893,8.346,125,128,5.769675e-03,
3,K,0,0,2.4217755794525146,11.637,125,127,6.143239e-03,
3,K,1,1,1.2715362310409546,41.109,124,127,6.114956e-03,
3,O,0,0,1.135359764099121,24.976,124,128,6.147252e-03,
3,O,1,0,1.4492195844650269,14.517,122,127,5.982142e-03,
3,O,2,0,1.330512523651123,17.577,124,128,6.043380e-03,
3,O,3,0,1.2747132778167725,22.316,122,127,6.523892e-03,
3,O,4,0,1.387580156326294,16.261,123,127,6.061987e-03,
3,O,5,0,1.3366038799285889,20.123,123,128,6.495858e-03,
3,O,6,0,1.4313722848892212,16.984,124,128,6.390782e-03,
3,O,7,0,1.1131495237350464,27.251,125,128,6.295500e-03,
3,O,8,0,1.2851229906082153,19.793,124,128,6.194183e-03,
3,O,9,0,1.2670369148254395,18.918,122,128,5.970495e-03,
3,O,10,0,1.1327513456344604,26.943,123,127,6.370088e-03,
3,O,11,0,1.4207663536071777,16.215,123,128,6.198249e-03,
3,O,12,0,1.310498595237732,19.737,123,128,6.307629e-03,
3,O,13,0,1.3727543354034424,17.072,123,128,6.144941e-03,
3,O,14,0,1.1313971281051636,25.214,124,128,6.154848e-03,
3,O,15,0,1.0926456451416016,27.593,124,128,6.218219e-03,
3,O,16,1,0.8808992505073547,35.42,123,128,5.679796e-03,
3,O,17,1,1.117548942565918,25.563,124,128,6.121507e-03,
3,O,18,1,1.473618984222412,13.024,124,128,5.761564e-03,
3,O,19,1,1.023547649383545,31.727,124,128,6.246090e-03,
3,O,20,1,0.9089998006820679,36.879,125,128,5.980458e-03,
3,O,21,1,1.117993712425232,24.292,125,128,5.969733e-03,
3,O,22,1,1.1953829526901245,23.007,125,128,6.211883e-03,
3,O,23,1,1.210248351097107,21.425,125,128,6.069036e-03,
3,O,24,1,1.0879943370819092,23.51,124,127,5.715291e-03,
3,O,25,1,0.9655552506446838,35.718,125,128,6.251796e-03,
3,O,26,1,1.1121094226837158,26.496,125,128,6.201837e-03,
3,O,27,1,1.1807605028152466,23.163,122,127,6.156585e-03,
3,O,28,1,0.9332298636436462,36.53,124,128,6.110774e-03,
3,O,29,1,1.06037175655365,28.764,124,128,6.161244e-03,
3,O,30,1,1.199851155281067,20.795,124,128,5.927702e-03,
3,O,31,1,1.108310580253601,24.714,124,128,5.969222e-03,
3,Q,0,0,1.4125362634658813,34.357,125,128,6.191456e-03,
3,Q,1,0,1.467632532119751,31.61,125,128,6.164120e-03,
3,Q,2,0,1.804321527481079,19.574,125,128,5.962194e-03,
3,Q,3,0,1.787852168083191,21.725,124,128,6.216374e-03,
3,Q,4,0,1.2023032903671265,47.912,125,128,6.219051e-03,
3,Q,5,0,1.9742854833602905,17.006,125,128,6.073868e-03,
3,Q,6,0,1.2832366228103638,42.085,125,128,6.229017e-03,
3,Q,7,0,1.296231746673584,41.274,125,128,6.220945e-03,
3,Q,8,0,1.5280530452728271,29.706,125,128,6.217021e-03,
3,Q,9,0,1.4091241359710693,34.206,125,128,6.167325e-03,
3,Q,10,0,1.217726469039917,46.616,125,128,6.221273e-03,
3,Q,11,0,1.4008272886276245,35.225,125,128,6.214412e-03,
3,Q,12,0,1.9120426177978516,19.062,125,128,6.223825e-03,
3,Q,13,0,1.3541076183319092,37.335,125,128,6.184653e-03,
3,Q,14,0,1.2433810234069824,44.431,125,128,6.200124e-03,
3,Q,15,0,1.1581223011016846,50.761,125,128,6.177542e-03,
3,Q,16,1,1.4273320436477661,28.713,125,128,5.766230e-03,
3,Q,17,1,1.6072359085083008,26.017,125,128,6.122808e-03,
3,Q,18,1,1.9647648334503174,14.992,125,128,5.695505e-03,
3,Q,19,1,1.2693109512329102,42.992,125,128,6.227476e-03,
3,Q,20,1,1.5324827432632446,27.778,125,128,6.038753e-03,
3,Q,21,1,1.7888994216918945,20.302,126,128,6.019138e-03,
3,Q,22,1,2.6733243465423584,9.514,125,128,6.142003e-03,
3,Q,23,1,1.620581030845642,26.805,125,128,6.262888e-03,
3,Q,24,1,1.2366278171539307,45.477,123,127,6.229876e-03,
3,Q,25,1,1.4220869541168213,33.014,124,128,6.108227e-03,
3,Q,26,1,1.5434677600860596,28.714,125,128,6.181430e-03,
3,Q,27,1,1.8720996379852295,17.299,124,128,5.816095e-03,
3,Q,28,1,1.3785213232040405,35.551,125,128,6.143452e-03,
3,Q,29,1,1.3993937969207764,34.625,125,128,6.156528e-03,
3,Q,30,1,2.2159128189086914,13.494,125,128,6.071259e-03,
3,Q,31,1,1.4087728261947632,34.823,125,128,6.218107e-03,
3,QK,0,0,2.2938482761383057,7.118,123,128,,1
3,QK,1,0,2.108553886413574,8.427,123,128,,1
3,QK,2,0,2.2797789573669434,6.842,123,128,,1
3,QK,3,0,3.0306007862091064,4.571,122,127,,1
3,QK,4,0,2.047945022583008,8.97,123,127,,1
3,QK,5,0,3.2241201400756836,4.106,122,128,,1
3,QK,6,0,2.035036325454712,8.863,123,127,,1
3,QK,7,0,2.102081537246704,8.496,123,127,,1
3,QK,8,0,2.3801090717315674,6.898,123,128,,1
3,QK,9,0,2.0329818725585938,8.74,123,127,,1
3,QK,10,0,1.9415403604507446,9.663,124,127,,1
3,QK,11,0,2.203562021255493,7.724,124,128,,1
3,QK,12,0,2.844322443008423,5.113,123,128,,1
3,QK,13,0,2.3806722164154053,6.824,123,127,,1
3,QK,14,0,1.8755704164505005,10.253,123,127,,1
3,QK,15,0,1.8557844161987305,10.272,124,127,,1
3,QK,16,1,0.9100513458251953,35.583,123,127,,1
3,QK,17,1,1.0384634733200073,32.301,123,127,,1
3,QK,18,1,1.2553576231002808,18.774,123,127,,1
3,QK,19,1,0.9523457288742065,39.875,123,127,,1
3,QK,20,1,1.0661298036575317,30.024,123,127,,1
3,QK,21,1,1.2185369729995728,22.349,124,127,,1
3,QK,22,1,1.234343409538269,21.051,124,128,,1
3,QK,23,1,0.928448498249054,42.709,122,127,,1
3,QK,24,1,1.276368498802185,24.116,120,126,,1
3,QK,25,1,1.1713805198669434,25.561,122,127,,1
3,QK,26,1,1.0355833768844604,33.092,123,127,,1
3,QK,27,1,1.361244797706604,16.723,122,127,,1
3,QK,28,1,1.164279818534851,26.061,122,127,,1
3,QK,29,1,1.0375077724456787,32.708,122,127,,1
3,QK,30,1,1.0570571422576904,29.108,124,128,,1
3,QK,31,1,0.8537758588790894,49.66,122,127,,1
3,V,0,0,1.1317005157470703,60.386,123,128,6.549590e-03,
3,V,1,1,0.9327477812767029,66.358,124,128,5.677441e-03,
3,VO,0,0,0.8474417924880981,28.477,118,127,,
3,VO,1,0,1.1822915077209473,13.978,117,125,,
3,VO,2,0,0.9863677024841309,20.468,118,127,,
3,VO,3,0,0.8450597524642944,31.964,116,125,,
3,VO,4,0,1.0442832708358765,18.168,117,126,,
3,VO,5,0,0.9623062014579773,25.093,117,126,,
3,VO,6,0,1.058218240737915,19.527,118,126,,
3,VO,7,0,0.8274167776107788,30.694,120,127,,
3,VO,8,0,0.9508215188980103,22.876,118,126,,
3,VO,9,0,0.9008157849311829,23.681,116,126,,
3,VO,10,0,0.8300290703773499,31.352,119,125,,
3,VO,11,0,1.0602978467941284,18.555,117,126,,
3,VO,12,0,0.8440062403678894,30.039,117,126,,
3,VO,13,0,1.0603911876678467,18.235,117,126,,
3,VO,14,0,0.8997056484222412,25.086,118,127,,
3,VO,15,0,0.8497475385665894,28.631,119,127,,
3,VO,16,1,0.5993553996086121,35.873,119,127,,
3,VO,17,1,0.7173715829849243,28.748,121,127,,
3,VO,18,1,0.9338492155075073,15.042,121,127,,
3,VO,19,1,0.6625071167945862,35.145,121,127,,
3,VO,20,1,0.601192057132721,39.375,121,127,,
3,VO,21,1,0.7247629165649414,26.786,121,127,,
3,VO,22,1,0.6670187711715698,33.855,121,127,,
3,VO,23,1,0.8403490781784058,20.956,121,127,,
3,VO,24,1,0.7416380047798157,24.241,119,126,,
3,VO,25,1,0.6596857309341431,35.643,121,127,,
3,VO,26,1,0.7252206206321716,28.995,121,127,,
3,VO,27,1,0.7519845366477966,26.865,118,125,,
3,VO,28,1,0.641523540019989,35.947,121,127,,
3,VO,29,1,0.688127875328064,31.813,120,127,,
3,VO,30,1,0.7544755935668945,24.565,121,127,,
3,VO,31,1,0.7031821012496948,28.756,120,127,,
4,G,0,0,2.1679575443267822,11.614,125,128,6.750754e-03,
4,G,1,0,2.037574529647827,12.291,126,128,6.543502e-03,
4,G,2,0,2.351900100708008,9.201,126,128,6.527726e-03,
4,G,3,0,2.0026915073394775,12.671,126,128,6.518409e-03,
4,G,4,0,2.070415496826172,11.297,123,128,6.367644e-03,
4,G,5,0,2.041163206100464,13.198,124,127,6.809840e-03,
4,G,6,0,2.236828088760376,10.66,125,128,6.691486e-03,
4,G,7,0,2.302799701690674,10.399,126,128,6.815834e-03,
4,G,8,0,2.2280638217926025,9.85,125,128,6.422707e-03,
4,G,9,0,2.0444271564483643,11.811,126,128,6.451790e-03,
4,G,10,0,2.125188112258911,11.099,126,128,6.505418e-03,
4,G,11,0,2.018505334854126,13.059,126,128,6.690931e-03,
4,G,12,0,2.1714396476745605,11.316,126,128,6.715937e-03,
4,G,13,0,2.1821718215942383,9.491,125,128,6.162795e-03,
4,G,14,0,2.3575260639190674,9.543,125,128,6.664496e-03,
4,G,15,0,2.5117690563201904,7.921,125,128,6.488616e-03,
4,G,16,1,1.9728374481201172,9.314,125,128,5.495450e-03,
4,G,17,1,2.078761100769043,7.7,123,127,5.244211e-03,
4,G,18,1,1.853793978691101,10.846,125,128,5.540175e-03,
4,G,19,1,1.9015026092529297,9.768,126,128,5.439464e-03,
4,G,20,1,1.9501174688339233,7.737,125,128,4.943341e-03,
4,G,21,1,2.100468873977661,9.673,123,128,5.934846e-03,
4,G,22,1,2.25140118598938,8.656,123,127,6.022080e-03,
4,G,23,1,2.4468235969543457,6.482,124,128,5.681144e-03,
4,G,24,1,2.0112109184265137,8.578,124,128,5.355510e-03,
4,G,25,1,2.039808988571167,8.157,124,127,5.294314e-03,
4,G,26,1,2.3413264751434326,8.025,126,128,6.063809e-03,
4,G,27,1,1.7300771474838257,10.32,124,128,5.071851e-03,
4,G,28,1,2.0773203372955322,9.448,124,128,5.822022e-03,
4,G,29,1,1.846267819404602,12.884,124,128,6.033191e-03,
4,G,30,1,2.282367706298828,8.69,123,127,6.157812e-03,
4,G,31,1,2.0228209495544434,11.02,123,128,6.106763e-03,
4,K,0,0,2.0898239612579346,11.181,122,127,6.358683e-03,
4,K,1,1,3.4061601161956787,3.658,115,125,5.889867e-03,
4,O,0,0,1.1933860778808594,24.275,125,128,6.370116e-03,
4,O,1,0,1.9387160539627075,9.253,125,128,6.389033e-03,
4,O,2,0,1.3188153505325317,19.63,125,128,6.330303e-03,
4,O,3,0,1.8348972797393799,10.041,125,128,6.299145e-03,
4,O,4,0,1.075287103652954,27.047,124,128,6.058566e-03,
4,O,5,0,1.2544958591461182,22.444,125,128,6.438801e-03,
4,O,6,0,1.5194811820983887,15.033,124,128,6.382653e-03,
4,O,7,0,1.278507947921753,22.432,125,128,6.560338e-03,
4,O,8,0,1.1897830963134766,23.166,124,128,6.204105e-03,
4,O,9,0,0.990998387336731,35.149,125,128,6.365224e-03,
4,O,10,0,1.4160325527191162,16.795,124,128,6.287091e-03,
4,O,11,0,1.6589875221252441,12.822,125,128,6.435723e-03,
4,O,12,0,1.660337209701538,12.735,125,128,6.419128e-03,
4,O,13,0,1.2073758840560913,22.419,124,128,6.193452e-03,
4,O,14,0,1.2219648361206055,23.718,125,128,6.447305e-03,
4,O,15,0,1.4020172357559204,18.224,125,128,6.484196e-03,
4,O,16,1,1.200070858001709,21.282,124,128,5.997865e-03,
4,O,17,1,0.9360142946243286,32.989,122,128,5.824402e-03,
4,O,18,1,1.5780019760131836,11.951,124,128,5.910085e-03,
4,O,19,1,1.12615168094635,24.062,124,128,5.984786e-03,
4,O,20,1,0.8756421804428101,35.619,124,128,5.661774e-03,
4,O,21,1,1.2909108400344849,17.88,120,127,5.913707e-03,
4,O,22,1,1.0799329280853271,26.296,121,127,5.999642e-03,
4,O,23,1,1.0479695796966553,26.075,123,127,5.797600e-03,
4,O,24,1,1.0220681428909302,26.465,124,128,5.696410e-03,
4,O,25,1,1.197251319885254,19.589,124,128,5.740785e-03,
4,O,26,1,0.9352788329124451,35.492,124,128,6.036568e-03,
4,O,27,1,1.3692518472671509,14.307,121,126,5.610967e-03,
4,O,28,1,1.0393388271331787,28.271,123,128,5.987070e-03,
4,O,29,1,1.1112321615219116,24.392,121,127,5.945823e-03,
4,O,30,1,1.108124017715454,26.463,122,127,6.175729e-03,
4,O,31,1,0.9547399878501892,33.619,121,127,5.997339e-03,
4,Q,0,0,0.9375911355018616,55.293,123,128,6.440213e-03,
4,Q,1,0,1.1592180728912354,34.827,125,128,6.302512e-03,
4,Q,2,0,0.9643303155899048,51.665,124,128,6.425079e-03,
4,Q,3,0,1.3813166618347168,25.392,122,128,6.376978e-03,
4,Q,4,0,1.4830338954925537,18.224,123,128,5.832355e-03,
4,Q,5,0,0.9748209118843079,49.663,123,128,6.369279e-03,
4,Q,6,0,1.27644944190979,28.042,124,128,6.272129e-03,
4,Q,7,0,0.9488016963005066,55.446,123,128,6.564023e-03,
4,Q,8,0,1.7900432348251343,12.539,122,127,5.839893e-03,
4,Q,9,0,1.3563166856765747,27.847,122,128,6.587568e-03,
4,Q,10,0,1.1069371700286865,38.142,124,128,6.316575e-03,
4,Q,11,0,0.9276503920555115,55.731,124,128,6.421089e-03,
4,Q,12,0,0.8501953482627869,66.012,124,128,6.420136e-03,
4,Q,13,0,1.1181001663208008,34.544,124,128,6.060394e-03,
4,Q,14,0,1.3643996715545654,25.59,124,128,6.367857e-03,
4,Q,15,0,0.9359510540962219,53.484,124,128,6.356656e-03,
4,Q,16,1,1.5254484415054321,21.614,120,127,6.501315e-03,
4,Q,17,1,2.91050124168396,4.227,116,125,5.459675e-03,
4,Q,18,1,1.4841567277908325,21.688,116,126,6.303076e-03,
4,Q,19,1,1.393236517906189,23.571,119,127,6.209409e-03,
4,Q,20,1,1.5259358882904053,18.787,116,126,6.012124e-03,
4,Q,21,1,3.7010743618011475,3.487,113,125,6.267139e-03,
4,Q,22,1,3.0561485290527344,3.452,114,126,5.172590e-03,
4,Q,23,1,1.5649797916412354,17.787,119,127,5.996278e-03,
4,Q,24,1,1.5444027185440063,17.417,118,127,5.892452e-03,
4,Q,25,1,1.7019706964492798,14.223,120,127,5.882987e-03,
4,Q,26,1,1.6812870502471924,17.932,118,127,6.513896e-03,
4,Q,27,1,1.3120628595352173,21.296,114,124,5.509138e-03,
4,Q,28,1,1.735852837562561,12.892,114,125,5.691359e-03,
4,Q,29,1,2.562588930130005,6.009,115,126,5.718206e-03,
4,Q,30,1,1.9153778553009033,13.968,116,126,6.544405e-03,
4,Q,31,1,3.4013149738311768,2.703,114,125,5.087506e-03,
4,QK,0,0,1.4302395582199097,9.579,117,125,,0
4,QK,1,0,1.649204134941101,6.877,119,126,,0
4,QK,2,0,1.4291380643844604,9.309,118,126,,0
4,QK,3,0,2.029310941696167,5.143,115,125,,0
4,QK,4,0,2.1396169662475586,4.07,115,125,,0
4,QK,5,0,1.3483389616012573,10.393,116,125,,0
4,QK,6,0,2.270165205001831,4.101,116,126,,0
4,QK,7,0,1.2504067420959473,12.295,117,125,,0
4,QK,8,0,2.0228183269500732,4.301,115,125,,0
4,QK,9,0,1.7487868070602417,6.966,116,125,,0
4,QK,10,0,1.513357162475586,8.131,119,126,,0
4,QK,11,0,1.4016238451004028,9.592,119,126,,0
4,QK,12,0,1.2802716493606567,11.291,118,126,,0
4,QK,13,0,1.6321207284927368,6.653,118,126,,0
4,QK,14,0,1.679647445678711,6.836,118,126,,0
4,QK,15,0,1.3911716938018799,9.584,118,126,,0
4,QK,16,1,3.951691150665283,1.818,99,118,,0
4,QK,17,1,3.7270689010620117,1.533,96,115,,0
4,QK,18,1,3.5412535667419434,2.02,98,116,,0
4,QK,19,1,3.1786551475524902,2.219,101,118,,0
4,QK,20,1,3.8470869064331055,1.785,95,114,,0
4,QK,21,1,2.8349695205688477,2.187,96,119,,0
4,QK,22,1,2.8030545711517334,1.786,97,116,,0
4,QK,23,1,3.9752182960510254,1.691,97,117,,0
4,QK,24,1,3.78336501121521,1.752,97,116,,0
4,QK,25,1,4.6981282234191895,1.462,95,117,,0
4,QK,26,1,4.242065906524658,1.749,97,117,,0
4,QK,27,1,4.085488796234131,1.576,91,113,,0
4,QK,28,1,3.853865385055542,1.683,93,113,,0
4,QK,29,1,3.128366231918335,1.922,95,116,,0
4,QK,30,1,4.159470081329346,1.803,95,115,,0
4,QK,31,1,3.398789644241333,1.467,94,114,,0
4,V,0,0,0.8463997840881348,76.976,125,128,6.730874e-03,
4,V,1,1,0.7336459159851074,69.399,122,127,5.461163e-03,
4,VO,0,0,0.779026985168457,25.016,123,128,,
4,VO,1,0,0.8695562481880188,19.153,123,128,,
4,VO,2,0,0.8720318675041199,19.555,123,128,,
4,VO,3,0,0.9251188635826111,16.45,123,128,,
4,VO,4,0,0.7033684849739075,27.911,122,127,,
4,VO,5,0,0.8154294490814209,23.358,123,128,,
4,VO,6,0,1.0458894968032837,13.985,122,127,,
4,VO,7,0,0.9004403948783875,19.898,123,128,,
4,VO,8,0,0.7414788007736206,26.093,122,127,,
4,VO,9,0,0.6412222981452942,36.612,123,128,,
4,VO,10,0,0.9140030145645142,17.596,122,128,,
4,VO,11,0,1.0885812044143677,12.92,123,127,,
4,VO,12,0,1.1609559059143066,11.353,123,128,,
4,VO,13,0,0.8109489679336548,22.091,122,127,,
4,VO,14,0,0.7713950276374817,26.11,122,128,,
4,VO,15,0,0.9984355568885803,15.713,123,128,,
4,VO,16,1,0.6252737641334534,23.161,119,126,,
4,VO,17,1,0.505280613899231,33.835,118,124,,
4,VO,18,1,0.6279423236846924,21.807,120,126,,
4,VO,19,1,0.5862382650375366,26.21,119,126,,
4,VO,20,1,0.4960172176361084,33.091,119,126,,
4,VO,21,1,0.6556377410888672,21.083,116,124,,
4,VO,22,1,0.5626365542411804,29.446,117,124,,
4,VO,23,1,0.6292082667350769,21.989,118,125,,
4,VO,24,1,0.5460548996925354,27.74,119,125,,
4,VO,25,1,0.6872040629386902,17.948,119,125,,
4,VO,26,1,0.5034152865409851,36.375,120,126,,
4,VO,27,1,0.6773698925971985,17.418,118,124,,
4,VO,28,1,0.568030834197998,28.327,118,125,,
4,VO,29,1,0.6188064217567444,24.085,116,125,,
4,VO,30,1,0.5990665555000305,27.068,118,125,,
4,VO,31,1,0.5160253643989563,34.814,117,124,,
5,G,0,0,2.9124486446380615,5.28,126,128,6.149004e-03,
5,G,1,0,2.3563926219940186,9.2,125,128,6.515553e-03,
5,G,2,0,3.182729721069336,4.595,126,128,6.216193e-03,
5,G,3,0,2.640885353088379,6.235,125,128,6.026290e-03,
5,G,4,0,2.7822437286376953,5.835,126,128,6.162041e-03,
5,G,5,0,2.672842502593994,6.883,125,128,6.416771e-03,
5,G,6,0,2.751143217086792,7.138,126,128,6.704238e-03,
5,G,7,0,2.206325054168701,11.365,125,128,6.819813e-03,
5,G,8,0,1.9059730768203735,10.069,125,128,5.559652e-03,
5,G,9,0,2.810119152069092,7.07,126,128,6.817877e-03,
5,G,10,0,2.4177675247192383,8.024,125,128,6.255994e-03,
5,G,11,0,2.3049941062927246,7.935,125,128,5.933169e-03,
5,G,12,0,2.328911781311035,9.049,124,128,6.371553e-03,
5,G,13,0,2.1970295906066895,11.235,125,128,6.763265e-03,
5,G,14,0,2.688281297683716,6.105,126,128,6.094069e-03,
5,G,15,0,2.210744857788086,10.879,125,128,6.672534e-03,
5,G,16,1,2.4497954845428467,6.954,125,128,5.822801e-03,
5,G,17,1,1.437957763671875,13.943,126,128,4.838475e-03,
5,G,18,1,2.354457378387451,7.73,125,128,5.869912e-03,
5,G,19,1,2.1460609436035156,9.284,125,128,5.827738e-03,
5,G,20,1,2.396026849746704,8.025,125,128,6.113506e-03,
5,G,21,1,2.4076526165008545,7.547,124,127,5.932762e-03,
5,G,22,1,2.4440393447875977,6.583,125,128,5.613507e-03,
5,G,23,1,2.1174495220184326,10.248,125,128,6.155569e-03,
5,G,24,1,2.476945161819458,7.702,125,128,6.206507e-03,
5,G,25,1,2.257925510406494,7.625,125,128,5.599705e-03,
5,G,26,1,2.2576236724853516,8.484,125,128,5.932769e-03,
5,G,27,1,2.3088650703430176,8.235,124,127,5.949621e-03,
5,G,28,1,2.3512814044952393,7.966,124,127,5.962416e-03,
5,G,29,1,2.5162949562072754,7.881,125,128,6.396040e-03,
5,G,30,1,1.8857901096343994,12.245,125,128,5.978259e-03,
5,G,31,1,2.317430019378662,8.339,125,128,6.016567e-03,
5,K,0,0,1.7490071058273315,14.779,121,127,6.085112e-03,
5,K,1,1,1.4173306226730347,25.049,117,126,6.172662e-03,
5,O,0,0,0.9171234965324402,41.036,125,128,6.364909e-03,
5,O,1,0,1.3071783781051636,20.582,124,128,6.424850e-03,
5,O,2,0,0.8841829299926758,44.071,125,128,6.359199e-03,
5,O,3,0,1.1696174144744873,23.605,125,128,6.156500e-03,
5,O,4,0,0.8982448577880859,42.141,125,128,6.317279e-03,
5,O,5,0,0.9417600631713867,38.649,125,128,6.342991e-03,
5,O,6,0,1.1028152704238892,28.877,125,128,6.420415e-03,
5,O,7,0,1.5981098413467407,13.993,125,128,6.476487e-03,
5,O,8,0,0.917004406452179,38.702,125,128,6.180493e-03,
5,O,9,0,1.3852789402008057,18.622,125,128,6.476431e-03,
5,O,10,0,1.0663994550704956,30.576,124,128,6.388382e-03,
5,O,11,0,1.0966298580169678,26.403,124,128,6.104737e-03,
5,O,12,0,0.9029960036277771,40.219,124,128,6.204199e-03,
5,O,13,0,2.0529584884643555,8.345,125,128,6.425141e-03,
5,O,14,0,0.8528754711151123,44.301,125,128,6.150043e-03,
5,O,15,0,1.7124214172363281,11.845,125,128,6.385061e-03,
5,O,16,1,1.0831925868988037,25.562,124,128,5.933182e-03,
5,O,17,1,1.4690648317337036,12.359,124,127,5.595280e-03,
5,O,18,1,1.6721436977386475,9.737,123,128,5.653014e-03,
5,O,19,1,1.9851535558700562,7.827,123,128,6.016808e-03,
5,O,20,1,1.2694981098175049,19.743,123,128,6.111141e-03,
5,O,21,1,1.6809868812561035,10.49,122,128,5.898506e-03,
5,O,22,1,1.052996039390564,26.785,124,128,5.904092e-03,
5,O,23,1,1.1443495750427246,24.059,124,128,6.081060e-03,
5,O,24,1,1.1314971446990967,25.682,124,128,6.212329e-03,
5,O,25,1,1.0363847017288208,27.264,124,128,5.862696e-03,
5,O,26,1,1.4227311611175537,15.328,123,127,6.034562e-03,
5,O,27,1,1.693924069404602,9.965,123,127,5.793141e-03,
5,O,28,1,1.7746604681015015,8.998,122,127,5.767190e-03,
5,O,29,1,1.1525477170944214,24.147,124,128,6.135854e-03,
5,O,30,1,1.678057312965393,10.503,120,127,5.891688e-03,
5,O,31,1,1.4116090536117554,14.927,123,127,5.908646e-03,
5,Q,0,0,1.3892139196395874,26.997,122,128,6.630079e-03,
5,Q,1,0,1.8453598022460938,14.562,121,127,6.461835e-03,
5,Q,2,0,1.1279484033584595,38.634,124,128,6.408649e-03,
5,Q,3,0,1.5018715858459473,22.246,123,128,6.460559e-03,
5,Q,4,0,1.5104868412017822,22.348,123,128,6.534701e-03,
5,Q,5,0,1.301748514175415,29.316,124,128,6.457934e-03,
5,Q,6,0,1.0427448749542236,46.224,124,128,6.552907e-03,
5,Q,7,0,1.390753149986267,25.638,124,128,6.488634e-03,
5,Q,8,0,1.721998929977417,15.972,122,128,6.312753e-03,
5,Q,9,0,0.9329116940498352,57.863,123,128,6.545310e-03,
5,Q,10,0,1.9314215183258057,12.941,122,128,6.327942e-03,
5,Q,11,0,1.6113272905349731,19.394,122,128,6.467858e-03,
5,Q,12,0,2.3895089626312256,7.107,121,127,5.795038e-03,
5,Q,13,0,1.4247853755950928,23.783,124,128,6.375200e-03,
5,Q,14,0,1.6915898323059082,17.639,123,128,6.519129e-03,
5,Q,15,0,2.0640716552734375,10.302,123,128,6.043639e-03,
5,Q,16,1,1.4824942350387573,21.855,123,128,6.209113e-03,
5,Q,17,1,1.5921581983566284,18.301,123,128,6.123387e-03,
5,Q,18,1,1.5803589820861816,16.043,122,127,5.524502e-03,
5,Q,19,1,1.448504090309143,23.503,122,127,6.228212e-03,
5,Q,20,1,1.665610432624817,14.38,120,127,5.527033e-03,
5,Q,21,1,1.5428767204284668,16.189,123,128,5.475152e-03,
5,Q,22,1,0.9277054667472839,49.282,123,128,5.749871e-03,
5,Q,23,1,1.5536712408065796,17.932,121,127,5.884897e-03,
5,Q,24,1,1.2170273065567017,29.742,122,128,5.926970e-03,
5,Q,25,1,1.3073978424072266,23.868,123,128,5.623115e-03,
5,Q,26,1,1.4649200439453125,20.444,123,128,5.891255e-03,
5,Q,27,1,1.5756638050079346,16.251,122,127,5.577828e-03,
5,Q,28,1,1.557457685470581,15.791,123,128,5.442264e-03,
5,Q,29,1,1.4177942276000977,25.014,121,127,6.437609e-03,
5,Q,30,1,2.096268892288208,10.634,120,127,6.141032e-03,
5,Q,31,1,1.6566802263259888,14.978,121,127,5.605691e-03,
5,QK,0,0,1.381485104560852,10.11,114,125,,0
5,QK,1,0,1.2697269916534424,11.395,113,124,,0
5,QK,2,0,1.3083163499832153,10.896,116,125,,0
5,QK,3,0,1.3272829055786133,10.009,115,125,,0
5,QK,4,0,1.503372311592102,8.068,116,125,,0
5,QK,5,0,1.486005187034607,8.038,116,125,,0
5,QK,6,0,1.1344678401947021,14.499,116,125,,0
5,QK,7,0,1.2852641344070435,10.761,117,125,,0
5,QK,8,0,1.259377121925354,10.476,115,125,,0
5,QK,9,0,1.0908499956130981,16.301,115,125,,0
5,QK,10,0,1.635277509689331,6.557,114,125,,0
5,QK,11,0,1.5075236558914185,8.267,114,124,,0
5,QK,12,0,1.4704301357269287,6.138,114,125,,0
5,QK,13,0,1.1295384168624878,13.815,116,125,,0
5,QK,14,0,1.437186360359192,8.797,115,125,,0
5,QK,15,0,1.3820176124572754,7.704,116,125,,0
5,QK,16,1,0.9660730957984924,18.952,109,125,,0
5,QK,17,1,1.1409295797348022,15.655,104,123,,0
5,QK,18,1,1.3089120388031006,10.073,108,124,,0
5,QK,19,1,1.3327360153198242,13.648,104,123,,0
5,QK,20,1,1.0893408060073853,13.837,104,122,,0
5,QK,21,1,1.18569815158844,12.124,109,124,,0
5,QK,22,1,1.1261969804763794,16.585,107,124,,0
5,QK,23,1,0.9289194345474243,20.29,105,123,,0
5,QK,24,1,1.0978779792785645,18.002,104,123,,0
5,QK,25,1,1.1953517198562622,13.395,106,124,,0
5,QK,26,1,1.1081979274749756,15.908,108,124,,0
5,QK,27,1,1.3125972747802734,9.995,109,124,,0
5,QK,28,1,1.2943133115768433,10.188,109,124,,0
5,QK,29,1,0.8702848553657532,26.56,105,124,,0
5,QK,30,1,0.9810948967933655,16.663,108,123,,0
5,QK,31,1,1.1931997537612915,11.988,106,123,,0
5,V,0,0,0.7581635117530823,90.484,126,128,6.565738e-03,
5,V,1,1,0.8655684590339661,53.147,124,128,5.659100e-03,
5,VO,0,0,0.5430048704147339,47.715,124,128,,
5,VO,1,0,0.7730339765548706,24.065,123,128,,
5,VO,2,0,0.510151743888855,53.737,125,128,,
5,VO,3,0,0.6662982106208801,29.689,124,128,,
5,VO,4,0,0.5231384634971619,50.51,124,128,,
5,VO,5,0,0.5501475930213928,46.216,124,128,,
5,VO,6,0,0.7115568518638611,28.283,125,128,,
5,VO,7,0,1.0308817625045776,13.788,124,128,,
5,VO,8,0,0.524420440196991,48.486,124,128,,
5,VO,9,0,0.8441271185874939,20.383,124,128,,
5,VO,10,0,0.6842380166053772,30.524,123,128,,
5,VO,11,0,0.6549528241157532,30.689,123,128,,
5,VO,12,0,0.5460074543952942,45.305,123,128,,
5,VO,13,0,0.9396136403083801,15.332,124,128,,
5,VO,14,0,0.529466450214386,46.866,125,128,,
5,VO,15,0,0.8690648078918457,18.229,124,128,,
5,VO,16,1,0.6442322134971619,24.018,120,127,,
5,VO,17,1,0.7544031739234924,15.623,119,127,,
5,VO,18,1,0.9619545936584473,9.484,119,126,,
5,VO,19,1,0.8375498056411743,13.542,120,127,,
5,VO,20,1,0.7530224919319153,18.497,119,127,,
5,VO,21,1,0.9629155397415161,10.408,118,126,,
5,VO,22,1,0.6655200123786926,22.512,120,127,,
5,VO,23,1,0.6806799173355103,22.184,121,127,,
5,VO,24,1,0.684052050113678,22.993,121,127,,
5,VO,25,1,0.6377365589141846,24.172,119,127,,
5,VO,26,1,0.732399046421051,19.05,119,126,,
5,VO,27,1,0.9982408285140991,9.253,119,126,,
5,VO,28,1,1.007350206375122,8.941,119,126,,
5,VO,29,1,0.6625416278839111,23.486,121,127,,
5,VO,30,1,0.8398709297180176,13.918,116,126,,
5,VO,31,1,0.8232086300849915,14.173,119,126,,
6,G,0,0,2.2154765129089355,7.216,125,128,5.355714e-03,
6,G,1,0,1.9089601039886475,13.536,125,128,6.328110e-03,
6,G,2,0,2.414571523666382,7.685,125,128,6.028906e-03,
6,G,3,0,1.9113768339157104,13.385,126,128,6.307020e-03,
6,G,4,0,1.9774580001831055,13.388,125,128,6.521462e-03,
6,G,5,0,2.5664994716644287,7.404,126,128,6.297368e-03,
6,G,6,0,3.0482177734375,5.018,126,128,6.139802e-03,
6,G,7,0,2.561861753463745,7.253,126,128,6.211942e-03,
6,G,8,0,2.9801340103149414,5.337,126,128,6.189478e-03,
6,G,9,0,1.995111107826233,12.786,125,128,6.432380e-03,
6,G,10,0,2.55916166305542,7.489,125,128,6.302255e-03,
6,G,11,0,1.6624468564987183,11.992,126,128,5.200695e-03,
6,G,12,0,2.3153107166290283,8.821,125,128,6.193742e-03,
6,G,13,0,2.318713903427124,6.662,125,128,5.380620e-03,
6,G,14,0,2.399419069290161,8.825,125,128,6.425078e-03,
6,G,15,0,2.259946823120117,8.519,125,128,5.940096e-03,
6,G,16,1,2.6044862270355225,6.328,126,128,5.897142e-03,
6,G,17,1,2.7227330207824707,7.202,126,128,6.562717e-03,
6,G,18,1,2.7991387844085693,5.8,126,128,6.073806e-03,
6,G,19,1,2.074037551879883,10.41,125,128,6.026866e-03,
6,G,20,1,2.0533382892608643,10.807,126,128,6.089055e-03,
6,G,21,1,2.2825064659118652,9.679,124,128,6.401698e-03,
6,G,22,1,2.0963892936706543,12.428,126,128,6.667387e-03,
6,G,23,1,2.3109166622161865,8.444,125,128,6.051307e-03,
6,G,24,1,2.2954981327056885,8.943,126,128,6.190768e-03,
6,G,25,1,2.651798725128174,5.912,126,128,5.810141e-03,
6,G,26,1,2.5263702869415283,6.623,126,128,5.853029e-03,
6,G,27,1,2.6795358657836914,7.239,126,128,6.494087e-03,
6,G,28,1,2.544011116027832,7.312,125,128,6.195962e-03,
6,G,29,1,2.564033269882202,6.984,126,128,6.101054e-03,
6,G,30,1,2.116471767425537,10.938,126,128,6.297875e-03,
6,G,31,1,2.508030414581299,6.783,126,128,5.870911e-03,
6,K,0,0,1.6443393230438232,16.869,122,127,6.087555e-03,
6,K,1,1,1.8103657960891724,14.459,119,127,6.170435e-03,
6,O,0,0,1.16713547706604,21.896,124,128,5.916768e-03,
6,O,1,0,1.948504090309143,8.453,125,128,6.137637e-03,
6,O,2,0,0.8294760584831238,45.211,124,128,6.042409e-03,
6,O,3,0,2.1190779209136963,6.618,124,128,5.905908e-03,
6,O,4,0,2.169304609298706,6.997,125,128,6.216569e-03,
6,O,5,0,1.1419966220855713,24.768,124,127,6.157307e-03,
6,O,6,0,0.8018927574157715,49.542,124,128,6.114843e-03,
6,O,7,0,0.7470648288726807,58.651,125,128,6.198427e-03,
6,O,8,0,0.8877886533737183,41.767,124,128,6.215998e-03,
6,O,9,0,2.162975549697876,6.499,124,128,5.973745e-03,
6,O,10,0,1.2291231155395508,22.007,124,128,6.246823e-03,
6,O,11,0,1.0653479099273682,24.481,124,127,5.710749e-03,
6,O,12,0,1.1069337129592896,26.043,123,127,6.119991e-03,
6,O,13,0,0.850952684879303,43.422,122,128,6.074966e-03,
6,O,14,0,0.8336395025253296,47.172,125,128,6.203061e-03,
6,O,15,0,0.8826370239257812,40.492,124,127,6.084858e-03,
6,O,16,1,0.8275593519210815,45.653,125,128,6.057811e-03,
6,O,17,1,2.0434000492095947,7.941,125,128,6.238491e-03,
6,O,18,1,0.7523444294929504,58.172,125,128,6.216644e-03,
6,O,19,1,1.1265344619750977,25.12,125,128,6.117012e-03,
6,O,20,1,1.246188759803772,21.544,125,128,6.266650e-03,
6,O,21,1,1.1631370782852173,24.789,124,128,6.273955e-03,
6,O,22,1,1.9019922018051147,9.57,124,128,6.374600e-03,
6,O,23,1,0.9309701919555664,36.514,125,128,6.094658e-03,
6,O,24,1,1.6407232284545898,12.128,125,128,6.190374e-03,
6,O,25,1,0.9112762808799744,38.861,126,128,6.154433e-03,
6,O,26,1,1.3588156700134277,17.021,125,128,6.073563e-03,
6,O,27,1,0.8327182531356812,50.089,126,128,6.384919e-03,
6,O,28,1,1.0309245586395264,30.201,125,128,6.137969e-03,
6,O,29,1,1.3290727138519287,18.566,125,128,6.204210e-03,
6,O,30,1,2.2575254440307617,5.922,125,128,5.951669e-03,
6,O,31,1,1.3125537633895874,17.987,125,128,6.030874e-03,
6,Q,0,0,1.1475999355316162,34.354,124,128,6.089581e-03,
6,Q,1,0,1.0281131267547607,44.764,124,128,6.217894e-03,
6,Q,2,0,1.4064840078353882,25.051,122,128,6.331948e-03,
6,Q,3,0,1.4441330432891846,23.133,122,128,6.247543e-03,
6,Q,4,0,0.9019320011138916,60.637,123,128,6.346512e-03,
6,Q,5,0,1.3841058015823364,23.709,123,128,6.080898e-03,
6,Q,6,0,1.1062439680099487,39.476,125,128,6.278667e-03,
6,Q,7,0,1.0304449796676636,45.029,125,128,6.244880e-03,
6,Q,8,0,1.069870114326477,41.05,125,128,6.201452e-03,
6,Q,9,0,1.5307382345199585,17.968,122,128,5.842481e-03,
6,Q,10,0,1.200006365776062,34.053,124,128,6.308642e-03,
6,Q,11,0,1.249761700630188,29.156,122,128,6.075280e-03,
6,Q,12,0,1.809936761856079,12.803,120,127,5.827773e-03,
6,Q,13,0,1.80924654006958,12.788,120,127,5.822470e-03,
6,Q,14,0,1.0958622694015503,40.369,124,128,6.298781e-03,
6,Q,15,0,1.5202364921569824,18.214,122,128,5.845916e-03,
6,Q,16,1,1.650672197341919,16.624,123,128,6.042345e-03,
6,Q,17,1,1.768354892730713,14.958,122,128,6.136891e-03,
6,Q,18,1,1.4566209316253662,22.211,122,128,6.177896e-03,
6,Q,19,1,1.374457836151123,24.209,122,128,6.085639e-03,
6,Q,20,1,1.710381031036377,14.95,122,128,5.942699e-03,
6,Q,21,1,1.434499740600586,21.412,123,128,5.973421e-03,
6,Q,22,1,1.7045646905899048,15.933,122,128,6.116102e-03,
6,Q,23,1,1.380958080291748,24.228,123,128,6.106186e-03,
6,Q,24,1,1.5735665559768677,18.918,123,128,6.153854e-03,
6,Q,25,1,1.2448065280914307,30.273,123,128,6.171237e-03,
6,Q,26,1,1.604534387588501,18.275,123,128,6.164541e-03,
6,Q,27,1,1.2360202074050903,31.202,123,128,6.222107e-03,
6,Q,28,1,1.3797670602798462,25.303,122,128,6.241707e-03,
6,Q,29,1,1.4970730543136597,20.843,122,128,6.134797e-03,
6,Q,30,1,1.6889728307724,16.471,122,128,6.153026e-03,
6,Q,31,1,1.346962332725525,26.309,123,128,6.195803e-03,
6,QK,0,0,1.250900149345398,10.689,119,126,,0
6,QK,1,0,1.2131162881851196,12.007,118,126,,0
6,QK,2,0,1.5013635158538818,8.589,115,125,,0
6,QK,3,0,1.801938533782959,6.096,114,126,,0
6,QK,4,0,1.1293306350708008,14.319,117,126,,0
6,QK,5,0,1.6689597368240356,6.426,116,126,,0
6,QK,6,0,1.3346872329711914,10.209,118,127,,0
6,QK,7,0,1.2776410579681396,10.935,118,126,,0
6,QK,8,0,1.4209438562393188,8.726,119,127,,0
6,QK,9,0,1.7834819555282593,5.268,115,126,,0
6,QK,10,0,1.3912278413772583,9.664,117,126,,0
6,QK,11,0,1.4632139205932617,8.13,117,127,,0
6,QK,12,0,1.672961950302124,5.798,115,126,,0
6,QK,13,0,1.518005132675171,6.742,114,125,,0
6,QK,14,0,1.1369752883911133,14.012,118,126,,0
6,QK,15,0,1.9165393114089966,4.838,114,125,,0
6,QK,16,1,1.7272942066192627,6.367,111,124,,0
6,QK,17,1,2.420454502105713,3.986,103,123,,0
6,QK,18,1,1.5199148654937744,8.031,111,124,,0
6,QK,19,1,1.3273558616638184,9.687,113,124,,0
6,QK,20,1,1.7798384428024292,6.017,109,124,,0
6,QK,21,1,1.7554606199264526,6.232,111,125,,0
6,QK,22,1,1.8496273756027222,6.066,106,124,,0
6,QK,23,1,1.5406467914581299,8.102,111,124,,0
6,QK,24,1,1.49393892288208,8.201,112,124,,0
6,QK,25,1,1.4650557041168213,8.486,113,124,,0
6,QK,26,1,1.7232074737548828,6.354,112,124,,0
6,QK,27,1,1.4205111265182495,9.687,110,124,,0
6,QK,28,1,1.5315793752670288,8.058,111,124,,0
6,QK,29,1,1.7793638706207275,6.662,107,124,,0
6,QK,30,1,1.7220125198364258,6.39,110,124,,0
6,QK,31,1,1.6006934642791748,7.806,110,124,,0
6,V,0,0,0.7870199084281921,68.058,124,128,5.857643e-03,
6,V,1,1,0.7551577091217041,89.539,125,127,6.389534e-03,
6,VO,0,0,0.591712474822998,28.455,121,127,,
6,VO,1,0,1.0226448774337769,9.952,122,127,,
6,VO,2,0,0.4801764488220215,44.626,122,127,,
6,VO,3,0,0.7093439102172852,17.288,122,127,,
6,VO,4,0,1.1189466714859009,8.52,122,127,,
6,VO,5,0,0.6617212891578674,24.615,121,127,,
6,VO,6,0,0.46374639868736267,49.384,122,127,,
6,VO,7,0,0.4971337616443634,44.281,122,127,,
6,VO,8,0,0.5430572628974915,37.553,122,127,,
6,VO,9,0,0.6578054428100586,20.244,123,128,,
6,VO,10,0,0.49112358689308167,44.802,122,127,,
6,VO,11,0,0.5274320840835571,33.156,121,126,,
6,VO,12,0,0.5057545304298401,41.195,121,126,,
6,VO,13,0,0.5083026885986328,40.585,120,126,,
6,VO,14,0,0.5150235295295715,41.415,122,127,,
6,VO,15,0,0.4970836341381073,42.672,121,127,,
6,VO,16,1,0.5213584303855896,46.529,123,127,,
6,VO,17,1,0.5427289605140686,40.363,123,128,,
6,VO,18,1,0.4784274399280548,57.665,123,127,,
6,VO,19,1,0.6165215969085693,33.531,123,127,,
6,VO,20,1,0.529983639717102,46.417,123,127,,
6,VO,21,1,0.7029057741165161,27.379,121,127,,
6,VO,22,1,0.6009233593940735,35.217,122,127,,
6,VO,23,1,0.5452029705047607,43.022,123,127,,
6,VO,24,1,0.5307086706161499,43.681,123,127,,
6,VO,25,1,0.48653557896614075,54.785,124,127,,
6,VO,26,1,0.5220959186553955,44.694,123,127,,
6,VO,27,1,0.515705406665802,52.857,123,127,,
6,VO,28,1,0.5326911211013794,44.765,123,127,,
6,VO,29,1,0.6126455664634705,34.454,122,127,,
6,VO,30,1,0.5813994407653809,30.514,124,127,,
6,VO,31,1,0.516041100025177,44.851,124,128,,
7,G,0,0,2.3686940670013428,5.222,125,128,5.263031e-03,
7,G,1,0,1.9436551332473755,9.078,125,128,5.716776e-03,
7,G,2,0,2.477052688598633,5.6,125,128,5.659657e-03,
7,G,3,0,2.1318371295928955,7.907,125,128,5.850106e-03,
7,G,4,0,2.150146007537842,6.181,125,128,5.213568e-03,
7,G,5,0,1.3752381801605225,14.276,125,128,5.139178e-03,
7,G,6,0,2.113433837890625,8.123,125,128,5.909699e-03,
7,G,7,0,2.0609543323516846,7.361,126,128,5.470755e-03,
7,G,8,0,2.239320755004883,6.086,125,128,5.400264e-03,
7,G,9,0,1.6513150930404663,15.179,125,128,6.321051e-03,
7,G,10,0,2.6798598766326904,4.609,125,128,5.620931e-03,
7,G,11,0,2.562274217605591,5.246,125,128,5.729110e-03,
7,G,12,0,2.185609817504883,7.666,125,128,5.891036e-03,
7,G,13,0,2.1120195388793945,6.649,125,128,5.297922e-03,
7,G,14,0,2.552551507949829,5.621,125,128,5.896754e-03,
7,G,15,0,1.798570990562439,11.325,126,128,5.932148e-03,
7,G,16,1,2.3759758472442627,9.594,124,128,7.258251e-03,
7,G,17,1,2.1284704208374023,11.318,126,128,7.036215e-03,
7,G,18,1,2.356252908706665,6.956,126,128,6.132849e-03,
7,G,19,1,2.1084539890289307,10.676,125,128,6.761308e-03,
7,G,20,1,2.016711950302124,12.466,125,128,7.044068e-03,
7,G,21,1,2.014949083328247,11.235,125,128,6.668289e-03,
7,G,22,1,1.7404813766479492,15.525,126,128,6.784148e-03,
7,G,23,1,2.4079742431640625,6.936,125,128,6.274990e-03,
7,G,24,1,1.7473665475845337,14.058,126,128,6.464921e-03,
7,G,25,1,1.9451112747192383,12.89,123,128,6.890159e-03,
7,G,26,1,1.8200263977050781,12.114,125,128,6.258837e-03,
7,G,27,1,2.54883074760437,5.179,125,128,5.707674e-03,
7,G,28,1,2.099599599838257,11.198,121,127,6.929186e-03,
7,G,29,1,1.9378234148025513,13.387,125,128,6.989189e-03,
7,G,30,1,2.3498899936676025,7.333,125,128,6.299918e-03,
7,G,31,1,1.401505947113037,14.608,125,128,5.306101e-03,
7,K,0,0,0.8301100730895996,62.51,122,127,6.225570e-03,
7,K,1,1,1.0172243118286133,37.928,125,127,6.031660e-03,
7,O,0,0,0.9840863347053528,30.417,124,128,5.879940e-03,
7,O,1,0,0.9473932385444641,34.549,124,128,6.033025e-03,
7,O,2,0,1.0712292194366455,26.788,124,128,6.006698e-03,
7,O,3,0,1.091111183166504,25.704,124,128,5.993118e-03,
7,O,4,0,1.075472354888916,25.341,123,128,5.865334e-03,
7,O,5,0,0.9413103461265564,30.244,124,128,5.608362e-03,
7,O,6,0,1.3605324029922485,17.274,124,128,6.126144e-03,
7,O,7,0,0.9442048668861389,34.38,125,128,5.997912e-03,
7,O,8,0,0.8662634491920471,41.972,125,128,6.080160e-03,
7,O,9,0,1.0363937616348267,29.318,124,128,6.079576e-03,
7,O,10,0,0.9753640294075012,32.461,124,128,6.020505e-03,
7,O,11,0,1.0865797996520996,25.28,124,128,5.918753e-03,
7,O,12,0,1.3491034507751465,18.432,124,128,6.275098e-03,
7,O,13,0,1.0578638315200806,24.955,124,128,5.725226e-03,
7,O,14,0,1.4211430549621582,16.767,124,128,6.304481e-03,
7,O,15,0,0.8960825800895691,38.303,125,128,6.008292e-03,
7,O,16,1,1.154657006263733,28.857,122,128,6.719862e-03,
7,O,17,1,1.198111891746521,24.72,123,128,6.453639e-03,
7,O,18,1,1.0057644844055176,30.906,124,128,6.057628e-03,
7,O,19,1,1.3326916694641113,19.471,123,128,6.370933e-03,
7,O,20,1,1.1024940013885498,29.111,123,127,6.444509e-03,
7,O,21,1,1.0762979984283447,28.184,123,128,6.190418e-03,
7,O,22,1,1.0575217008590698,31.341,125,128,6.414058e-03,
7,O,23,1,0.9100661873817444,37.98,124,128,6.076254e-03,
7,O,24,1,0.9918384552001953,33.39,124,128,6.209152e-03,
7,O,25,1,1.2453875541687012,21.618,123,128,6.273285e-03,
7,O,26,1,1.1759059429168701,22.775,124,128,6.079701e-03,
7,O,27,1,0.9946514368057251,32.891,124,128,6.180118e-03,
7,O,28,1,1.3658795356750488,19.145,120,127,6.474826e-03,
7,O,29,1,1.1073569059371948,27.5,125,128,6.291280e-03,
7,O,30,1,0.8908872008323669,39.212,124,128,6.043912e-03,
7,O,31,1,1.2369701862335205,18.663,124,127,5.789466e-03,
7,Q,0,0,1.1839908361434937,27.81,126,128,5.999808e-03,
7,Q,1,0,1.2774628400802612,23.535,125,128,6.041873e-03,
7,Q,2,0,0.7821789383888245,61.447,124,127,5.882277e-03,
7,Q,3,0,1.747353196144104,11.268,124,127,5.712622e-03,
7,Q,4,0,1.138702154159546,28.88,125,128,5.856534e-03,
7,Q,5,0,0.8013017773628235,65.433,124,127,6.246273e-03,
7,Q,6,0,1.1778030395507812,26.582,125,128,5.984505e-03,
7,Q,7,0,1.1700774431228638,29.777,125,128,6.226114e-03,
7,Q,8,0,1.1937041282653809,26.722,125,128,5.911468e-03,
7,Q,9,0,1.4847114086151123,15.559,124,128,5.748510e-03,
7,Q,10,0,1.5328561067581177,13.859,125,128,5.423480e-03,
7,Q,11,0,1.4028761386871338,19.313,125,128,6.005287e-03,
7,Q,12,0,1.1442248821258545,31.599,124,128,6.232873e-03,
7,Q,13,0,1.2754372358322144,21.441,125,128,5.590721e-03,
7,Q,14,0,1.2021900415420532,26.081,125,128,5.892763e-03,
7,Q,15,0,1.713215947151184,13.187,124,128,6.080898e-03,
7,Q,16,1,1.3705308437347412,22.084,124,128,6.411675e-03,
7,Q,17,1,1.5862151384353638,15.185,124,128,6.099831e-03,
7,Q,18,1,1.272567629814148,25.746,125,128,6.366006e-03,
7,Q,19,1,1.2095400094985962,27.783,124,128,6.294809e-03,
7,Q,20,1,1.5277963876724243,17.61,125,128,6.350066e-03,
7,Q,21,1,1.5160772800445557,16.946,124,128,6.167075e-03,
7,Q,22,1,1.262107014656067,25.83,125,128,6.373875e-03,
7,Q,23,1,1.2047656774520874,29.819,124,128,6.582481e-03,
7,Q,24,1,1.2465546131134033,26.559,125,128,6.384923e-03,
7,Q,25,1,1.41831636428833,21.123,124,128,6.462586e-03,
7,Q,26,1,1.2522189617156982,26.259,124,128,6.379012e-03,
7,Q,27,1,1.152811884880066,30.523,126,128,6.229394e-03,
7,Q,28,1,1.5012924671173096,18.35,124,128,6.372963e-03,
7,Q,29,1,1.436739444732666,18.743,125,128,6.160399e-03,
7,Q,30,1,1.430303692817688,21.241,125,128,6.570209e-03,
7,Q,31,1,1.0697300434112549,33.105,125,128,5.888719e-03,
7,QK,0,0,0.5817781686782837,38.709,121,126,,1
7,QK,1,0,0.44540297985076904,59.887,121,126,,1
7,QK,2,0,0.5255612134933472,47.856,119,126,,1
7,QK,3,0,0.5721265077590942,31.247,121,126,,1
7,QK,4,0,0.5866677761077881,38.129,119,126,,1
7,QK,5,0,0.586797833442688,43.472,119,125,,1
7,QK,6,0,0.512654185295105,46.801,120,126,,1
7,QK,7,0,0.45302122831344604,65.535,120,126,,1
7,QK,8,0,0.48240864276885986,54.253,120,126,,1
7,QK,9,0,0.47941160202026367,43.335,121,126,,1
7,QK,10,0,0.44267207384109497,53.973,121,126,,1
7,QK,11,0,0.5413811802864075,40.153,121,127,,1
7,QK,12,0,0.5930792093276978,40.185,120,126,,1
7,QK,13,0,0.49737459421157837,46.813,121,126,,1
7,QK,14,0,0.5419250130653381,45.122,120,126,,1
7,QK,15,0,0.5165377259254456,41.976,121,127,,1
7,QK,16,1,0.82839435338974,18.71,121,127,,1
7,QK,17,1,0.8301920294761658,16.139,123,128,,1
7,QK,18,1,0.6904188394546509,26.799,123,127,,1
7,QK,19,1,0.7849510312080383,20.538,121,127,,1
7,QK,20,1,0.7397623658180237,22.281,123,128,,1
7,QK,21,1,0.7159321904182434,22.304,122,128,,1
7,QK,22,1,0.7012486457824707,25.634,122,127,,1
7,QK,23,1,0.5762373208999634,40.946,122,127,,1
7,QK,24,1,0.5568398237228394,40.673,123,127,,1
7,QK,25,1,0.7057023644447327,26.863,122,127,,1
7,QK,26,1,0.6172025203704834,33.829,122,127,,1
7,QK,27,1,0.5489045977592468,39.708,124,127,,1
7,QK,28,1,0.8238213062286377,18.748,122,127,,1
7,QK,29,1,0.7208637595176697,21.67,124,128,,1
7,QK,30,1,0.6870028376579285,28.682,122,127,,1
7,QK,31,1,0.66511470079422,26.062,123,127,,1
7,V,0,0,0.6779769062995911,69.956,125,128,5.491227e-03,
7,V,1,1,0.8102763891220093,69.398,125,128,6.706175e-03,
7,VO,0,0,0.506207287311554,29.639,121,127,,
7,VO,1,0,0.5110840201377869,31.025,121,127,,
7,VO,2,0,0.5829300880432129,23.701,121,127,,
7,VO,3,0,0.4838513731956482,33.549,122,128,,
7,VO,4,0,0.516051173210144,28.406,120,127,,
7,VO,5,0,0.48827993869781494,29.988,121,127,,
7,VO,6,0,0.5961918830871582,22.93,121,127,,
7,VO,7,0,0.5057205557823181,31.156,122,128,,
7,VO,8,0,0.4705113172531128,37.157,122,128,,
7,VO,9,0,0.510719358921051,30.931,121,127,,
7,VO,10,0,0.5194693803787231,29.979,121,127,,
7,VO,11,0,0.4783603250980377,33.701,122,127,,
7,VO,12,0,0.6417276859283447,21.109,121,127,,
7,VO,13,0,0.49838516116142273,29.154,122,128,,
7,VO,14,0,0.6084823608398438,23.455,122,128,,
7,VO,15,0,0.4657635986804962,36.523,122,127,,
7,VO,16,1,0.6949538588523865,28.978,120,127,,
7,VO,17,1,0.6849508881568909,27.711,120,127,,
7,VO,18,1,0.6001598834991455,31.386,121,127,,
7,VO,19,1,0.8098987340927124,19.295,121,127,,
7,VO,20,1,0.6466347575187683,30.777,121,127,,
7,VO,21,1,0.6080600023269653,32.215,120,127,,
7,VO,22,1,0.6750552654266357,28.054,122,127,,
7,VO,23,1,0.5856096148490906,33.35,121,127,,
7,VO,24,1,0.6217674016952515,30.976,121,127,,
7,VO,25,1,0.6618883013725281,27.128,120,127,,
7,VO,26,1,0.6470884680747986,27.336,120,127,,
7,VO,27,1,0.5432621836662292,39.502,122,128,,
7,VO,28,1,0.7944009900093079,20.577,118,127,,
7,VO,29,1,0.653398334980011,28.512,122,128,,
7,VO,30,1,0.5509440898895264,37.421,121,127,,
7,VO,31,1,0.7004363536834717,21.082,121,126,,
8,G,0,0,1.8002530336380005,14.797,126,128,6.403648e-03,
8,G,1,0,1.9944837093353271,11.475,124,128,6.226451e-03,
8,G,2,0,2.2268190383911133,8.892,125,128,6.150312e-03,
8,G,3,0,2.620584011077881,7.039,124,128,6.430106e-03,
8,G,4,0,1.3882410526275635,19.594,124,128,5.708835e-03,
8,G,5,0,2.2542741298675537,9.784,126,128,6.516472e-03,
8,G,6,0,2.2535791397094727,9.58,125,128,6.441652e-03,
8,G,7,0,2.1061391830444336,10.061,125,128,6.183813e-03,
8,G,8,0,2.1809003353118896,9.586,124,128,6.255760e-03,
8,G,9,0,1.9058914184570312,12.678,125,128,6.263458e-03,
8,G,10,0,2.4114441871643066,7.997,125,128,6.333976e-03,
8,G,11,0,1.948002576828003,11.285,126,128,6.063625e-03,
8,G,12,0,2.0967111587524414,11.241,124,128,6.491236e-03,
8,G,13,0,2.2776145935058594,8.581,124,128,6.186611e-03,
8,G,14,0,2.52294921875,7.743,125,128,6.511608e-03,
8,G,15,0,2.562183380126953,8.43,124,128,6.873970e-03,
8,G,16,1,2.278846263885498,8.343,125,128,6.085975e-03,
8,G,17,1,1.928063988685608,12.866,125,128,6.364803e-03,
8,G,18,1,1.4169238805770874,14.369,126,128,4.989290e-03,
8,G,19,1,1.8285149335861206,13.868,125,128,6.258334e-03,
8,G,20,1,1.8800981044769287,12.5,125,128,6.121390e-03,
8,G,21,1,2.258523464202881,7.443,126,128,5.678423e-03,
8,G,22,1,1.9318764209747314,11.175,126,128,5.957600e-03,
8,G,23,1,2.167356014251709,9.043,125,128,5.985216e-03,
8,G,24,1,1.8507165908813477,10.497,126,128,5.546069e-03,
8,G,25,1,2.21916127204895,7.891,125,128,5.724686e-03,
8,G,26,1,2.486846685409546,6.629,125,128,5.910875e-03,
8,G,27,1,2.0971145629882812,10.74,125,128,6.298373e-03,
8,G,28,1,1.7649574279785156,13.626,125,128,6.000360e-03,
8,G,29,1,1.810459017753601,13.013,125,128,6.027333e-03,
8,G,30,1,2.1179800033569336,9.53,125,128,6.050622e-03,
8,G,31,1,1.8604967594146729,11.299,126,128,5.772771e-03,
8,K,0,0,2.1262481212615967,8.666,120,127,5.760743e-03,
8,K,1,1,1.7308423519134521,17.016,117,126,6.476428e-03,
8,O,0,0,1.215547800064087,22.702,124,128,6.274698e-03,
8,O,1,0,1.27595055103302,19.066,124,128,6.036050e-03,
8,O,2,0,1.3528058528900146,17.045,124,128,6.050903e-03,
8,O,3,0,1.0647406578063965,30.927,124,128,6.415008e-03,
8,O,4,0,1.0291465520858765,26.432,124,127,5.732290e-03,
8,O,5,0,1.7293182611465454,11.672,124,128,6.400699e-03,
8,O,6,0,1.1393539905548096,26.626,125,128,6.369332e-03,
8,O,7,0,1.4883346557617188,13.65,124,128,5.957284e-03,
8,O,8,0,1.4908920526504517,14.405,124,128,6.130367e-03,
8,O,9,0,1.3063465356826782,18.536,124,128,6.093237e-03,
8,O,10,0,1.4318279027938843,16.63,124,128,6.325852e-03,
8,O,11,0,1.1341935396194458,23.738,124,128,5.986716e-03,
8,O,12,0,1.3105112314224243,19.668,124,128,6.296553e-03,
8,O,13,0,1.3023205995559692,18.492,124,128,6.067283e-03,
8,O,14,0,0.9865205883979797,35.06,125,128,6.328452e-03,
8,O,15,0,0.9932497143745422,38.659,124,128,6.690642e-03,
8,O,16,1,1.0132614374160767,31.378,123,128,6.149199e-03,
8,O,17,1,1.0958060026168823,27.799,122,128,6.259413e-03,
8,O,18,1,1.0026808977127075,25.302,125,128,5.464199e-03,
8,O,19,1,1.7401756048202515,10.245,124,128,6.034514e-03,
8,O,20,1,1.2111213207244873,21.963,124,128,6.149250e-03,
8,O,21,1,0.88338303565979,40.214,124,128,6.069033e-03,
8,O,22,1,0.9874800443649292,33.621,123,128,6.203224e-03,
8,O,23,1,1.5907729864120483,11.801,123,128,5.920385e-03,
8,O,24,1,1.1219614744186401,22.981,125,128,5.827005e-03,
8,O,25,1,1.4700120687484741,14.213,124,128,6.004043e-03,
8,O,26,1,1.0926949977874756,26.054,125,128,6.042562e-03,
8,O,27,1,1.4392728805541992,17.591,123,128,6.539923e-03,
8,O,28,1,1.096688985824585,26.036,122,128,6.062486e-03,
8,O,29,1,1.0332289934158325,29.385,124,128,6.067945e-03,
8,O,30,1,0.9115365743637085,38.106,124,128,6.096128e-03,
8,O,31,1,1.1652246713638306,22.227,124,128,5.951665e-03,
8,Q,0,0,1.9782373905181885,11.057,121,127,6.102253e-03,
8,Q,1,0,1.5750566720962524,16.88,120,127,5.986801e-03,
8,Q,2,0,1.517496109008789,24.074,118,126,6.907328e-03,
8,Q,3,0,2.7549731731414795,5.345,120,127,5.890750e-03,
8,Q,4,0,1.6600829362869263,17.03,122,128,6.320152e-03,
8,Q,5,0,1.0998010635375977,38.349,121,127,6.334250e-03,
8,Q,6,0,1.1213823556900024,34.149,121,127,6.100710e-03,
8,Q,7,0,1.4447909593582153,20.771,123,128,6.113874e-03,
8,Q,8,0,1.8691513538360596,12.597,120,127,6.164196e-03,
8,Q,9,0,1.3997184038162231,21.474,122,127,6.016182e-03,
8,Q,10,0,1.4801092147827148,19.795,122,127,6.119717e-03,
8,Q,11,0,1.24775230884552,27.942,121,127,6.120606e-03,
8,Q,12,0,2.4471049308776855,5.875,118,127,5.486950e-03,
8,Q,13,0,2.215484619140625,8.873,123,128,6.129779e-03,
8,Q,14,0,1.5224838256835938,21.625,121,127,6.578662e-03,
8,Q,15,0,2.2210965156555176,7.411,117,127,5.618819e-03,
8,Q,16,1,1.221604824066162,31.047,119,127,6.325990e-03,
8,Q,17,1,1.3864737749099731,22.155,122,128,6.009665e-03,
8,Q,18,1,1.3971776962280273,22.553,122,128,6.106964e-03,
8,Q,19,1,1.3344289064407349,24.059,121,127,5.987590e-03,
8,Q,20,1,1.407263994216919,21.695,118,126,6.037608e-03,
8,Q,21,1,1.5286567211151123,19.454,120,127,6.221741e-03,
8,Q,22,1,1.4801779985427856,19.064,123,128,5.960867e-03,
8,Q,23,1,1.287636637687683,27.341,122,128,6.148463e-03,
8,Q,24,1,1.4709548950195312,20.548,121,127,6.152032e-03,
8,Q,25,1,1.1812069416046143,33.586,123,128,6.232566e-03,
8,Q,26,1,1.626218557357788,16.941,121,127,6.175288e-03,
8,Q,27,1,1.5643914937973022,18.013,120,127,6.102564e-03,
8,Q,28,1,1.576468825340271,16.855,121,127,5.960129e-03,
8,Q,29,1,1.3123579025268555,24.546,119,126,5.977192e-03,
8,Q,30,1,1.2523356676101685,29.699,121,127,6.346992e-03,
8,Q,31,1,1.7067457437515259,15.735,119,127,6.238294e-03,
8,QK,0,0,1.6562443971633911,5.031,113,123,,0
8,QK,1,0,2.455409049987793,2.882,110,123,,0
8,QK,2,0,1.7690746784210205,5.861,110,122,,0
8,QK,3,0,1.8625013828277588,3.75,112,123,,0
8,QK,4,0,2.6103813648223877,2.884,111,124,,0
8,QK,5,0,1.6951758861541748,5.517,112,123,,0
8,QK,6,0,1.757722020149231,4.897,112,123,,0
8,QK,7,0,1.8706668615341187,4.311,114,124,,0
8,QK,8,0,1.5936946868896484,5.461,114,123,,0
8,QK,9,0,2.150590658187866,3.466,112,124,,0
8,QK,10,0,1.776968240737915,4.624,114,124,,0
8,QK,11,0,1.735870599746704,5.028,112,123,,0
8,QK,12,0,1.6362431049346924,4.199,111,123,,0
8,QK,13,0,2.0059127807617188,3.677,115,124,,0
8,QK,14,0,1.9035923480987549,4.702,113,123,,0
8,QK,15,0,1.7352161407470703,4.001,110,122,,0
8,QK,16,1,1.1301229000091553,16.586,104,120,,0
8,QK,17,1,1.6169229745864868,7.265,109,125,,0
8,QK,18,1,1.5685933828353882,7.75,108,123,,0
8,QK,19,1,1.5830702781677246,7.912,105,121,,0
8,QK,20,1,1.114080786705017,14.59,106,120,,0
8,QK,21,1,1.2665214538574219,11.419,108,121,,0
8,QK,22,1,1.2185568809509277,12.011,110,125,,0
8,QK,23,1,1.7058765888214111,7.782,103,122,,0
8,QK,24,1,1.2476476430892944,10.832,110,122,,0
8,QK,25,1,1.6488100290298462,8.772,104,123,,0
8,QK,26,1,1.1566659212112427,11.885,110,122,,0
8,QK,27,1,1.2447317838668823,12.098,107,121,,0
8,QK,28,1,1.5681288242340088,7.087,108,122,,0
8,QK,29,1,1.5003106594085693,8.555,106,120,,0
8,QK,30,1,1.1879568099975586,15.275,104,121,,0
8,QK,31,1,1.115921139717102,12.968,109,121,,0
8,V,0,0,0.7923323512077332,70.992,125,128,6.153690e-03,
8,V,1,1,0.7596596479415894,77.047,125,128,6.104847e-03,
8,VO,0,0,0.7096062302589417,23.288,122,128,,
8,VO,1,0,0.756248414516449,19.207,122,127,,
8,VO,2,0,0.6240567564964294,27.75,122,127,,
8,VO,3,0,0.5947012305259705,35.341,121,127,,
8,VO,4,0,0.580164909362793,29.663,122,127,,
8,VO,5,0,1.0712134838104248,10.805,122,128,,
8,VO,6,0,0.7222952246665955,23.703,122,128,,
8,VO,7,0,0.8440222144126892,15.035,121,127,,
8,VO,8,0,0.7347901463508606,20.727,121,127,,
8,VO,9,0,0.7662863731384277,19.079,122,127,,
8,VO,10,0,0.8789209127426147,15.827,121,127,,
8,VO,11,0,0.6982477903366089,22.293,122,128,,
8,VO,12,0,0.6437102556228638,28.435,122,127,,
8,VO,13,0,0.7441268563270569,20.163,122,128,,
8,VO,14,0,0.5490117073059082,40.167,123,128,,
8,VO,15,0,0.61606365442276,35.897,122,128,,
8,VO,16,1,0.5588555335998535,35.93,121,127,,
8,VO,17,1,0.6266903281211853,29.739,120,127,,
8,VO,18,1,0.5605472326278687,28.704,122,127,,
8,VO,19,1,0.7075284123420715,20.221,122,127,,
8,VO,20,1,0.6152878999710083,29.162,122,127,,
8,VO,21,1,0.4736867845058441,48.949,122,127,,
8,VO,22,1,0.5498442649841309,37.874,121,127,,
8,VO,23,1,0.6237552762031555,25.306,122,127,,
8,VO,24,1,0.4801538586616516,42.629,123,128,,
8,VO,25,1,0.646731972694397,24.851,121,127,,
8,VO,26,1,0.53092360496521,38.153,122,127,,
8,VO,27,1,0.6979695558547974,25.54,121,127,,
8,VO,28,1,0.6026678681373596,30.314,120,127,,
8,VO,29,1,0.5333530902862549,37.896,122,127,,
8,VO,30,1,0.5626314282417297,35.312,121,127,,
8,VO,31,1,0.5918712019920349,29.638,121,127,,
9,G,0,0,2.3444976806640625,8.189,125,128,6.345585e-03,
9,G,1,0,2.020078420639038,11.07,126,128,6.352244e-03,
9,G,2,0,2.4154164791107178,7.133,126,128,6.066171e-03,
9,G,3,0,2.4311187267303467,6.977,126,128,6.065156e-03,
9,G,4,0,2.8659634590148926,5.033,126,128,6.019077e-03,
9,G,5,0,2.504922389984131,6.858,126,128,6.178932e-03,
9,G,6,0,2.462524890899658,6.726,126,128,6.004550e-03,
9,G,7,0,2.461599588394165,6.515,125,128,5.925310e-03,
9,G,8,0,1.486954689025879,12.917,126,128,5.092499e-03,
9,G,9,0,2.8166589736938477,5.032,125,128,5.918576e-03,
9,G,10,0,1.9157791137695312,10.602,126,128,5.907255e-03,
9,G,11,0,2.361234188079834,7.855,126,128,6.234017e-03,
9,G,12,0,2.570974588394165,6.069,126,128,5.970949e-03,
9,G,13,0,2.173267126083374,8.845,126,128,6.128964e-03,
9,G,14,0,2.0661771297454834,10.027,126,128,6.164787e-03,
9,G,15,0,2.2928571701049805,7.942,126,128,6.112015e-03,
9,G,16,1,2.058851957321167,8.645,125,128,5.743724e-03,
9,G,17,1,2.2705154418945312,10.239,125,128,6.901413e-03,
9,G,18,1,1.356309175491333,11.719,125,127,4.439397e-03,
9,G,19,1,2.2144556045532227,9.364,125,128,6.419770e-03,
9,G,20,1,2.0965235233306885,9.576,125,128,6.143890e-03,
9,G,21,1,2.170429229736328,9.388,125,128,6.299347e-03,
9,G,22,1,1.902502179145813,12.778,124,127,6.450687e-03,
9,G,23,1,2.87018084526062,6.114,125,128,6.710736e-03,
9,G,24,1,2.009063482284546,10.816,125,128,6.240966e-03,
9,G,25,1,2.681901693344116,5.671,124,127,6.038437e-03,
9,G,26,1,2.071597099304199,8.908,124,127,5.859764e-03,
9,G,27,1,1.9011788368225098,13.365,125,128,6.567738e-03,
9,G,28,1,2.591283082962036,6.565,125,128,6.278916e-03,
9,G,29,1,2.1396052837371826,11.014,125,128,6.686103e-03,
9,G,30,1,2.4455783367156982,7.463,125,128,6.316153e-03,
9,G,31,1,2.098047971725464,9.328,125,127,6.044016e-03,
9,K,0,0,0.997788667678833,46.757,118,126,6.310347e-03,
9,K,1,1,1.670608639717102,14.388,121,127,5.942752e-03,
9,O,0,0,1.2256360054016113,21.318,125,128,6.130856e-03,
9,O,1,0,2.128500461578369,6.936,125,128,6.073162e-03,
9,O,2,0,1.1668604612350464,24.856,124,128,6.302569e-03,
9,O,3,0,0.8846949338912964,42.285,125,128,6.232589e-03,
9,O,4,0,1.0815365314483643,28.96,125,128,6.305546e-03,
9,O,5,0,0.8846426606178284,42.396,125,128,6.240411e-03,
9,O,6,0,1.0319775342941284,31.148,125,128,6.239804e-03,
9,O,7,0,1.4869942665100098,14.258,124,128,6.083158e-03,
9,O,8,0,1.122153639793396,21.52,125,128,5.639755e-03,
9,O,9,0,0.9742677807807922,34.613,125,128,6.209872e-03,
9,O,10,0,0.9424980878829956,38.5,124,128,6.335734e-03,
9,O,11,0,2.3883635997772217,5.269,125,128,5.939359e-03,
9,O,12,0,0.9374977350234985,36.048,124,128,6.098077e-03,
9,O,13,0,0.7840701937675476,53.674,125,128,6.223277e-03,
9,O,14,0,2.2421021461486816,5.843,125,128,5.871638e-03,
9,O,15,0,0.9634379744529724,35.048,125,128,6.179264e-03,
9,O,16,1,1.0486925840377808,25.158,124,128,5.698668e-03,
9,O,17,1,1.165267825126648,28.358,122,127,6.722808e-03,
9,O,18,1,0.753589391708374,43.209,125,128,5.366656e-03,
9,O,19,1,1.352176547050476,17.009,123,128,6.041680e-03,
9,O,20,1,0.9748669862747192,32.852,123,128,6.053506e-03,
9,O,21,1,0.9275022149085999,37.441,123,128,6.148584e-03,
9,O,22,1,1.306432843208313,18.258,124,128,6.047826e-03,
9,O,23,1,1.1229139566421509,28.625,122,127,6.508811e-03,
9,O,24,1,1.0341441631317139,31.462,124,128,6.284345e-03,
9,O,25,1,0.8834306597709656,40.184,125,128,6.067144e-03,
9,O,26,1,1.168602705001831,20.423,124,128,5.721489e-03,
9,O,27,1,1.0207854509353638,32.168,123,128,6.272348e-03,
9,O,28,1,1.0372505187988281,30.505,124,128,6.206574e-03,
9,O,29,1,0.9409196376800537,41.048,123,128,6.531014e-03,
9,O,30,1,0.9345250129699707,36.877,125,128,6.148291e-03,
9,O,31,1,0.9742931723594666,32.681,123,128,6.034210e-03,
9,Q,0,0,1.4924359321594238,18.545,121,127,6.091102e-03,
9,Q,1,0,1.7581459283828735,14.181,123,128,6.215774e-03,
9,Q,2,0,1.7707135677337646,13.725,122,128,6.126120e-03,
9,Q,3,0,1.4660476446151733,19.649,123,128,6.130170e-03,
9,Q,4,0,1.5840040445327759,16.448,124,128,6.041334e-03,
9,Q,5,0,1.5303181409835815,17.303,122,128,6.031610e-03,
9,Q,6,0,1.345145344734192,22.319,123,128,5.976171e-03,
9,Q,7,0,1.554242730140686,17.038,123,128,6.057327e-03,
9,Q,8,0,1.5542467832565308,17.465,122,128,6.121051e-03,
9,Q,9,0,1.4173543453216553,20.586,123,128,6.057747e-03,
9,Q,10,0,1.8441162109375,12.527,120,127,6.142308e-03,
9,Q,11,0,1.3940134048461914,22.006,123,128,6.125106e-03,
9,Q,12,0,1.458493709564209,19.807,122,128,6.099679e-03,
9,Q,13,0,1.9095252752304077,12.79,123,127,6.430435e-03,
9,Q,14,0,1.442278504371643,20.66,122,127,6.138276e-03,
9,Q,15,0,1.623460054397583,17.012,123,128,6.322264e-03,
9,Q,16,1,1.112239956855774,34.303,122,128,6.185221e-03,
9,Q,17,1,1.5668269395828247,18.237,123,128,6.330117e-03,
9,Q,18,1,1.6777976751327515,14.734,121,128,6.073860e-03,
9,Q,19,1,1.2068809270858765,29.057,123,128,6.160223e-03,
9,Q,20,1,1.1913509368896484,31.493,123,128,6.303191e-03,
9,Q,21,1,1.430016279220581,21.049,123,128,6.178432e-03,
9,Q,22,1,1.8159308433532715,12.018,121,127,5.960506e-03,
9,Q,23,1,1.652908444404602,15.255,121,128,6.074728e-03,
9,Q,24,1,1.2944395542144775,25.151,122,128,6.107105e-03,
9,Q,25,1,1.4651395082473755,18.797,123,128,6.022843e-03,
9,Q,26,1,1.3157888650894165,22.828,123,128,5.964510e-03,
9,Q,27,1,1.4003530740737915,21.541,123,128,6.125135e-03,
9,Q,28,1,1.0580554008483887,39.588,124,128,6.315473e-03,
9,Q,29,1,1.3195782899856567,24.742,123,128,6.185178e-03,
9,Q,30,1,1.2781838178634644,25.608,123,128,6.124461e-03,
9,Q,31,1,1.751175880432129,12.594,121,127,5.880047e-03,
9,QK,0,0,0.6540296077728271,38.004,106,123,,0
9,QK,1,0,0.6745416522026062,33.159,110,124,,0
9,QK,2,0,0.7824130654335022,25.635,107,124,,0
9,QK,3,0,0.707233190536499,33.835,108,124,,0
9,QK,4,0,0.781226634979248,27.735,108,125,,0
9,QK,5,0,0.6878059506416321,33.982,108,124,,0
9,QK,6,0,0.6925005912780762,34.261,108,124,,0
9,QK,7,0,0.7371835708618164,29.407,107,124,,0
9,QK,8,0,0.8401297330856323,22.806,108,124,,0
9,QK,9,0,0.7164048552513123,34.279,107,124,,0
9,QK,10,0,0.6953121423721313,31.471,106,122,,0
9,QK,11,0,0.7430874109268188,34.697,104,123,,0
9,QK,12,0,0.7556294202804565,29.862,107,124,,0
9,QK,13,0,0.6910207271575928,28.813,112,125,,0
9,QK,14,0,0.7271671891212463,33.59,107,123,,0
9,QK,15,0,0.7392192482948303,30.368,108,124,,0
9,QK,16,1,1.1983723640441895,9.513,114,125,,0
9,QK,17,1,1.6932605504989624,6.236,110,125,,0
9,QK,18,1,1.8212374448776245,4.941,113,125,,0
9,QK,19,1,1.456260323524475,6.876,114,125,,0
9,QK,20,1,1.5445159673690796,6.959,113,125,,0
9,QK,21,1,1.8434560298919678,5.043,113,125,,0
9,QK,22,1,1.234922170639038,8.068,114,125,,0
9,QK,23,1,2.0466063022613525,4.289,108,125,,0
9,QK,24,1,1.6412957906723022,5.692,115,126,,0
9,QK,25,1,1.2367826700210571,8.689,114,125,,0
9,QK,26,1,1.233190894126892,8.47,114,125,,0
9,QK,27,1,1.7132704257965088,5.593,115,126,,0
9,QK,28,1,1.2500776052474976,9.712,115,125,,0
9,QK,29,1,1.6595617532730103,5.538,114,126,,0
9,QK,30,1,1.5608265399932861,6.094,113,125,,0
9,QK,31,1,1.1326618194580078,9.105,114,125,,0
9,V,0,0,0.7046522498130798,77.8,124,127,5.885388e-03,
9,V,1,1,0.8437423706054688,63.875,125,128,6.363877e-03,
9,VO,0,0,0.5666838884353638,30.213,122,127,,
9,VO,1,0,0.6676462888717651,18.579,123,128,,
9,VO,2,0,0.5720828175544739,31.663,121,127,,
9,VO,3,0,0.47016796469688416,45.757,122,127,,
9,VO,4,0,0.46703776717185974,47.425,123,128,,
9,VO,5,0,0.5103541016578674,39.444,122,127,,
9,VO,6,0,0.5719397664070129,31.152,122,127,,
9,VO,7,0,0.5637576580047607,29.247,123,127,,
9,VO,8,0,0.6255511045455933,21.566,122,127,,
9,VO,9,0,0.5547465085983276,32.843,122,127,,
9,VO,10,0,0.557138979434967,34.827,121,127,,
9,VO,11,0,0.613213837146759,19.879,124,128,,
9,VO,12,0,0.5215017199516296,35.889,122,127,,
9,VO,13,0,0.4301597774028778,55.082,122,127,,
9,VO,14,0,0.6239135265350342,19.529,124,128,,
9,VO,15,0,0.5153507590293884,37.871,122,127,,
9,VO,16,1,0.5644420385360718,30.966,123,127,,
9,VO,17,1,0.6793936491012573,30.632,121,126,,
9,VO,18,1,0.4468017518520355,43.931,123,127,,
9,VO,19,1,0.6369467377662659,27.071,122,127,,
9,VO,20,1,0.560008704662323,35.948,122,127,,
9,VO,21,1,0.6248988509178162,30.126,121,127,,
9,VO,22,1,0.7799903154373169,18.464,122,127,,
9,VO,23,1,0.7412930727005005,24.695,120,126,,
9,VO,24,1,0.5615804195404053,38.194,122,127,,
9,VO,25,1,0.5715875029563904,34.302,123,128,,
9,VO,26,1,0.5935536623001099,27.794,122,127,,
9,VO,27,1,0.6399871110916138,29.835,121,127,,
9,VO,28,1,0.5983290672302246,32.508,122,127,,
9,VO,29,1,0.6451100707054138,31.827,121,127,,
9,VO,30,1,0.571349024772644,35.036,123,128,,
9,VO,31,1,0.5570933818817139,36.279,121,127,,
10,G,0,0,2.625251054763794,6.744,125,128,6.233729e-03,
10,G,1,0,2.575294017791748,6.091,125,128,5.848741e-03,
10,G,2,0,1.5041179656982422,12.167,126,128,4.849087e-03,
10,G,3,0,2.3621397018432617,7.584,124,128,5.930755e-03,
10,G,4,0,2.828547716140747,5.214,126,128,5.897329e-03,
10,G,5,0,2.210333824157715,9.677,126,128,6.309102e-03,
10,G,6,0,2.1664721965789795,9.128,126,128,6.016890e-03,
10,G,7,0,2.655832290649414,6.327,125,128,6.116427e-03,
10,G,8,0,2.9273223876953125,4.527,125,128,5.703712e-03,
10,G,9,0,2.558305025100708,7.119,125,128,6.281956e-03,
10,G,10,0,2.3253426551818848,9.354,122,127,6.524251e-03,
10,G,11,0,2.3764169216156006,6.996,125,128,5.782798e-03,
10,G,12,0,2.7828681468963623,5.514,125,128,6.002115e-03,
10,G,13,0,2.5209250450134277,6.58,125,128,5.950991e-03,
10,G,14,0,2.012399435043335,11.651,119,127,6.314409e-03,
10,G,15,0,2.328646659851074,7.932,125,128,6.042405e-03,
10,G,16,1,2.161226272583008,12.368,125,128,6.968775e-03,
10,G,17,1,2.397974967956543,7.656,125,128,6.076694e-03,
10,G,18,1,2.160043478012085,8.73,126,128,5.792681e-03,
10,G,19,1,2.3188068866729736,9.698,124,128,6.627305e-03,
10,G,20,1,1.6796425580978394,9.531,126,128,4.772721e-03,
10,G,21,1,2.0782089233398438,11.796,123,128,6.533701e-03,
10,G,22,1,2.344407320022583,9.675,125,128,6.695487e-03,
10,G,23,1,2.275505781173706,9.371,125,128,6.325132e-03,
10,G,24,1,3.0640692710876465,4.47,124,128,5.911883e-03,
10,G,25,1,2.6534669399261475,6.277,125,128,6.107456e-03,
10,G,26,1,2.0318071842193604,12.676,121,127,6.605248e-03,
10,G,27,1,2.649916410446167,6.066,124,128,5.924848e-03,
10,G,28,1,2.0690414905548096,11.731,125,128,6.473627e-03,
10,G,29,1,2.0816080570220947,9.649,126,128,5.832843e-03,
10,G,30,1,2.9535908699035645,7.288,125,128,7.306039e-03,
10,G,31,1,2.2149112224578857,8.177,125,128,5.729531e-03,
10,K,0,0,1.3193624019622803,29.255,121,127,6.357088e-03,
10,K,1,1,1.3388054370880127,25.239,120,126,5.892395e-03,
10,O,0,0,0.9306221008300781,37.067,124,128,6.138371e-03,
10,O,1,0,0.9091681838035583,36.582,124,128,5.957433e-03,
10,O,2,0,0.8378336429595947,38.794,125,127,5.653569e-03,
10,O,3,0,1.0296885967254639,28.644,125,128,5.970477e-03,
10,O,4,0,0.7940850257873535,52.139,125,128,6.212006e-03,
10,O,5,0,2.2766528129577637,5.764,125,128,5.921877e-03,
10,O,6,0,0.8801971077919006,42.462,124,128,6.213878e-03,
10,O,7,0,1.6945902109146118,10.953,125,128,6.076068e-03,
10,O,8,0,0.8129047751426697,50.046,124,128,6.230318e-03,
10,O,9,0,0.9234007596969604,38.742,125,128,6.226810e-03,
10,O,10,0,1.1080223321914673,26.96,124,128,6.232913e-03,
10,O,11,0,0.8671049475669861,39.606,124,128,5.912024e-03,
10,O,12,0,0.8901174664497375,39.387,124,128,6.052099e-03,
10,O,13,0,0.8948653936386108,38.079,124,128,5.982524e-03,
10,O,14,0,0.9240961670875549,39.066,123,128,6.257518e-03,
10,O,15,0,0.8606964349746704,42.61,124,128,6.086774e-03,
10,O,16,1,1.3854840993881226,17.745,125,128,6.323054e-03,
10,O,17,1,0.7727411389350891,54.237,125,128,6.165472e-03,
10,O,18,1,1.0796394348144531,26.493,125,128,6.020458e-03,
10,O,19,1,0.8671053647994995,46.661,124,128,6.417027e-03,
10,O,20,1,0.6602047085762024,60.193,125,128,5.549251e-03,
10,O,21,1,1.0760252475738525,27.118,122,128,6.070641e-03,
10,O,22,1,1.1254045963287354,27.79,124,128,6.427401e-03,
10,O,23,1,0.9509475827217102,38.541,125,128,6.395943e-03,
10,O,24,1,0.7795145511627197,51.941,125,128,6.086461e-03,
10,O,25,1,1.006160855293274,34.243,124,128,6.378750e-03,
10,O,26,1,1.2592445611953735,20.701,121,127,6.207056e-03,
10,O,27,1,1.414162039756775,16.016,124,128,6.131400e-03,
10,O,28,1,0.9317665696144104,38.62,123,127,6.273301e-03,
10,O,29,1,2.338819742202759,5.072,123,128,5.706490e-03,
10,O,30,1,1.1127914190292358,34.219,124,128,7.052288e-03,
10,O,31,1,2.3182153701782227,4.98,123,128,5.604471e-03,
10,Q,0,0,1.463783621788025,21.273,123,128,6.161317e-03,
10,Q,1,0,1.3227005004882812,26.688,123,128,6.292712e-03,
10,Q,2,0,1.3119860887527466,25.697,123,128,6.069030e-03,
10,Q,3,0,1.2632873058319092,29.52,123,128,6.260660e-03,
10,Q,4,0,1.3642864227294922,25.246,122,128,6.231695e-03,
10,Q,5,0,1.4718480110168457,21.441,124,128,6.225333e-03,
10,Q,6,0,1.337143898010254,26.078,122,128,6.236661e-03,
10,Q,7,0,1.4584368467330933,22.41,121,128,6.318388e-03,
10,Q,8,0,1.32864511013031,26.846,124,128,6.298576e-03,
10,Q,9,0,1.441489577293396,23.378,123,128,6.412808e-03,
10,Q,10,0,1.477745771408081,21.603,122,128,6.318818e-03,
10,Q,11,0,1.3626530170440674,24.855,123,128,6.216267e-03,
10,Q,12,0,1.4418416023254395,22.852,122,128,6.352823e-03,
10,Q,13,0,1.3312056064605713,27.248,124,128,6.392876e-03,
10,Q,14,0,1.601412296295166,17.209,123,128,6.104880e-03,
10,Q,15,0,1.4280604124069214,22.679,123,128,6.235786e-03,
10,Q,16,1,1.6555719375610352,15.17,123,128,5.911487e-03,
10,Q,17,1,1.7567716836929321,12.992,123,127,5.759507e-03,
10,Q,18,1,1.6038225889205933,16.763,123,128,5.886450e-03,
10,Q,19,1,1.6569432020187378,16.696,123,128,6.204177e-03,
10,Q,20,1,1.5202326774597168,17.898,122,127,5.817472e-03,
10,Q,21,1,1.8878310918807983,12.434,122,127,6.073690e-03,
10,Q,22,1,1.8025860786437988,13.94,123,128,6.156032e-03,
10,Q,23,1,1.4179885387420654,21.546,122,128,5.940378e-03,
10,Q,24,1,1.6759696006774902,17.848,124,128,6.439867e-03,
10,Q,25,1,1.7723759412765503,15.517,122,127,6.383828e-03,
10,Q,26,1,1.519956350326538,20.217,121,127,6.228543e-03,
10,Q,27,1,1.5268504619598389,17.552,121,128,5.698770e-03,
10,Q,28,1,1.8165661096572876,11.872,122,127,5.676780e-03,
10,Q,29,1,1.6540502309799194,15.752,123,128,5.885529e-03,
10,Q,30,1,2.1428723335266113,9.613,122,128,6.082913e-03,
10,Q,31,1,1.4349541664123535,19.821,122,128,5.726503e-03,
10,QK,0,0,0.980673611164093,18.806,115,125,,0
10,QK,1,0,0.8726224899291992,24.038,116,125,,0
10,QK,2,0,0.927946925163269,20.862,115,125,,0
10,QK,3,0,1.0497077703475952,18.958,113,125,,0
10,QK,4,0,1.1901777982711792,15.601,111,125,,0
10,QK,5,0,1.0450201034545898,16.851,115,126,,0
10,QK,6,0,1.0786612033843994,16.698,114,125,,0
10,QK,7,0,1.1869678497314453,15.877,107,124,,0
10,QK,8,0,0.9867494106292725,18.996,118,126,,0
10,QK,9,0,1.0536174774169922,17.787,114,125,,0
10,QK,10,0,1.1455559730529785,16.79,109,124,,0
10,QK,11,0,0.9508322477340698,20.118,115,125,,0
10,QK,12,0,0.9810077548027039,19.649,114,124,,0
10,QK,13,0,0.9719559550285339,20.417,116,126,,0
10,QK,14,0,1.0572186708450317,17.425,112,125,,0
10,QK,15,0,0.9638857841491699,19.634,114,125,,0
10,QK,16,1,1.0067992210388184,16.064,111,124,,0
10,QK,17,1,0.9843067526817322,14.013,114,125,,0
10,QK,18,1,0.9808911681175232,16.998,113,124,,0
10,QK,19,1,1.1417280435562134,12.885,113,124,,0
10,QK,20,1,0.9936303496360779,15.012,114,124,,0
10,QK,21,1,1.1960570812225342,12.155,111,124,,0
10,QK,22,1,1.0402507781982422,13.656,114,125,,0
10,QK,23,1,0.9260464906692505,19.685,110,124,,0
10,QK,24,1,0.9158161282539368,18.202,116,126,,0
10,QK,25,1,1.0250998735427856,15.126,115,125,,0
10,QK,26,1,1.1672102212905884,13.653,108,123,,0
10,QK,27,1,0.9112711548805237,20.062,106,124,,0
10,QK,28,1,1.0962398052215576,12.025,115,125,,0
10,QK,29,1,1.0233418941497803,14.299,112,124,,0
10,QK,30,1,1.1543923616409302,12.22,111,124,,0
10,QK,31,1,1.0413415431976318,15.576,107,124,,0
10,V,0,0,0.7878347039222717,75.315,125,127,6.275078e-03,
10,V,1,1,0.8573980331420898,58.834,124,127,5.980236e-03,
10,VO,0,0,0.5614726543426514,38.017,122,127,,
10,VO,1,0,0.5098745226860046,43.317,122,127,,
10,VO,2,0,0.49370378255844116,41.789,123,126,,
10,VO,3,0,0.5642535090446472,34.704,123,127,,
10,VO,4,0,0.47484543919563293,53.844,123,127,,
10,VO,5,0,0.691047728061676,19.564,124,128,,
10,VO,6,0,0.5099449157714844,47.237,122,127,,
10,VO,7,0,0.5902695655822754,30.589,124,128,,
10,VO,8,0,0.45512130856513977,59.215,122,127,,
10,VO,9,0,0.5593398213386536,39.206,123,127,,
10,VO,10,0,0.5784018039703369,36.006,123,127,,
10,VO,11,0,0.47864264249801636,48.234,122,127,,
10,VO,12,0,0.496814101934433,46.627,122,127,,
10,VO,13,0,0.4926382899284363,46.539,122,127,,
10,VO,14,0,0.5559532642364502,39.98,121,127,,
10,VO,15,0,0.5289559364318848,41.668,123,127,,
10,VO,16,1,0.6498526334762573,26.719,123,128,,
10,VO,17,1,0.48687106370925903,46.71,123,127,,
10,VO,18,1,0.6015889644622803,29.121,122,127,,
10,VO,19,1,0.5083941221237183,46.838,122,127,,
10,VO,20,1,0.43109217286109924,48.85,123,127,,
10,VO,21,1,0.5602248907089233,34.097,120,127,,
10,VO,22,1,0.5723668932914734,36.301,122,127,,
10,VO,23,1,0.5544164180755615,38.4,122,127,,
10,VO,24,1,0.4448963701725006,53.663,122,127,,
10,VO,25,1,0.54833984375,39.124,122,127,,
10,VO,26,1,0.5951659679412842,31.556,119,127,,
10,VO,27,1,0.7089532613754272,20.635,123,127,,
10,VO,28,1,0.5309761166572571,40.567,121,127,,
10,VO,29,1,0.7133966684341431,15.537,122,128,,
10,VO,30,1,0.6815539598464966,32.178,121,127,,
10,VO,31,1,0.7126695513725281,14.721,123,128,,
11,G,0,0,2.281554937362671,11.966,124,128,6.389958e-03,
11,G,1,0,2.2932522296905518,11.501,122,127,6.288860e-03,
11,G,2,0,2.199756145477295,11.914,125,128,6.148886e-03,
11,G,3,0,2.4099085330963135,8.97,125,128,5.837348e-03,
11,G,4,0,2.294628381729126,5.438,125,128,4.322319e-03,
11,G,5,0,2.473453998565674,11.317,119,125,6.731247e-03,
11,G,6,0,2.4474751949310303,12.977,125,128,7.143434e-03,
11,G,7,0,2.399759531021118,10.878,125,128,6.401585e-03,
11,G,8,0,2.119154930114746,14.02,125,128,6.426041e-03,
11,G,9,0,2.2402877807617188,7.627,125,128,5.003978e-03,
11,G,10,0,2.2718048095703125,11.961,125,128,6.351951e-03,
11,G,11,0,2.4589345455169678,7.532,125,128,5.454720e-03,
11,G,12,0,2.2139501571655273,13.028,123,128,6.470449e-03,
11,G,13,0,2.484562397003174,6.507,125,128,5.102787e-03,
11,G,14,0,2.9435322284698486,3.822,124,128,4.629011e-03,
11,G,15,0,2.332439661026001,13.746,124,128,7.007057e-03,
11,G,16,1,2.3836562633514404,8.087,125,128,5.498610e-03,
11,G,17,1,2.2941501140594482,12.841,126,128,6.657849e-03,
11,G,18,1,2.352677583694458,9.572,126,128,5.901478e-03,
11,G,19,1,2.3900134563446045,11.053,125,128,6.438628e-03,
11,G,20,1,2.940192937850952,5.856,125,128,5.759520e-03,
11,G,21,1,2.4040024280548096,9.343,125,128,5.964015e-03,
11,G,22,1,2.361210584640503,12.918,124,128,6.881554e-03,
11,G,23,1,2.2331109046936035,12.785,126,128,6.470853e-03,
11,G,24,1,2.4340991973876953,8.71,124,128,5.814158e-03,
11,G,25,1,2.0634918212890625,13.09,126,128,6.058205e-03,
11,G,26,1,2.4015979766845703,11.32,125,128,6.545859e-03,
11,G,27,1,2.2248618602752686,8.595,126,128,5.288750e-03,
11,G,28,1,2.3940200805664062,13.316,125,128,7.085807e-03,
11,G,29,1,2.7972798347473145,7.844,125,128,6.351395e-03,
11,G,30,1,2.3419594764709473,12.003,126,128,6.577441e-03,
11,G,31,1,2.2334346771240234,10.731,124,128,5.922537e-03,
11,K,0,0,1.3680390119552612,30.546,125,127,6.084166e-03,
11,K,1,1,1.7225284576416016,19.629,124,127,6.173841e-03,
11,O,0,0,0.9728252291679382,36.374,124,128,6.356454e-03,
11,O,1,0,0.8840317726135254,43.091,121,127,6.286993e-03,
11,O,2,0,1.023753046989441,29.121,123,128,5.985211e-03,
11,O,3,0,0.8511626720428467,41.72,124,128,5.956186e-03,
11,O,4,0,0.7895336747169495,41.086,125,128,5.482786e-03,
11,O,5,0,1.1319540739059448,26.247,117,125,6.282826e-03,
11,O,6,0,1.408160924911499,19.706,124,128,6.772251e-03,
11,O,7,0,0.9540765285491943,37.617,124,128,6.339564e-03,
11,O,8,0,1.2019273042678833,22.004,123,128,6.108224e-03,
11,O,9,0,0.7625796794891357,46.588,124,128,5.639032e-03,
11,O,10,0,0.9906775951385498,34.71,124,128,6.323331e-03,
11,O,11,0,0.8382161855697632,43.116,124,128,5.962937e-03,
11,O,12,0,1.0195322036743164,32.043,123,128,6.252469e-03,
11,O,13,0,0.9453513622283936,31.945,124,128,5.788697e-03,
11,O,14,0,0.7505471110343933,46.946,124,128,5.571389e-03,
11,O,15,0,1.2961180210113525,23.08,122,127,6.746027e-03,
11,O,16,1,1.5633584260940552,11.441,124,128,5.728926e-03,
11,O,17,1,1.0658339262008667,32.238,124,128,6.556308e-03,
11,O,18,1,1.1215096712112427,23.897,125,128,5.939637e-03,
11,O,19,1,1.139737844467163,24.219,123,128,6.076642e-03,
11,O,20,1,0.7449710369110107,61.123,125,128,6.309969e-03,
11,O,21,1,1.0991166830062866,24.719,125,128,5.920294e-03,
11,O,22,1,1.0835087299346924,31.061,123,128,6.542199e-03,
11,O,23,1,1.0213240385055542,33.088,124,128,6.364797e-03,
11,O,24,1,0.9111066460609436,38.851,123,128,6.152499e-03,
11,O,25,1,1.4341267347335815,14.804,125,128,5.978103e-03,
11,O,26,1,1.112403392791748,26.908,123,128,6.251567e-03,
11,O,27,1,0.9217389225959778,32.962,124,128,5.733184e-03,
11,O,28,1,0.9925616383552551,34.815,124,128,6.344883e-03,
11,O,29,1,0.866294801235199,42.597,124,128,6.125467e-03,
11,O,30,1,1.574669361114502,12.227,125,128,5.965357e-03,
11,O,31,1,1.1304296255111694,24.298,124,128,6.036832e-03,
11,Q,0,0,1.3619712591171265,31.454,125,128,6.193131e-03,
11,Q,1,0,1.4770442247390747,26.875,125,128,6.226547e-03,
11,Q,2,0,2.184119462966919,12.046,124,128,6.139602e-03,
11,Q,3,0,1.3394775390625,32.35,125,128,6.182054e-03,
11,Q,4,0,1.6920760869979858,16.362,126,128,5.537584e-03,
11,Q,5,0,1.9017935991287231,16.83,124,128,6.343855e-03,
11,Q,6,0,1.5166629552841187,27.32,125,128,6.454368e-03,
11,Q,7,0,1.4483814239501953,28.121,125,128,6.224424e-03,
11,Q,8,0,1.6610618829727173,20.719,125,128,6.144116e-03,
11,Q,9,0,1.471554160118103,25.17,125,128,5.974521e-03,
11,Q,10,0,1.436161994934082,29.07,125,128,6.274679e-03,
11,Q,11,0,1.8430567979812622,18.329,124,128,6.377711e-03,
11,Q,12,0,1.5690114498138428,20.952,125,128,5.845258e-03,
11,Q,13,0,1.007328748703003,55.78,125,128,6.070836e-03,
11,Q,14,0,1.4042075872421265,28.648,125,128,6.085590e-03,
11,Q,15,0,1.3620274066925049,32.697,124,127,6.343102e-03,
11,Q,16,1,1.1740530729293823,39.847,125,128,6.025941e-03,
11,Q,17,1,1.4067373275756836,30.618,125,128,6.332319e-03,
11,Q,18,1,1.6572245359420776,21.182,126,128,6.191194e-03,
11,Q,19,1,1.3772249221801758,29.325,124,128,6.057266e-03,
11,Q,20,1,1.9973472356796265,14.507,125,128,6.155915e-03,
11,Q,21,1,1.7908000946044922,16.135,125,128,5.851542e-03,
11,Q,22,1,1.9084422588348389,16.429,125,128,6.286178e-03,
11,Q,23,1,1.6898884773254395,21.112,125,128,6.304473e-03,
11,Q,24,1,1.4572420120239258,30.304,124,128,6.506162e-03,
11,Q,25,1,1.8173203468322754,16.114,125,128,5.922947e-03,
11,Q,26,1,1.8989965915679932,15.976,124,128,6.155350e-03,
11,Q,27,1,1.6032383441925049,19.658,125,128,5.771177e-03,
11,Q,28,1,1.566283941268921,22.899,125,128,6.100115e-03,
11,Q,29,1,1.6828701496124268,16.519,125,128,5.561535e-03,
11,Q,30,1,1.7523596286773682,17.555,125,128,5.968900e-03,
11,Q,31,1,1.4368504285812378,30.068,124,128,6.388136e-03,
11,QK,0,0,0.9757227301597595,27.106,124,127,,1
11,QK,1,0,1.1100305318832397,21.295,123,127,,1
11,QK,2,0,1.3093396425247192,14.267,123,128,,1
11,QK,3,0,1.1087367534637451,21.187,123,127,,1
11,QK,4,0,1.1044694185256958,16.512,124,127,,1
11,QK,5,0,1.1782587766647339,19.765,122,127,,1
11,QK,6,0,1.0426905155181885,25.392,123,127,,1
11,QK,7,0,1.033517837524414,24.198,124,127,,1
11,QK,8,0,1.0950462818145752,20.713,124,128,,1
11,QK,9,0,0.977685272693634,24.571,124,128,,1
11,QK,10,0,1.1969462633132935,18.539,123,127,,1
11,QK,11,0,1.2676714658737183,16.966,123,127,,1
11,QK,12,0,1.154793620109558,16.876,124,128,,1
11,QK,13,0,0.9978728890419006,25.291,123,127,,1
11,QK,14,0,1.0365992784500122,22.753,124,127,,1
11,QK,15,0,1.141497254371643,20.582,122,127,,1
11,QK,16,1,1.0674066543579102,20.719,123,127,,1
11,QK,17,1,1.4645347595214844,12.805,122,127,,1
11,QK,18,1,1.48202383518219,11.693,123,127,,1
11,QK,19,1,1.1661709547042847,18.469,121,127,,1
11,QK,20,1,1.6943964958190918,9.468,122,127,,1
11,QK,21,1,1.4409557580947876,11.126,123,127,,1
11,QK,22,1,1.578513264656067,10.856,123,127,,1
11,QK,23,1,1.549710750579834,11.587,123,127,,1
11,QK,24,1,1.4989525079727173,13.046,121,127,,1
11,QK,25,1,1.657901644706726,8.879,123,127,,1
11,QK,26,1,1.817775011062622,8.382,122,127,,1
11,QK,27,1,1.4555906057357788,10.815,122,127,,1
11,QK,28,1,1.375099539756775,13.398,123,127,,1
11,QK,29,1,1.3722641468048096,11.307,123,128,,1
11,QK,30,1,1.5231682062149048,10.491,123,128,,1
11,QK,31,1,1.3694379329681396,14.885,121,127,,1
11,V,0,0,0.828682005405426,77.251,124,127,5.927813e-03,
11,V,1,1,0.9355305433273315,68.848,124,128,6.324171e-03,
11,VO,0,0,0.6518252491950989,34.507,121,126,,
11,VO,1,0,0.5667144060134888,44.485,118,126,,
11,VO,2,0,0.6027352809906006,35.493,120,127,,
11,VO,3,0,0.5296708345413208,45.482,121,126,,
11,VO,4,0,0.475646436214447,47.608,121,127,,
11,VO,5,0,0.7266263961791992,26.744,115,125,,
11,VO,6,0,0.8773964047431946,21.364,121,127,,
11,VO,7,0,0.5858670473098755,42.694,120,126,,
11,VO,8,0,0.7521461248397827,23.766,120,126,,
11,VO,9,0,0.4475875198841095,56.008,121,127,,
11,VO,10,0,0.6378875970840454,35.561,121,127,,
11,VO,11,0,0.5720230340957642,38.99,121,127,,
11,VO,12,0,0.6662159562110901,32.08,120,126,,
11,VO,13,0,0.572413980960846,36.751,121,127,,
11,VO,14,0,0.4692675769329071,50.039,121,127,,
11,VO,15,0,0.7662704586982727,27.916,119,126,,
11,VO,16,1,0.7006087899208069,25.661,122,127,,
11,VO,17,1,0.7073957920074463,35.102,121,127,,
11,VO,18,1,0.6929919123649597,29.798,122,127,,
11,VO,19,1,0.7476896047592163,26.664,121,127,,
11,VO,20,1,0.587458610534668,47.681,122,127,,
11,VO,21,1,0.660752534866333,32.701,122,128,,
11,VO,22,1,0.7332526445388794,32.867,120,127,,
11,VO,23,1,0.6705983281135559,36.953,121,127,,
11,VO,24,1,0.6134171485900879,41.443,120,127,,
11,VO,25,1,0.9178446531295776,17.238,122,127,,
11,VO,26,1,0.7592530846595764,28.501,120,127,,
11,VO,27,1,0.5934321880340576,39.238,121,127,,
11,VO,28,1,0.6892820000648499,34.819,121,127,,
11,VO,29,1,0.6449559330940247,37.444,121,127,,
11,VO,30,1,0.7364304661750793,25.966,122,127,,
11,VO,31,1,0.6704359650611877,32.792,121,127,,
12,G,0,0,1.9920316934585571,12.616,123,128,6.284632e-03,
12,G,1,0,2.4645791053771973,8.683,125,128,6.477594e-03,
12,G,2,0,2.2021069526672363,11.478,123,128,6.641896e-03,
12,G,3,0,2.32139253616333,9.245,125,128,6.308255e-03,
12,G,4,0,2.6926093101501465,6.833,125,128,6.284935e-03,
12,G,5,0,2.4367096424102783,8.366,125,128,6.294074e-03,
12,G,6,0,2.3245928287506104,9.38,124,128,6.340941e-03,
12,G,7,0,2.0604207515716553,10.847,123,128,6.027910e-03,
12,G,8,0,2.419334888458252,8.408,123,128,6.256478e-03,
12,G,9,0,2.4341983795166016,9.282,124,128,6.616265e-03,
12,G,10,0,2.048013687133789,11.348,122,128,6.135536e-03,
12,G,11,0,1.409147024154663,12.117,124,128,4.402360e-03,
12,G,12,0,2.10556960105896,10.197,124,128,5.980609e-03,
12,G,13,0,2.6789252758026123,6.354,125,128,6.028097e-03,
12,G,14,0,2.1576740741729736,10.257,122,128,6.142730e-03,
12,G,15,0,2.83957576751709,5.927,123,128,6.162371e-03,
12,G,16,1,2.7461702823638916,6.939,125,128,6.493289e-03,
12,G,17,1,2.586322069168091,6.448,126,128,5.893778e-03,
12,G,18,1,3.0226333141326904,4.344,126,128,5.669791e-03,
12,G,19,1,2.988584041595459,4.285,122,128,5.547320e-03,
12,G,20,1,2.607588529586792,6.188,126,128,5.828343e-03,
12,G,21,1,3.125648260116577,3.932,125,128,5.544637e-03,
12,G,22,1,2.9015398025512695,4.892,126,128,5.764421e-03,
12,G,23,1,2.2820560932159424,10.141,125,128,6.490794e-03,
12,G,24,1,2.824427843093872,5.451,126,128,5.928228e-03,
12,G,25,1,2.828268527984619,8.097,125,128,7.235581e-03,
12,G,26,1,3.0413289070129395,6.757,126,128,7.092309e-03,
12,G,27,1,3.003812074661255,5.026,126,128,6.055132e-03,
12,G,28,1,2.69138765335083,6.455,126,128,6.149839e-03,
12,G,29,1,2.8653299808502197,5.98,125,128,6.295739e-03,
12,G,30,1,2.176121711730957,5.905,126,128,4.753994e-03,
12,G,31,1,2.7931759357452393,6.182,126,128,6.244227e-03,
12,K,0,0,1.7485978603363037,15.58,121,127,6.089623e-03,
12,K,1,1,1.4929612874984741,22.187,120,126,6.168355e-03,
12,O,0,0,1.2725828886032104,20.059,122,127,6.174753e-03,
12,O,1,0,0.9872414469718933,33.239,124,128,6.166400e-03,
12,O,2,0,0.9834157228469849,37.873,122,127,6.556715e-03,
12,O,3,0,0.885472297668457,38.384,124,128,5.943398e-03,
12,O,4,0,0.881820797920227,35.793,124,128,5.715641e-03,
12,O,5,0,1.036305546760559,27.673,123,128,5.906054e-03,
12,O,6,0,0.979761004447937,31.012,123,128,5.911151e-03,
12,O,7,0,1.2930560111999512,15.81,123,128,5.570134e-03,
12,O,8,0,0.9063565731048584,32.259,123,128,5.577091e-03,
12,O,9,0,1.0645442008972168,25.679,122,128,5.844411e-03,
12,O,10,0,0.9090040326118469,34.894,122,127,5.817384e-03,
12,O,11,0,0.7932040095329285,36.166,123,127,5.167941e-03,
12,O,12,0,1.4371572732925415,12.057,123,128,5.406418e-03,
12,O,13,0,0.9560409188270569,31.343,124,128,5.798666e-03,
12,O,14,0,0.8948684334754944,36.519,123,128,5.858681e-03,
12,O,15,0,0.8749468922615051,39.968,124,128,5.992661e-03,
12,O,16,1,1.5889267921447754,14.908,125,128,6.646562e-03,
12,O,17,1,0.7875303626060486,59.304,125,128,6.570457e-03,
12,O,18,1,0.8902004957199097,42.994,125,128,6.323747e-03,
12,O,19,1,0.6752648949623108,61.456,124,128,5.735081e-03,
12,O,20,1,1.7471727132797241,11.097,125,128,6.305516e-03,
12,O,21,1,0.7075406908988953,67.654,125,128,6.304959e-03,
12,O,22,1,0.7226760387420654,67.31,125,128,6.423445e-03,
12,O,23,1,3.0063138008117676,3.221,122,127,5.845221e-03,
12,O,24,1,0.7124450206756592,68.427,125,128,6.384829e-03,
12,O,25,1,2.4542622566223145,6.599,123,128,6.830329e-03,
12,O,26,1,1.195780634880066,28.466,125,128,6.911954e-03,
12,O,27,1,0.8983807563781738,45.377,125,128,6.556359e-03,
12,O,28,1,0.7227362990379333,67.055,125,128,6.411804e-03,
12,O,29,1,0.9562435746192932,38.416,124,128,6.421063e-03,
12,O,30,1,0.9382136464118958,35.255,125,128,6.035234e-03,
12,O,31,1,0.83319091796875,53.031,126,128,6.573480e-03,
12,Q,0,0,1.5833536386489868,19.703,121,127,6.227067e-03,
12,Q,1,0,1.5302354097366333,20.083,121,127,6.121987e-03,
12,Q,2,0,1.8893834352493286,13.301,121,128,6.146711e-03,
12,Q,3,0,1.2284181118011475,32.123,123,128,6.220826e-03,
12,Q,4,0,1.3499144315719604,26.811,121,127,6.254397e-03,
12,Q,5,0,1.2515242099761963,29.519,123,128,6.081780e-03,
12,Q,6,0,1.6482540369033813,17.088,121,127,6.040276e-03,
12,Q,7,0,1.4514504671096802,19.163,120,127,5.650839e-03,
12,Q,8,0,1.8910136222839355,10.904,121,127,5.555196e-03,
12,Q,9,0,1.6832722425460815,16.995,120,128,6.187271e-03,
12,Q,10,0,1.8629333972930908,11.554,121,127,5.626580e-03,
12,Q,11,0,1.5251775979995728,19.83,120,127,6.023936e-03,
12,Q,12,0,1.2653439044952393,26.233,121,127,5.767449e-03,
12,Q,13,0,1.3563792705535889,27.405,122,128,6.341064e-03,
12,Q,14,0,1.874192714691162,14.204,121,128,6.258095e-03,
12,Q,15,0,1.3812129497528076,26.627,122,128,6.345175e-03,
12,Q,16,1,1.6395418643951416,17.571,123,128,6.132403e-03,
12,Q,17,1,1.7262877225875854,15.748,124,128,6.102955e-03,
12,Q,18,1,1.9280318021774292,13.152,123,128,6.265770e-03,
12,Q,19,1,2.0601298809051514,11.369,124,128,6.194596e-03,
12,Q,20,1,1.77647864818573,15.741,124,128,6.308013e-03,
12,Q,21,1,1.6192036867141724,18.802,124,128,6.261147e-03,
12,Q,22,1,1.952364206314087,13.04,124,128,6.298452e-03,
12,Q,23,1,1.952915906906128,11.827,122,128,5.967931e-03,
12,Q,24,1,1.8440921306610107,14.083,123,128,6.199252e-03,
12,Q,25,1,1.8265712261199951,15.295,117,127,6.403989e-03,
12,Q,26,1,1.7155885696411133,16.794,121,127,6.277935e-03,
12,Q,27,1,1.8703100681304932,13.947,124,128,6.256680e-03,
12,Q,28,1,1.6594618558883667,17.523,123,128,6.228552e-03,
12,Q,29,1,1.7508206367492676,14.812,122,128,6.031024e-03,
12,Q,30,1,1.781952977180481,13.907,123,128,5.926048e-03,
12,Q,31,1,1.8011006116867065,15.341,124,128,6.312080e-03,
12,QK,0,0,1.6919021606445312,7.55,110,125,,0
12,QK,1,0,1.9076787233352661,5.308,115,126,,0
12,QK,2,0,1.660695195198059,6.768,112,125,,0
12,QK,3,0,1.571122407913208,7.901,114,124,,0
12,QK,4,0,1.5400148630142212,8.363,112,124,,0
12,QK,5,0,1.4200245141983032,8.856,114,125,,0
12,QK,6,0,2.1604490280151367,4.574,110,124,,0
12,QK,7,0,1.4650324583053589,7.749,110,123,,0
12,QK,8,0,1.3612217903137207,7.876,113,125,,0
12,QK,9,0,1.6906572580337524,7.414,109,123,,0
12,QK,10,0,1.2342350482940674,9.773,114,125,,0
12,QK,11,0,2.265773296356201,4.356,108,123,,0
12,QK,12,0,1.3764874935150146,8.982,111,124,,0
12,QK,13,0,1.7784419059753418,6.517,113,124,,0
12,QK,14,0,1.6635106801986694,7.478,111,124,,0
12,QK,15,0,1.8806121349334717,6.113,113,125,,0
12,QK,16,1,1.1656296253204346,14.509,112,125,,0
12,QK,17,1,1.0249011516571045,17.633,114,125,,0
12,QK,18,1,1.1717218160629272,13.865,113,125,,0
12,QK,19,1,1.1044772863388062,14.308,117,126,,0
12,QK,20,1,1.0612545013427734,16.958,115,126,,0
12,QK,21,1,1.1564842462539673,14.883,115,126,,0
12,QK,22,1,1.2364691495895386,12.929,114,125,,0
12,QK,23,1,1.288928508758545,10.523,112,125,,0
12,QK,24,1,1.2225219011306763,12.775,114,125,,0
12,QK,25,1,1.240281105041504,13.767,105,123,,0
12,QK,26,1,1.444998860359192,9.911,114,125,,0
12,QK,27,1,1.1321735382080078,14.562,115,125,,0
12,QK,28,1,1.0277808904647827,17.815,114,125,,0
12,QK,29,1,1.0708575248718262,14.591,114,125,,0
12,QK,30,1,1.1186388731002808,13.899,112,125,,0
12,QK,31,1,1.2320476770401,13.186,114,125,,0
12,V,0,0,0.828631579875946,66.821,125,128,6.046392e-03,
12,V,1,1,0.7364463210105896,89.669,124,127,6.211252e-03,
12,VO,0,0,0.813296377658844,18.325,120,127,,
12,VO,1,0,0.6615626811981201,27.756,122,128,,
12,VO,2,0,0.6048612594604492,37.571,119,127,,
12,VO,3,0,0.5501216650009155,37.207,121,127,,
12,VO,4,0,0.5636231899261475,32.192,122,128,,
12,VO,5,0,0.5813483595848083,32.065,122,127,,
12,VO,6,0,0.6310803890228271,27.472,121,127,,
12,VO,7,0,0.7120208144187927,18.945,121,127,,
12,VO,8,0,0.6170300841331482,26.299,121,127,,
12,VO,9,0,0.6062239408493042,29.278,120,127,,
12,VO,10,0,0.5768576264381409,32.509,119,126,,
12,VO,11,0,0.42039820551872253,47.385,121,126,,
12,VO,12,0,0.7519503235816956,15.773,121,127,,
12,VO,13,0,0.573411226272583,32.21,122,127,,
12,VO,14,0,0.6372742056846619,27.305,120,127,,
12,VO,15,0,0.6104355454444885,30.515,122,127,,
12,VO,16,1,0.4514519274234772,66.311,124,127,,
12,VO,17,1,0.4555453658103943,65.641,123,126,,
12,VO,18,1,0.4094202518463135,76.362,123,127,,
12,VO,19,1,0.4153969883918762,60.503,122,126,,
12,VO,20,1,0.4046839475631714,72.04,124,127,,
12,VO,21,1,0.4303789734840393,68.588,123,126,,
12,VO,22,1,0.41584065556526184,77.708,123,126,,
12,VO,23,1,0.6495521068572998,17.373,123,127,,
12,VO,24,1,0.427325963973999,72.195,123,126,,
12,VO,25,1,0.7195836901664734,24.08,123,127,,
12,VO,26,1,0.663029670715332,34.853,122,126,,
12,VO,27,1,0.4219634532928467,77.029,123,127,,
12,VO,28,1,0.4557267129421234,63.974,123,126,,
12,VO,29,1,0.5547986030578613,43.912,121,126,,
12,VO,30,1,0.3785359263420105,81.475,123,127,,
12,VO,31,1,0.44362983107566833,71.146,123,126,,
13,G,0,0,3.2639236450195312,3.977,125,128,5.687979e-03,
13,G,1,0,3.132749319076538,6.631,125,128,7.084225e-03,
13,G,2,0,3.1151044368743896,4.882,126,128,6.026600e-03,
13,G,3,0,3.163874387741089,5.065,125,128,6.235303e-03,
13,G,4,0,3.123032331466675,4.255,126,128,5.646671e-03,
13,G,5,0,3.2790777683258057,4.782,126,128,6.275970e-03,
13,G,6,0,2.477374315261841,8.48,126,128,6.306970e-03,
13,G,7,0,2.8858063220977783,5.807,126,128,6.086866e-03,
13,G,8,0,2.615719795227051,7.769,126,128,6.395426e-03,
13,G,9,0,2.865696430206299,5.51,126,128,5.889262e-03,
13,G,10,0,2.0033838748931885,5.848,126,128,4.257865e-03,
13,G,11,0,2.9568214416503906,6.384,124,128,6.548082e-03,
13,G,12,0,2.725085735321045,6.873,125,128,6.262741e-03,
13,G,13,0,2.819920778274536,6.417,126,128,6.263368e-03,
13,G,14,0,3.207179307937622,5.212,125,128,6.406306e-03,
13,G,15,0,3.1977531909942627,5.327,126,128,6.478340e-03,
13,G,16,1,2.545483350753784,8.078,126,128,6.340059e-03,
13,G,17,1,3.0908608436584473,7.392,125,128,7.383720e-03,
13,G,18,1,3.0848286151885986,4.5,125,128,5.719171e-03,
13,G,19,1,1.9311199188232422,6.365,126,128,4.277187e-03,
13,G,20,1,3.063998222351074,5.053,126,128,6.025431e-03,
13,G,21,1,2.9078450202941895,7.506,125,128,6.988116e-03,
13,G,22,1,2.9711270332336426,5.462,126,128,6.072883e-03,
13,G,23,1,2.8547935485839844,6.331,125,128,6.289187e-03,
13,G,24,1,3.1961281299591064,5.306,125,128,6.443837e-03,
13,G,25,1,3.036478042602539,4.843,125,128,5.850182e-03,
13,G,26,1,2.897420883178711,6.224,126,128,6.329260e-03,
13,G,27,1,2.2834529876708984,10.068,125,128,6.341362e-03,
13,G,28,1,3.1865437030792236,4.469,126,128,5.892160e-03,
13,G,29,1,2.918464422225952,5.186,125,128,5.814692e-03,
13,G,30,1,3.430360794067383,3.677,125,128,5.746588e-03,
13,G,31,1,3.0977494716644287,4.548,126,128,5.773888e-03,
13,K,0,0,1.5803241729736328,19.162,118,126,6.173706e-03,
13,K,1,1,1.3675881624221802,24.972,119,127,6.084249e-03,
13,O,0,0,0.6317455172538757,74.51,125,128,5.907893e-03,
13,O,1,0,1.1924147605895996,26.593,124,128,6.661897e-03,
13,O,2,0,0.7932933568954468,50.287,126,128,6.094598e-03,
13,O,3,0,1.6792683601379395,11.057,124,128,6.049572e-03,
13,O,4,0,0.8385251760482788,45.17,126,128,6.105585e-03,
13,O,5,0,1.25654935836792,20.465,125,128,6.158453e-03,
13,O,6,0,2.310297966003418,5.635,124,128,5.941380e-03,
13,O,7,0,1.594801902770996,12.125,125,128,6.016238e-03,
13,O,8,0,1.6734607219696045,11.657,125,128,6.190064e-03,
13,O,9,0,1.6003835201263428,12.293,125,128,6.079083e-03,
13,O,10,0,0.8151155710220337,43.422,125,128,5.819124e-03,
13,O,11,0,2.941251754760742,3.133,124,128,5.639944e-03,
13,O,12,0,1.3450531959533691,18.467,125,128,6.262093e-03,
13,O,13,0,1.2452529668807983,21.621,125,128,6.273122e-03,
13,O,14,0,0.7403972744941711,59.787,124,128,6.202288e-03,
13,O,15,0,0.8148524761199951,49.171,124,128,6.190412e-03,
13,O,16,1,0.8696028590202332,43.818,126,128,6.236360e-03,
13,O,17,1,0.9835073947906494,44.419,125,128,7.101443e-03,
13,O,18,1,0.8480608463287354,42.661,125,128,6.001052e-03,
13,O,19,1,0.6069591641426086,76.538,126,128,5.752848e-03,
13,O,20,1,0.7574776411056519,55.089,125,128,6.090941e-03,
13,O,21,1,1.1142619848251343,30.765,125,128,6.695766e-03,
13,O,22,1,0.7526201605796814,57.931,126,128,6.206024e-03,
13,O,23,1,2.2050223350524902,6.015,124,128,5.859088e-03,
13,O,24,1,0.7513077855110168,57.931,125,128,6.195234e-03,
13,O,25,1,0.7578421235084534,53.448,126,128,6.002435e-03,
13,O,26,1,0.7171550393104553,62.928,125,128,6.163401e-03,
13,O,27,1,1.4633744955062866,15.254,125,128,6.191993e-03,
13,O,28,1,0.6924998760223389,66.694,126,128,6.126990e-03,
13,O,29,1,0.9798853993415833,30.537,125,128,5.866379e-03,
13,O,30,1,0.7183700203895569,58.022,125,128,5.928296e-03,
13,O,31,1,0.7607576847076416,51.718,126,128,5.927219e-03,
13,Q,0,0,1.7768340110778809,16.391,124,128,6.310349e-03,
13,Q,1,0,2.015432596206665,12.292,122,128,6.203230e-03,
13,Q,2,0,1.887782096862793,14.38,124,128,6.279856e-03,
13,Q,3,0,1.7430824041366577,16.748,124,128,6.271786e-03,
13,Q,4,0,1.9800925254821777,13.124,124,128,6.295623e-03,
13,Q,5,0,2.1319735050201416,10.643,123,128,6.101374e-03,
13,Q,6,0,2.289081335067749,8.866,120,128,5.977970e-03,
13,Q,7,0,2.01819109916687,11.978,123,128,6.117743e-03,
13,Q,8,0,2.199276924133301,10.01,122,128,6.096066e-03,
13,Q,9,0,2.203792095184326,10.216,123,128,6.172651e-03,
13,Q,10,0,1.895541787147522,12.784,123,128,5.979327e-03,
13,Q,11,0,1.7083100080490112,15.199,121,128,5.896103e-03,
13,Q,12,0,1.8976783752441406,13.221,122,128,6.044832e-03,
13,Q,13,0,1.866450548171997,14.225,123,128,6.174088e-03,
13,Q,14,0,1.8992202281951904,12.982,123,128,5.999201e-03,
13,Q,15,0,1.6982266902923584,17.088,123,128,6.169165e-03,
13,Q,16,1,1.9319006204605103,12.998,123,128,6.097300e-03,
13,Q,17,1,1.7909252643585205,15.033,124,128,6.108806e-03,
13,Q,18,1,1.9057034254074097,13.786,123,128,6.194604e-03,
13,Q,19,1,1.6850439310073853,15.71,124,128,5.883433e-03,
13,Q,20,1,1.7736644744873047,16.019,123,128,6.217652e-03,
13,Q,21,1,1.62046217918396,17.91,124,128,6.019077e-03,
13,Q,22,1,1.9003595113754272,13.732,123,128,6.170346e-03,
13,Q,23,1,1.9512258768081665,13.275,122,128,6.232531e-03,
13,Q,24,1,1.6811829805374146,18.236,123,128,6.290527e-03,
13,Q,25,1,1.7295960187911987,15.948,123,128,6.061553e-03,
13,Q,26,1,1.6863718032836914,17.416,123,128,6.166400e-03,
13,Q,27,1,1.8795803785324097,12.335,123,128,5.790370e-03,
13,Q,28,1,1.9151779413223267,13.817,124,128,6.249297e-03,
13,Q,29,1,1.5773817300796509,19.714,123,128,6.128029e-03,
13,Q,30,1,1.573825716972351,20.119,124,128,6.199548e-03,
13,Q,31,1,1.8864678144454956,14.02,124,128,6.193995e-03,
13,QK,0,0,1.1222131252288818,13.644,115,126,,0
13,QK,1,0,1.321504831314087,11.531,106,124,,0
13,QK,2,0,1.1528040170669556,13.92,113,125,,0
13,QK,3,0,1.0079385042190552,16.502,114,125,,0
13,QK,4,0,1.3440824747085571,10.693,113,125,,0
13,QK,5,0,1.2690907716751099,11.508,110,125,,0
13,QK,6,0,1.3285709619522095,10.833,102,123,,0
13,QK,7,0,1.2765889167785645,11.428,110,124,,0
13,QK,8,0,1.3923038244247437,10.177,107,124,,0
13,QK,9,0,1.2313518524169922,11.444,112,125,,0
13,QK,10,0,1.290877342224121,10.24,113,125,,0
13,QK,11,0,1.0935559272766113,15.094,104,123,,0
13,QK,12,0,1.371408224105835,10.425,106,124,,0
13,QK,13,0,1.1331071853637695,14.977,110,124,,0
13,QK,14,0,1.3467509746551514,10.744,109,124,,0
13,QK,15,0,1.0227850675582886,16.406,112,125,,0
13,QK,16,1,0.9915792942047119,18.785,110,125,,0
13,QK,17,1,1.1495866775512695,13.571,115,126,,0
13,QK,18,1,0.8902037739753723,22.605,113,125,,0
13,QK,19,1,0.9186725616455078,18.432,115,126,,0
13,QK,20,1,0.8940823674201965,22.882,113,125,,0
13,QK,21,1,1.022602915763855,17.459,112,126,,0
13,QK,22,1,0.8520150184631348,23.991,113,125,,0
13,QK,23,1,0.9617875218391418,19.7,110,124,,0
13,QK,24,1,0.8952369093894958,23.413,113,125,,0
13,QK,25,1,0.9085814952850342,19.868,115,125,,0
13,QK,26,1,0.8905200362205505,23.362,111,125,,0
13,QK,27,1,0.8848296999931335,20.118,112,125,,0
13,QK,28,1,0.9178372025489807,20.606,115,126,,0
13,QK,29,1,0.923693835735321,23.113,109,125,,0
13,QK,30,1,0.9459220767021179,21.393,112,125,,0
13,QK,31,1,0.9487173557281494,20.212,113,125,,0
13,V,0,0,0.7003907561302185,98.75,124,127,6.062673e-03,
13,V,1,1,0.7742420434951782,84.396,125,127,6.195344e-03,
13,VO,0,0,0.3788280487060547,79.177,123,127,,
13,VO,1,0,0.5505050420761108,46.832,122,127,,
13,VO,2,0,0.4216892421245575,67.098,123,127,,
13,VO,3,0,0.5194103121757507,41.039,122,127,,
13,VO,4,0,0.37732380628585815,83.636,123,127,,
13,VO,5,0,0.407392680644989,71.353,123,127,,
13,VO,6,0,0.41887402534484863,54.636,123,127,,
13,VO,7,0,0.41072115302085876,64.414,123,127,,
13,VO,8,0,0.5165081024169922,43.859,123,127,,
13,VO,9,0,0.3755297362804413,78.901,123,127,,
13,VO,10,0,0.3965902626514435,69.213,122,127,,
13,VO,11,0,0.5833309292793274,21.117,124,127,,
13,VO,12,0,0.43945634365081787,63.242,123,127,,
13,VO,13,0,0.43007922172546387,67.333,123,127,,
13,VO,14,0,0.44801750779151917,62.135,121,126,,
13,VO,15,0,0.5243486166000366,45.465,122,127,,
13,VO,16,1,0.4873489737510681,55.237,124,127,,
13,VO,17,1,0.6444708108901978,41.774,123,127,,
13,VO,18,1,0.42216137051582336,66.264,124,127,,
13,VO,19,1,0.38316652178764343,75.279,124,127,,
13,VO,20,1,0.4525405168533325,60.172,124,127,,
13,VO,21,1,0.6881607174873352,31.857,124,127,,
13,VO,22,1,0.4322569668292999,68.341,124,127,,
13,VO,23,1,0.521381139755249,35.288,125,128,,
13,VO,24,1,0.4678252041339874,58.838,124,127,,
13,VO,25,1,0.4506085216999054,59.506,124,127,,
13,VO,26,1,0.4503121078014374,62.378,124,127,,
13,VO,27,1,0.5785176157951355,35.924,124,127,,
13,VO,28,1,0.42919161915779114,68.086,124,127,,
13,VO,29,1,0.46712014079093933,50.782,125,127,,
13,VO,30,1,0.43543317914009094,61.511,124,127,,
13,VO,31,1,0.42410287261009216,64.685,124,127,,
14,G,0,0,2.9001569747924805,6.29,124,128,6.258674e-03,
14,G,1,0,2.8633925914764404,5.602,124,128,5.818773e-03,
14,G,2,0,1.396759033203125,11.112,125,128,4.023466e-03,
14,G,3,0,2.7993483543395996,5.803,125,128,5.792916e-03,
14,G,4,0,2.5929510593414307,6.62,125,128,5.732826e-03,
14,G,5,0,1.88579261302948,12.13,125,128,5.667906e-03,
14,G,6,0,2.286846876144409,10.326,125,128,6.320133e-03,
14,G,7,0,2.9960289001464844,4.823,124,128,5.643548e-03,
14,G,8,0,2.5737252235412598,8.002,125,128,6.268110e-03,
14,G,9,0,2.4051356315612793,7.358,125,128,5.608337e-03,
14,G,10,0,2.2008159160614014,9.609,124,128,5.857243e-03,
14,G,11,0,2.2013885974884033,8.563,125,128,5.539589e-03,
14,G,12,0,2.5843021869659424,7.412,125,128,6.047323e-03,
14,G,13,0,2.6777665615081787,7.282,126,128,6.222072e-03,
14,G,14,0,2.108616828918457,9.954,125,128,5.725913e-03,
14,G,15,0,1.9851915836334229,11.203,125,128,5.722567e-03,
14,G,16,1,2.4434733390808105,7.757,125,128,5.864651e-03,
14,G,17,1,2.4229583740234375,9.224,124,128,6.350003e-03,
14,G,18,1,2.7122690677642822,8.688,125,128,6.891595e-03,
14,G,19,1,2.4501967430114746,9.747,124,128,6.593455e-03,
14,G,20,1,2.568790912628174,9.859,124,128,6.962106e-03,
14,G,21,1,3.0006871223449707,6.613,125,128,6.646792e-03,
14,G,22,1,2.769927978515625,6.658,125,128,6.176072e-03,
14,G,23,1,2.5561137199401855,9.152,125,128,6.670152e-03,
14,G,24,1,1.6843688488006592,10.5,126,128,4.723635e-03,
14,G,25,1,2.326396942138672,11.948,124,128,6.935277e-03,
14,G,26,1,2.8489410877227783,6.665,126,128,6.336575e-03,
14,G,27,1,2.8685712814331055,7.062,125,128,6.573979e-03,
14,G,28,1,2.691213369369507,8.692,125,128,6.837835e-03,
14,G,29,1,3.036858081817627,6.789,125,128,6.825871e-03,
14,G,30,1,2.9394350051879883,6.49,125,128,6.461535e-03,
14,G,31,1,2.914018154144287,5.738,125,128,6.010726e-03,
14,K,0,0,1.3322508335113525,28.435,118,126,6.069570e-03,
14,K,1,1,1.542275309562683,21.78,119,127,6.188290e-03,
14,O,0,0,0.8227676749229431,56.529,124,128,6.701863e-03,
14,O,1,0,1.03676438331604,29.788,125,128,6.130355e-03,
14,O,2,0,0.724493682384491,45.282,125,128,5.281823e-03,
14,O,3,0,2.024505853652954,6.691,124,128,5.673410e-03,
14,O,4,0,0.8433979153633118,43.401,125,128,6.019569e-03,
14,O,5,0,0.8548101782798767,42.177,125,128,6.014425e-03,
14,O,6,0,1.1665478944778442,27.07,124,128,6.575547e-03,
14,O,7,0,0.7469959855079651,56.109,125,128,6.062019e-03,
14,O,8,0,1.0381633043289185,30.932,124,128,6.255421e-03,
14,O,9,0,0.9148271679878235,35.901,124,128,5.938478e-03,
14,O,10,0,0.879352331161499,42.861,123,128,6.237052e-03,
14,O,11,0,1.3174798488616943,17.11,124,128,5.904172e-03,
14,O,12,0,1.8273735046386719,9.13,124,128,5.981965e-03,
14,O,13,0,0.8482323288917542,49.378,125,128,6.457528e-03,
14,O,14,0,1.322573184967041,16.29,124,128,5.783200e-03,
14,O,15,0,0.9440951943397522,36.129,123,127,6.147880e-03,
14,O,16,1,0.9286274909973145,33.66,124,128,5.836953e-03,
14,O,17,1,1.2929096221923828,18.05,124,128,5.951091e-03,
14,O,18,1,0.9779701232910156,36.171,125,128,6.372248e-03,
14,O,19,1,1.346895456314087,18.672,124,128,6.305336e-03,
14,O,20,1,0.9444578289985657,37.227,125,128,6.243007e-03,
14,O,21,1,0.9340246915817261,40.318,125,128,6.425244e-03,
14,O,22,1,0.7424177527427673,49.072,125,128,5.634394e-03,
14,O,23,1,0.9257590770721436,37.656,125,128,6.154569e-03,
14,O,24,1,0.7108950614929199,53.703,125,128,5.644042e-03,
14,O,25,1,1.322874903678894,19.543,124,128,6.335711e-03,
14,O,26,1,0.717344343662262,61.673,125,128,6.103221e-03,
14,O,27,1,0.8510884046554565,46.392,124,128,6.280278e-03,
14,O,28,1,0.8658099174499512,51.514,123,128,6.732414e-03,
14,O,29,1,0.8394896388053894,52.25,125,128,6.574160e-03,
14,O,30,1,0.8830611705780029,39.543,125,128,6.016033e-03,
14,O,31,1,0.846712052822113,44.222,124,128,6.100147e-03,
14,Q,0,0,2.0759425163269043,11.929,122,128,6.139535e-03,
14,Q,1,0,1.455649495124817,24.151,123,128,6.129271e-03,
14,Q,2,0,1.5201505422592163,19.303,121,127,5.741195e-03,
14,Q,3,0,1.5120357275009155,21.369,121,128,5.994945e-03,
14,Q,4,0,1.9117485284805298,13.631,122,128,6.057502e-03,
14,Q,5,0,1.7148293256759644,17.221,123,128,6.085185e-03,
14,Q,6,0,1.7703837156295776,16.318,123,128,6.126076e-03,
14,Q,7,0,2.146963596343994,12.154,124,128,6.408379e-03,
14,Q,8,0,1.8862637281417847,14.746,122,128,6.204173e-03,
14,Q,9,0,1.851682424545288,15.833,123,128,6.303584e-03,
14,Q,10,0,2.3371264934539795,9.768,123,128,6.210454e-03,
14,Q,11,0,2.27408766746521,10.783,122,128,6.388356e-03,
14,Q,12,0,2.0522308349609375,12.28,121,128,6.168494e-03,
14,Q,13,0,1.9349610805511475,13.689,123,128,6.146897e-03,
14,Q,14,0,1.8032312393188477,15.464,122,128,6.085160e-03,
14,Q,15,0,2.2113375663757324,9.254,122,128,5.751481e-03,
14,Q,16,1,1.313475489616394,28.685,124,128,6.062016e-03,
14,Q,17,1,1.2332704067230225,32.03,123,128,6.013504e-03,
14,Q,18,1,1.8305532932281494,15.668,123,128,6.223478e-03,
14,Q,19,1,1.2075060606002808,32.21,122,128,5.894395e-03,
14,Q,20,1,1.2901620864868164,31.73,122,128,6.268890e-03,
14,Q,21,1,1.3887349367141724,27.508,121,127,6.289184e-03,
14,Q,22,1,1.4168545007705688,24.746,123,128,6.080653e-03,
14,Q,23,1,1.4208275079727173,25.887,124,128,6.228698e-03,
14,Q,24,1,1.4206093549728394,24.184,124,128,6.000113e-03,
14,Q,25,1,1.2577544450759888,28.733,123,128,5.797740e-03,
14,Q,26,1,1.5695221424102783,21.581,124,128,6.281248e-03,
14,Q,27,1,1.495219111442566,23.805,123,128,6.294600e-03,
14,Q,28,1,1.5174092054367065,21.433,125,128,6.045051e-03,
14,Q,29,1,1.4077346324920654,26.982,122,128,6.311260e-03,
14,Q,30,1,1.47203528881073,23.514,123,128,6.158186e-03,
14,Q,31,1,1.5453970432281494,21.547,123,128,6.171055e-03,
14,QK,0,0,0.9121705889701843,23.217,109,123,,0
14,QK,1,0,0.9287505745887756,26.455,107,124,,0
14,QK,2,0,1.3852086067199707,10.345,107,122,,0
14,QK,3,0,1.1716108322143555,17.284,99,122,,0
14,QK,4,0,0.9391754865646362,20.249,111,123,,0
14,QK,5,0,1.2804101705551147,13.265,110,124,,0
14,QK,6,0,0.9141134023666382,24.877,109,124,,0
14,QK,7,0,0.9774308204650879,20.676,113,126,,0
14,QK,8,0,1.038390874862671,21.041,104,123,,0
14,QK,9,0,0.9320917725563049,21.423,113,125,,0
14,QK,10,0,0.9812517762184143,19.934,110,124,,0
14,QK,11,0,0.9128889441490173,20.185,113,124,,0
14,QK,12,0,1.0691856145858765,18.084,106,123,,0
14,QK,13,0,1.0178425312042236,20.204,110,124,,0
14,QK,14,0,0.933814287185669,20.644,112,124,,0
14,QK,15,0,0.9817858338356018,19.186,109,124,,0
14,QK,16,1,1.2599644660949707,12.462,117,125,,0
14,QK,17,1,1.281261682510376,12.6,114,124,,0
14,QK,18,1,1.472438097000122,10.33,114,125,,0
14,QK,19,1,1.0696548223495483,16.442,114,124,,0
14,QK,20,1,1.3048774003982544,13.477,111,124,,0
14,QK,21,1,1.221309781074524,15.166,112,123,,0
14,QK,22,1,1.1991910934448242,13.862,116,125,,0
14,QK,23,1,1.2866880893707275,12.835,116,125,,0
14,QK,24,1,1.5834476947784424,8.413,115,125,,0
14,QK,25,1,1.1950170993804932,13.188,113,124,,0
14,QK,26,1,1.4268155097961426,10.895,115,124,,0
14,QK,27,1,1.2142008543014526,14.907,114,124,,0
14,QK,28,1,1.5806059837341309,8.761,115,126,,0
14,QK,29,1,1.2112231254577637,15.453,113,124,,0
14,QK,30,1,1.2622665166854858,13.217,115,124,,0
14,QK,31,1,1.3773362636566162,11.618,113,124,,0
14,V,0,0,0.8324117660522461,64.424,124,127,5.723524e-03,
14,V,1,1,0.8795421123504639,73.45,125,128,6.510473e-03,
14,VO,0,0,0.5391470193862915,46.494,122,127,,
14,VO,1,0,0.5699080228805542,34.203,122,127,,
14,VO,2,0,0.4034588038921356,51.355,122,127,,
14,VO,3,0,0.6107074618339539,21.534,124,128,,
14,VO,4,0,0.5150881409645081,40.805,122,127,,
14,VO,5,0,0.5345394015312195,37.527,122,127,,
14,VO,6,0,0.5856364369392395,36.741,122,127,,
14,VO,7,0,0.5019987225532532,43.845,122,127,,
14,VO,8,0,0.5592536330223083,37.149,122,127,,
14,VO,9,0,0.455350786447525,50.195,122,127,,
14,VO,10,0,0.5364786982536316,40.615,121,127,,
14,VO,11,0,0.5478727221488953,32.864,123,128,,
14,VO,12,0,0.6102271676063538,24.658,123,128,,
14,VO,13,0,0.5384109616279602,43.135,122,127,,
14,VO,14,0,0.5377228856086731,32.821,123,128,,
14,VO,15,0,0.48295503854751587,48.041,121,126,,
14,VO,16,1,0.5517275929450989,42.43,123,128,,
14,VO,17,1,0.6632936000823975,30.121,122,128,,
14,VO,18,1,0.5841483473777771,45.303,123,128,,
14,VO,19,1,0.7634274959564209,25.677,122,128,,
14,VO,20,1,0.5863216519355774,42.987,123,128,,
14,VO,21,1,0.5716111660003662,48.093,123,128,,
14,VO,22,1,0.4998224377632141,48.377,124,128,,
14,VO,23,1,0.5795266628265381,43.209,124,128,,
14,VO,24,1,0.4621637165546417,57.383,123,128,,
14,VO,25,1,0.6886752247810364,31.442,122,128,,
14,VO,26,1,0.5490646958351135,47.854,123,128,,
14,VO,27,1,0.5701211094856262,46.973,123,128,,
14,VO,28,1,0.62742018699646,44.906,121,127,,
14,VO,29,1,0.5857822299003601,48.773,123,128,,
14,VO,30,1,0.6011760234832764,38.507,123,128,,
14,VO,31,1,0.5286022424697876,51.075,123,128,,
15,G,0,0,2.5030486583709717,14.385,125,128,7.199325e-03,
15,G,1,0,2.9259283542633057,9.601,124,128,6.873063e-03,
15,G,2,0,3.2369675636291504,3.211,124,128,4.325503e-03,
15,G,3,0,2.7173757553100586,13.319,125,128,7.523009e-03,
15,G,4,0,2.7452003955841064,13.413,124,128,7.629960e-03,
15,G,5,0,2.601055145263672,13.923,124,128,7.361166e-03,
15,G,6,0,2.787175416946411,10.467,124,128,6.837221e-03,
15,G,7,0,3.0377938747406006,8.564,124,128,6.739584e-03,
15,G,8,0,2.5340635776519775,7.243,123,128,5.148029e-03,
15,G,9,0,2.720240592956543,12.562,125,128,7.314824e-03,
15,G,10,0,3.02946138381958,3.575,123,128,4.289872e-03,
15,G,11,0,2.9047510623931885,10.724,125,128,7.214157e-03,
15,G,12,0,2.6048316955566406,13.46,125,128,7.246279e-03,
15,G,13,0,2.7920596599578857,6.287,122,128,5.289228e-03,
15,G,14,0,2.621685743331909,13.592,125,128,7.332270e-03,
15,G,15,0,3.2346880435943604,2.727,122,128,4.006122e-03,
15,G,16,1,3.230050802230835,3.702,125,128,4.653998e-03,
15,G,17,1,3.047044515609741,5.544,125,128,5.416118e-03,
15,G,18,1,2.8735198974609375,8.404,125,128,6.293509e-03,
15,G,19,1,3.1520426273345947,7.031,126,128,6.331834e-03,
15,G,20,1,2.570542812347412,5.126,126,128,4.403911e-03,
15,G,21,1,3.375441312789917,3.86,125,128,4.966788e-03,
15,G,22,1,2.6132869720458984,13.073,125,128,7.166705e-03,
15,G,23,1,3.6790075302124023,2.938,125,128,4.678234e-03,
15,G,24,1,2.628243923187256,9.806,125,128,6.227151e-03,
15,G,25,1,3.4468305110931396,3.885,125,128,5.100882e-03,
15,G,26,1,3.510765314102173,3.476,126,128,4.918423e-03,
15,G,27,1,2.9177463054656982,5.673,125,128,5.220044e-03,
15,G,28,1,3.2475392818450928,4.639,125,128,5.256411e-03,
15,G,29,1,2.849719524383545,11.107,125,128,7.206147e-03,
15,G,30,1,3.0642261505126953,6.547,125,128,5.939615e-03,
15,G,31,1,2.950282096862793,8.704,126,128,6.589939e-03,
15,K,0,0,1.1603370904922485,43.254,125,127,5.865431e-03,
15,K,1,1,1.1476088762283325,54.061,124,127,6.382070e-03,
15,O,0,0,1.063938856124878,31.927,122,127,6.513004e-03,
15,O,1,0,1.2235183715820312,22.579,122,127,6.298681e-03,
15,O,2,0,0.716297447681427,50.891,124,128,5.535999e-03,
15,O,3,0,1.080794334411621,33.075,123,128,6.734010e-03,
15,O,4,0,1.169198989868164,25.842,119,126,6.439265e-03,
15,O,5,0,1.0966777801513672,31.712,123,128,6.690732e-03,
15,O,6,0,1.0692901611328125,30.416,124,128,6.389004e-03,
15,O,7,0,1.1921696662902832,24.38,124,128,6.377298e-03,
15,O,8,0,0.7333033680915833,54.957,124,128,5.889515e-03,
15,O,9,0,0.9669153094291687,37.857,123,127,6.445381e-03,
15,O,10,0,0.7349510788917542,49.498,123,128,5.601937e-03,
15,O,11,0,1.051310658454895,33.395,123,127,6.581968e-03,
15,O,12,0,1.048743724822998,32.749,123,128,6.502040e-03,
15,O,13,0,0.9511948823928833,30.961,123,128,5.734066e-03,
15,O,14,0,1.022782325744629,34.456,123,127,6.504253e-03,
15,O,15,0,0.7007590532302856,49.312,124,128,5.331233e-03,
15,O,16,1,0.8232962489128113,41.766,125,128,5.764343e-03,
15,O,17,1,0.937686562538147,30.869,124,128,5.644235e-03,
15,O,18,1,0.7730527520179749,56.427,125,128,6.291262e-03,
15,O,19,1,0.9086320400238037,43.375,125,128,6.483229e-03,
15,O,20,1,0.8615272045135498,35.752,125,128,5.580930e-03,
15,O,21,1,1.017978310585022,25.993,124,128,5.622834e-03,
15,O,22,1,0.8623952865600586,51.707,126,128,6.718406e-03,
15,O,23,1,0.7490503787994385,50.48,125,128,5.765731e-03,
15,O,24,1,1.0700290203094482,28.024,125,128,6.136823e-03,
15,O,25,1,0.9282867908477783,31.873,125,128,5.677738e-03,
15,O,26,1,0.6722627878189087,63.567,125,128,5.806816e-03,
15,O,27,1,1.1840288639068604,21.359,125,128,5.928445e-03,
15,O,28,1,0.7701864242553711,50.089,125,128,5.905426e-03,
15,O,29,1,0.882625937461853,45.568,125,128,6.454900e-03,
15,O,30,1,0.9134380221366882,39.139,125,128,6.191117e-03,
15,O,31,1,0.8916714191436768,40.828,125,128,6.172602e-03,
15,Q,0,0,1.831710934638977,20.122,125,128,6.241524e-03,
15,Q,1,0,1.4877108335494995,31.52,124,128,6.340744e-03,
15,Q,2,0,1.832778811454773,18.583,126,128,5.989883e-03,
15,Q,3,0,1.4245234727859497,35.937,125,128,6.488206e-03,
15,Q,4,0,1.469957709312439,31.667,124,128,6.288891e-03,
15,Q,5,0,1.437947392463684,34.748,125,128,6.438699e-03,
15,Q,6,0,1.6769925355911255,24.021,125,128,6.233481e-03,
15,Q,7,0,1.76725172996521,23.723,124,128,6.534392e-03,
15,Q,8,0,1.793235182762146,19.938,125,128,6.057241e-03,
15,Q,9,0,1.3709615468978882,38.388,124,128,6.455102e-03,
15,Q,10,0,1.8332734107971191,15.466,125,128,5.475576e-03,
15,Q,11,0,2.018838882446289,17.204,125,128,6.351569e-03,
15,Q,12,0,1.4120241403579712,35.011,124,128,6.349362e-03,
15,Q,13,0,1.8502471446990967,20.721,125,128,6.377666e-03,
15,Q,14,0,1.3076962232589722,41.524,123,128,6.405185e-03,
15,Q,15,0,1.8685461282730103,15.29,125,128,5.603730e-03,
15,Q,16,1,1.7382358312606812,21.077,125,128,6.034477e-03,
15,Q,17,1,1.972243070602417,17.426,125,128,6.230651e-03,
15,Q,18,1,1.6932448148727417,21.498,125,128,5.961222e-03,
15,Q,19,1,2.1827991008758545,14.954,125,128,6.390973e-03,
15,Q,20,1,2.174774408340454,12.098,126,128,5.724577e-03,
15,Q,21,1,1.2825102806091309,32.275,125,128,5.576357e-03,
15,Q,22,1,1.587287425994873,26.109,125,128,6.151297e-03,
15,Q,23,1,1.4122837781906128,32.691,125,128,6.121198e-03,
15,Q,24,1,1.9086189270019531,18.154,125,128,6.155429e-03,
15,Q,25,1,1.6879851818084717,21.025,124,128,5.882175e-03,
15,Q,26,1,2.081160068511963,15.705,125,128,6.231226e-03,
15,Q,27,1,1.970345139503479,14.703,125,128,5.725379e-03,
15,Q,28,1,1.706889271736145,20.329,125,128,5.849493e-03,
15,Q,29,1,1.437526822090149,31.361,125,128,6.118483e-03,
15,Q,30,1,2.6548640727996826,9.322,124,128,6.126407e-03,
15,Q,31,1,2.2448694705963135,12.56,125,128,6.021720e-03,
15,QK,0,0,0.7520362734794617,52.573,123,128,,1
15,QK,1,0,0.8050293326377869,49.15,122,127,,1
15,QK,2,0,0.7894765734672546,43.477,124,127,,1
15,QK,3,0,0.7726930379867554,55.219,123,127,,1
15,QK,4,0,0.9307921528816223,35.437,123,127,,1
15,QK,5,0,0.7142403721809387,63.742,123,127,,1
15,QK,6,0,0.8153641819953918,45.017,123,127,,1
15,QK,7,0,0.8518262505531311,46.106,122,127,,1
15,QK,8,0,0.7089196443557739,54.636,124,128,,1
15,QK,9,0,0.7479938268661499,58.913,122,127,,1
15,QK,10,0,0.6533403396606445,49.767,124,128,,1
15,QK,11,0,1.0588138103485107,26.855,124,127,,1
15,QK,12,0,0.7314468026161194,59.08,123,127,,1
15,QK,13,0,0.7177485227584839,60.399,123,127,,1
15,QK,14,0,0.7748554348945618,54.744,121,127,,1
15,QK,15,0,0.8592395186424255,30.178,125,128,,1
15,QK,16,1,0.8952052593231201,44.884,121,127,,1
15,QK,17,1,0.9224620461463928,39.835,123,127,,1
15,QK,18,1,0.7548381686210632,54.442,123,127,,1
15,QK,19,1,1.097153902053833,30.871,123,127,,1
15,QK,20,1,0.8981671929359436,35.915,124,128,,1
15,QK,21,1,0.7072752714157104,54.928,123,127,,1
15,QK,22,1,0.9372106194496155,39.579,123,127,,1
15,QK,23,1,0.8120579719543457,54.462,122,127,,1
15,QK,24,1,1.114762544631958,27.696,123,127,,1
15,QK,25,1,0.743733286857605,55.104,123,127,,1
15,QK,26,1,0.9127686023712158,42.697,123,127,,1
15,QK,27,1,0.7035582065582275,58.436,123,127,,1
15,QK,28,1,0.7778874635696411,52.804,122,127,,1
15,QK,29,1,0.9927113056182861,35.366,122,127,,1
15,QK,30,1,1.124178409576416,25.41,123,128,,1
15,QK,31,1,1.0353796482086182,29.423,123,128,,1
15,V,0,0,1.0625123977661133,57.932,124,127,6.129672e-03,
15,V,1,1,0.8925104141235352,82.222,125,128,6.129169e-03,
15,VO,0,0,0.8454550504684448,26.919,119,126,,
15,VO,1,0,0.8859545588493347,23.018,119,126,,
15,VO,2,0,0.5342783331871033,47.381,121,126,,
15,VO,3,0,0.8173768520355225,30.605,120,126,,
15,VO,4,0,0.8027637600898743,28.977,116,124,,
15,VO,5,0,0.9290379881858826,23.418,120,126,,
15,VO,6,0,0.7617013454437256,31.761,120,126,,
15,VO,7,0,0.847719669342041,25.672,120,126,,
15,VO,8,0,0.5935620069503784,43.868,120,126,,
15,VO,9,0,0.7228398323059082,35.767,120,126,,
15,VO,10,0,0.5158752202987671,50.399,120,126,,
15,VO,11,0,0.7867637276649475,31.95,120,126,,
15,VO,12,0,0.818605363368988,28.63,119,126,,
15,VO,13,0,0.600332498550415,40.245,120,126,,
15,VO,14,0,0.7716227769851685,32.084,119,126,,
15,VO,15,0,0.47728443145751953,52.076,121,127,,
15,VO,16,1,0.5708516836166382,44.207,123,128,,
15,VO,17,1,0.6290791034698486,35.206,123,127,,
15,VO,18,1,0.6056705713272095,46.721,124,128,,
15,VO,19,1,0.6012054085731506,51.788,123,128,,
15,VO,20,1,0.49183177947998047,56.278,124,128,,
15,VO,21,1,0.6501198410987854,31.232,123,128,,
15,VO,22,1,0.6260339617729187,50.54,124,128,,
15,VO,23,1,0.4776817858219147,62.138,124,128,,
15,VO,24,1,0.7105165719985962,32.872,123,127,,
15,VO,25,1,0.4941638708114624,55.608,124,128,,
15,VO,26,1,0.49796172976493835,60.146,123,128,,
15,VO,27,1,0.6095115542411804,40.215,124,128,,
15,VO,28,1,0.5306869149208069,52.899,124,128,,
15,VO,29,1,0.6322298049926758,45.878,123,128,,
15,VO,30,1,0.5705008506774902,52.459,123,128,,
15,VO,31,1,0.6374132633209229,42.031,123,128,,
16,G,0,0,2.757843017578125,7.234,125,128,6.208017e-03,
16,G,1,0,2.7303147315979004,9.414,125,128,6.982684e-03,
16,G,2,0,2.527294635772705,8.562,125,128,6.182175e-03,
16,G,3,0,2.7135353088378906,5.657,125,128,5.398822e-03,
16,G,4,0,2.3926455974578857,9.56,125,128,6.168307e-03,
16,G,5,0,2.8675639629364014,8.086,125,128,6.803789e-03,
16,G,6,0,2.3657262325286865,9.088,124,128,5.966683e-03,
16,G,7,0,1.5005054473876953,11.019,126,128,4.176209e-03,
16,G,8,0,3.0117690563201904,7.192,125,128,6.751154e-03,
16,G,9,0,3.240061044692993,5.479,125,128,6.345487e-03,
16,G,10,0,2.107422113418579,12.52,125,128,6.230697e-03,
16,G,11,0,2.843111038208008,7.532,125,128,6.525733e-03,
16,G,12,0,3.047534704208374,5.381,125,128,5.946094e-03,
16,G,13,0,2.6801369190216064,6.339,125,128,5.708354e-03,
16,G,14,0,2.6085314750671387,10.062,124,128,6.907396e-03,
16,G,15,0,2.621842861175537,10.046,125,128,6.959636e-03,
16,G,16,1,1.9157239198684692,7.754,126,128,4.448088e-03,
16,G,17,1,2.290975332260132,11.96,125,128,6.584587e-03,
16,G,18,1,2.9658801555633545,5.866,125,128,5.968676e-03,
16,G,19,1,2.390097141265869,9.507,124,128,6.115209e-03,
16,G,20,1,2.811748743057251,6.149,125,128,5.809390e-03,
16,G,21,1,2.2017462253570557,9.133,126,128,5.538739e-03,
16,G,22,1,2.7265701293945312,8.155,125,128,6.476045e-03,
16,G,23,1,2.8030765056610107,6.526,125,128,5.952318e-03,
16,G,24,1,3.194516897201538,5.383,125,128,6.175706e-03,
16,G,25,1,3.241825580596924,5.458,124,128,6.295948e-03,
16,G,26,1,2.1906661987304688,12.237,125,128,6.366283e-03,
16,G,27,1,3.072016954421997,6.074,124,128,6.293429e-03,
16,G,28,1,2.829404592514038,7.2,124,128,6.311205e-03,
16,G,29,1,2.9772298336029053,4.761,125,128,5.399178e-03,
16,G,30,1,2.686427116394043,6.562,126,128,5.740070e-03,
16,G,31,1,2.2633554935455322,11.625,124,128,6.401296e-03,
16,K,0,0,1.434698224067688,22.525,118,126,5.838240e-03,
16,K,1,1,1.5213109254837036,25.083,110,124,6.406337e-03,
16,O,0,0,1.1458983421325684,23.669,124,128,6.039792e-03,
16,O,1,0,1.2938350439071655,21.812,124,128,6.546563e-03,
16,O,2,0,1.1445770263671875,23.489,124,128,6.009799e-03,
16,O,3,0,0.871873676776886,36.898,124,128,5.737707e-03,
16,O,4,0,1.548052191734314,10.798,124,128,5.511116e-03,
16,O,5,0,0.9996508359909058,34.557,124,128,6.366483e-03,
16,O,6,0,0.916573166847229,36.434,123,128,5.993801e-03,
16,O,7,0,0.6833528876304626,49.01,124,127,5.182897e-03,
16,O,8,0,0.8662849068641663,44.535,125,128,6.263157e-03,
16,O,9,0,1.0315395593643188,32.61,124,128,6.381829e-03,
16,O,10,0,1.0368691682815552,28.115,124,128,5.956293e-03,
16,O,11,0,1.3683655261993408,18.768,124,128,6.422387e-03,
16,O,12,0,0.8599790930747986,38.065,125,128,5.748211e-03,
16,O,13,0,0.9424551725387573,31.598,124,128,5.739492e-03,
16,O,14,0,1.8135005235671997,10.619,123,128,6.402264e-03,
16,O,15,0,0.8980607986450195,41.846,124,128,6.293835e-03,
16,O,16,1,1.056888461112976,24.745,125,128,5.695831e-03,
16,O,17,1,1.8595913648605347,10.78,124,128,6.614837e-03,
16,O,18,1,1.4690757989883423,16.656,124,128,6.495472e-03,
16,O,19,1,2.586132764816284,4.338,124,128,5.835723e-03,
16,O,20,1,1.6326802968978882,11.957,124,128,6.116372e-03,
16,O,21,1,0.8666355013847351,47.687,124,128,6.483634e-03,
16,O,22,1,1.3992891311645508,17.922,124,128,6.417841e-03,
16,O,23,1,1.1745084524154663,23.63,124,128,6.185431e-03,
16,O,24,1,0.953990638256073,36.743,125,128,6.264926e-03,
16,O,25,1,1.2815523147583008,20.399,124,128,6.270906e-03,
16,O,26,1,1.3175504207611084,19.518,124,128,6.306193e-03,
16,O,27,1,1.3325138092041016,18.613,124,128,6.228206e-03,
16,O,28,1,1.1597286462783813,25.766,124,128,6.377638e-03,
16,O,29,1,1.2629728317260742,19.721,125,128,6.076318e-03,
16,O,30,1,1.3610812425613403,17.303,124,128,6.133718e-03,
16,O,31,1,2.353607177734375,5.106,124,128,5.761680e-03,
16,Q,0,0,1.4031165838241577,27.814,123,128,6.207407e-03,
16,Q,1,0,1.9140743017196655,14.39,122,128,6.087218e-03,
16,Q,2,0,1.6325011253356934,18.958,122,128,5.968481e-03,
16,Q,3,0,1.636447548866272,19.522,124,128,6.088054e-03,
16,Q,4,0,1.393417477607727,25.449,125,128,5.916961e-03,
16,Q,5,0,1.7503958940505981,18.112,123,128,6.238094e-03,
16,Q,6,0,1.9003496170043945,14.301,123,128,6.042392e-03,
16,Q,7,0,1.4231300354003906,26.045,124,128,6.129113e-03,
16,Q,8,0,1.648289442062378,20.699,123,128,6.287352e-03,
16,Q,9,0,1.6995067596435547,18.286,124,128,6.118514e-03,
16,Q,10,0,1.5091893672943115,22.696,124,128,6.034967e-03,
16,Q,11,0,1.5209689140319824,23.999,124,128,6.260306e-03,
16,Q,12,0,1.636704444885254,18.916,123,128,6.017533e-03,
16,Q,13,0,1.6990717649459839,16.431,123,128,5.870164e-03,
16,Q,14,0,1.933725357055664,14.069,122,128,6.087706e-03,
16,Q,15,0,1.448388934135437,26.441,124,128,6.263664e-03,
16,Q,16,1,1.8247202634811401,14.779,123,128,5.912234e-03,
16,Q,17,1,2.1347341537475586,10.664,122,128,5.817322e-03,
16,Q,18,1,1.9603902101516724,13.912,118,127,6.060938e-03,
16,Q,19,1,2.528773069381714,8.625,121,128,6.245728e-03,
16,Q,20,1,1.8861784934997559,15.69,122,128,6.270466e-03,
16,Q,21,1,2.0011119842529297,12.586,123,128,5.948070e-03,
16,Q,22,1,2.0685389041900635,13.069,121,128,6.233706e-03,
16,Q,23,1,2.0109951496124268,13.966,121,128,6.250080e-03,
16,Q,24,1,2.0300111770629883,14.03,124,128,6.370960e-03,
16,Q,25,1,1.8568086624145508,15.788,120,128,6.124179e-03,
16,Q,26,1,2.1509592533111572,11.638,122,128,6.129907e-03,
16,Q,27,1,1.773089051246643,17.773,121,128,6.202642e-03,
16,Q,28,1,1.910893440246582,15.515,121,128,6.248289e-03,
16,Q,29,1,1.9173407554626465,15.53,122,128,6.274919e-03,
16,Q,30,1,2.1831960678100586,12.486,122,128,6.492724e-03,
16,Q,31,1,2.6583259105682373,6.928,121,128,5.866716e-03,
16,QK,0,0,1.1923772096633911,14.928,111,123,,0
16,QK,1,0,1.2127976417541504,13.419,110,124,,0
16,QK,2,0,1.2391184568405151,12.982,110,123,,0
16,QK,3,0,1.0997796058654785,15.246,116,124,,0
16,QK,4,0,0.9774376749992371,18.12,116,125,,0
16,QK,5,0,1.2086037397384644,14.156,113,124,,0
16,QK,6,0,1.1763054132461548,13.404,114,124,,0
16,QK,7,0,1.5948619842529297,8.526,112,124,,0
16,QK,8,0,1.262298345565796,13.63,111,124,,0
16,QK,9,0,1.1643472909927368,14.144,114,124,,0
16,QK,10,0,1.1292657852172852,14.909,113,124,,0
16,QK,11,0,1.1832470893859863,15.117,113,124,,0
16,QK,12,0,1.102347731590271,14.949,115,124,,0
16,QK,13,0,1.1292701959609985,13.72,113,124,,0
16,QK,14,0,1.4478745460510254,10.071,108,123,,0
16,QK,15,0,1.1723827123641968,14.905,114,125,,0
16,QK,16,1,1.2064270973205566,16.348,101,120,,0
16,QK,17,1,0.8854653835296631,27.109,101,119,,0
16,QK,18,1,1.194849967956543,20.835,90,114,,0
16,QK,19,1,1.150109052658081,15.479,105,120,,0
16,QK,20,1,0.961217999458313,21.151,109,122,,0
16,QK,21,1,0.9668807983398438,23.391,104,120,,0
16,QK,22,1,1.0264180898666382,24.208,100,119,,0
16,QK,23,1,1.0422627925872803,25.074,99,118,,0
16,QK,24,1,1.1340023279190063,20.759,102,121,,0
16,QK,25,1,1.0262826681137085,27.134,95,117,,0
16,QK,26,1,0.940240204334259,28.936,99,119,,0
16,QK,27,1,0.9394732117652893,33.66,96,117,,0
16,QK,28,1,0.9910457134246826,28.818,97,118,,0
16,QK,29,1,1.1418530941009521,23.194,96,118,,0
16,QK,30,1,1.0441709756851196,18.764,108,121,,0
16,QK,31,1,1.188765525817871,15.51,98,119,,0
16,V,0,0,0.9561183452606201,60.66,124,128,6.177138e-03,
16,V,1,1,0.8252542614936829,80.636,124,127,6.081774e-03,
16,VO,0,0,0.7363022565841675,24.622,123,128,,
16,VO,1,0,0.6743658781051636,34.059,122,127,,
16,VO,2,0,0.6243579983711243,33.713,122,127,,
16,VO,3,0,0.5028947591781616,47.234,123,128,,
16,VO,4,0,0.5642456412315369,32.273,123,127,,
16,VO,5,0,0.6481983661651611,35.431,122,128,,
16,VO,6,0,0.586692750453949,38.713,121,127,,
16,VO,7,0,0.48883888125419617,41.661,122,127,,
16,VO,8,0,0.5956103205680847,40.719,123,128,,
16,VO,9,0,0.6005014181137085,41.228,122,127,,
16,VO,10,0,0.6769590973854065,28.076,122,127,,
16,VO,11,0,0.6926456689834595,31.095,122,127,,
16,VO,12,0,0.6137577891349792,32.448,122,128,,
16,VO,13,0,0.5628224015235901,38.015,122,128,,
16,VO,14,0,0.8123923540115356,21.651,122,127,,
16,VO,15,0,0.6207950115203857,38.378,122,128,,
16,VO,16,1,0.43750861287117004,60.13,122,127,,
16,VO,17,1,0.6649152636528015,32.472,123,127,,
16,VO,18,1,0.4773268401622772,64.613,122,127,,
16,VO,19,1,0.619221031665802,24.721,124,128,,
16,VO,20,1,0.45110127329826355,61.254,123,128,,
16,VO,21,1,0.5089886784553528,58.008,122,127,,
16,VO,22,1,0.4957236647605896,57.905,122,128,,
16,VO,23,1,0.45321083068847656,65.597,122,127,,
16,VO,24,1,0.4650639593601227,64.571,123,127,,
16,VO,25,1,0.47894608974456787,60.095,122,127,,
16,VO,26,1,0.5967374444007874,38.469,122,127,,
16,VO,27,1,0.4824746251106262,58.118,122,127,,
16,VO,28,1,0.5285770297050476,51.522,121,127,,
16,VO,29,1,0.438666433095932,65.996,123,128,,
16,VO,30,1,0.48396456241607666,55.022,123,128,,
16,VO,31,1,0.6335052847862244,24.011,123,128,,
17,G,0,0,2.0063633918762207,5.63,126,128,3.986785e-03,
17,G,1,0,3.2851128578186035,4.096,126,128,5.532487e-03,
17,G,2,0,3.1747474670410156,4.497,125,128,5.614488e-03,
17,G,3,0,3.5302581787109375,4.168,125,128,6.007804e-03,
17,G,4,0,2.3771402835845947,7.249,126,128,5.374187e-03,
17,G,5,0,3.187162160873413,4.987,126,128,5.933801e-03,
17,G,6,0,3.5268452167510986,4.081,126,128,5.941653e-03,
17,G,7,0,3.166370153427124,6.117,126,128,6.556008e-03,
17,G,8,0,2.4676783084869385,8.694,125,128,6.058712e-03,
17,G,9,0,3.4131598472595215,6.418,125,128,7.228928e-03,
17,G,10,0,3.19937801361084,7.284,123,128,7.263867e-03,
17,G,11,0,3.315976858139038,5.929,126,128,6.746252e-03,
17,G,12,0,3.483416795730591,5.301,126,128,6.699818e-03,
17,G,13,0,3.4521570205688477,5.475,126,128,6.772106e-03,
17,G,14,0,3.2091798782348633,5.994,126,128,6.562405e-03,
17,G,15,0,2.9976534843444824,4.661,126,128,5.409962e-03,
17,G,16,1,3.0620975494384766,4.965,126,128,5.708968e-03,
17,G,17,1,3.100132703781128,5.705,125,128,6.178005e-03,
17,G,18,1,2.950474262237549,6.115,124,128,6.184347e-03,
17,G,19,1,2.2863245010375977,8.523,125,128,5.600917e-03,
17,G,20,1,2.7895185947418213,7.904,125,128,6.539877e-03,
17,G,21,1,3.036491870880127,5.805,125,128,6.114843e-03,
17,G,22,1,3.0667264461517334,5.848,125,128,6.203330e-03,
17,G,23,1,3.0071215629577637,6.181,125,128,6.256036e-03,
17,G,24,1,3.3379709720611572,5.522,125,128,6.539521e-03,
17,G,25,1,3.231309413909912,4.992,126,128,6.026753e-03,
17,G,26,1,3.207029104232788,5.139,125,128,6.071670e-03,
17,G,27,1,2.5329177379608154,8.984,125,128,6.339245e-03,
17,G,28,1,3.0207178592681885,6.057,124,128,6.243953e-03,
17,G,29,1,3.2613799571990967,5.529,125,128,6.402547e-03,
17,G,30,1,2.0784711837768555,6.844,126,128,4.577524e-03,
17,G,31,1,3.5999436378479004,4.476,125,128,6.337535e-03,
17,K,0,0,1.490936040878296,23.047,114,125,6.185640e-03,
17,K,1,1,1.4781452417373657,22.391,116,125,6.072094e-03,
17,O,0,0,0.6357212662696838,75.26,125,128,5.974952e-03,
17,O,1,0,1.966317057609558,8.287,126,128,6.132610e-03,
17,O,2,0,1.4873825311660767,14.721,126,128,6.182665e-03,
17,O,3,0,1.8648900985717773,9.196,126,128,6.126740e-03,
17,O,4,0,1.0042210817337036,35.728,125,128,6.503089e-03,
17,O,5,0,1.6553983688354492,12.439,125,128,6.325163e-03,
17,O,6,0,1.4846885204315186,15.004,125,128,6.230553e-03,
17,O,7,0,1.4397238492965698,17.603,126,128,6.544234e-03,
17,O,8,0,2.3842556476593018,5.879,125,128,6.263282e-03,
17,O,9,0,1.379140853881836,20.659,125,128,6.791145e-03,
17,O,10,0,0.8790972828865051,51.327,125,128,6.823277e-03,
17,O,11,0,0.7717236876487732,61.624,126,128,6.563273e-03,
17,O,12,0,0.7451404929161072,67.18,125,128,6.616709e-03,
17,O,13,0,0.7747147083282471,68.056,125,128,6.924026e-03,
17,O,14,0,1.720271348953247,11.681,125,128,6.369832e-03,
17,O,15,0,1.633557677268982,11.882,126,128,6.100564e-03,
17,O,16,1,1.3155059814453125,15.163,124,128,5.549756e-03,
17,O,17,1,1.1507110595703125,23.459,124,128,6.038113e-03,
17,O,18,1,1.689266324043274,9.116,122,128,5.525738e-03,
17,O,19,1,1.3552277088165283,13.716,124,128,5.437690e-03,
17,O,20,1,2.085952043533325,5.967,123,128,5.520208e-03,
17,O,21,1,1.3812037706375122,17.581,124,128,6.274230e-03,
17,O,22,1,0.800245463848114,45.122,125,128,5.823720e-03,
17,O,23,1,0.8328720927238464,43.444,125,128,5.947394e-03,
17,O,24,1,0.8597487211227417,41.03,124,128,5.966350e-03,
17,O,25,1,0.7742630243301392,47.491,125,128,5.780673e-03,
17,O,26,1,0.7877829670906067,46.022,125,128,5.789963e-03,
17,O,27,1,1.9616408348083496,8.116,124,128,6.054560e-03,
17,O,28,1,1.0388834476470947,28.747,123,128,6.034615e-03,
17,O,29,1,0.7495047450065613,54.574,125,128,5.998596e-03,
17,O,30,1,0.8323826789855957,34.503,124,128,5.297044e-03,
17,O,31,1,1.7192517518997192,11.126,124,128,6.212872e-03,
17,Q,0,0,1.8219820261001587,14.972,124,128,5.997490e-03,
17,Q,1,0,2.054776191711426,13.635,123,128,6.401653e-03,
17,Q,2,0,2.061654567718506,13.556,124,128,6.403065e-03,
17,Q,3,0,2.1318857669830322,11.763,121,128,6.143567e-03,
17,Q,4,0,2.3282716274261475,9.628,122,128,6.130170e-03,
17,Q,5,0,2.137882709503174,11.957,120,127,6.196403e-03,
17,Q,6,0,2.0361621379852295,12.972,122,128,6.191887e-03,
17,Q,7,0,2.239851713180542,10.562,122,128,6.129549e-03,
17,Q,8,0,2.2438080310821533,10.155,123,128,6.046739e-03,
17,Q,9,0,2.1121158599853516,11.821,120,128,6.086858e-03,
17,Q,10,0,1.8361215591430664,17.398,123,128,6.458107e-03,
17,Q,11,0,1.9601362943649292,13.986,121,128,6.137238e-03,
17,Q,12,0,1.957601547241211,15.003,122,128,6.372221e-03,
17,Q,13,0,2.190220594406128,11.037,119,127,6.115655e-03,
17,Q,14,0,2.0151617527008057,12.723,123,128,6.062846e-03,
17,Q,15,0,1.9565520286560059,13.602,123,128,6.115025e-03,
17,Q,16,1,1.6111527681350708,19.792,123,128,6.058325e-03,
17,Q,17,1,1.8155019283294678,16.621,120,127,6.223605e-03,
17,Q,18,1,1.788642168045044,11.84,123,128,5.398509e-03,
17,Q,19,1,1.395281434059143,20.201,124,128,5.369467e-03,
17,Q,20,1,1.7208240032196045,16.577,120,127,5.941416e-03,
17,Q,21,1,1.8495752811431885,15.782,121,128,6.173370e-03,
17,Q,22,1,1.7798690795898438,17.753,122,128,6.308374e-03,
17,Q,23,1,1.8322142362594604,16.873,122,128,6.329757e-03,
17,Q,24,1,1.7245699167251587,18.672,120,127,6.252675e-03,
17,Q,25,1,1.746922254562378,17.232,120,127,6.106424e-03,
17,Q,26,1,1.774559736251831,18.408,122,128,6.402957e-03,
17,Q,27,1,1.6970452070236206,17.514,118,127,5.966851e-03,
17,Q,28,1,1.8346476554870605,13.935,122,128,5.827227e-03,
17,Q,29,1,1.810583472251892,17.125,121,127,6.304567e-03,
17,Q,30,1,1.7421377897262573,15.824,124,128,5.913518e-03,
17,Q,31,1,1.89541757106781,16.297,117,127,6.407754e-03,
17,QK,0,0,0.9818077683448792,18.192,110,124,,0
17,QK,1,0,0.9568538069725037,22.54,109,123,,0
17,QK,2,0,1.0871466398239136,18.923,107,123,,0
17,QK,3,0,1.0840728282928467,20.159,99,121,,0
17,QK,4,0,0.9198315143585205,23.211,104,122,,0
17,QK,5,0,1.1030824184417725,19.055,101,120,,0
17,QK,6,0,1.0189303159713745,19.28,107,123,,0
17,QK,7,0,1.16905677318573,15.982,103,121,,0
17,QK,8,0,1.0743834972381592,17.111,106,123,,0
17,QK,9,0,1.3021329641342163,14.078,99,119,,0
17,QK,10,0,1.0320196151733398,21.543,107,123,,0
17,QK,11,0,1.1817988157272339,17.352,100,120,,0
17,QK,12,0,1.0282502174377441,21.629,105,122,,0
17,QK,13,0,1.176135778427124,17.284,97,119,,0
17,QK,14,0,1.1828380823135376,16.271,102,122,,0
17,QK,15,0,0.9396945834159851,19.131,110,124,,0
17,QK,16,1,1.037699580192566,17.288,112,123,,0
17,QK,17,1,1.0018088817596436,21.253,108,121,,0
17,QK,18,1,0.8265647292137146,17.212,114,124,,0
17,QK,19,1,1.022322654724121,13.136,114,124,,0
17,QK,20,1,1.194511890411377,12.801,109,121,,0
17,QK,21,1,1.0413483381271362,20.203,106,121,,0
17,QK,22,1,1.0418733358383179,20.115,109,122,,0
17,QK,23,1,1.0303226709365845,20.936,109,122,,0
17,QK,24,1,1.128732442855835,18.016,106,121,,0
17,QK,25,1,1.066506266593933,17.98,108,121,,0
17,QK,26,1,1.1270592212677002,18.253,108,122,,0
17,QK,27,1,1.033584475517273,19.606,104,120,,0
17,QK,28,1,0.9645013213157654,17.345,112,122,,0
17,QK,29,1,1.024917483329773,20.667,109,122,,0
17,QK,30,1,1.2382338047027588,11.546,112,124,,0
17,QK,31,1,1.1775957345962524,18.411,101,119,,0
17,V,0,0,0.8351885676383972,86.802,124,126,6.392563e-03,
17,V,1,1,0.8277502059936523,72.309,124,126,5.854971e-03,
17,VO,0,0,0.4317081570625305,77.906,123,125,,
17,VO,1,0,0.4592975378036499,64.145,123,127,,
17,VO,2,0,0.4802969694137573,62.658,123,127,,
17,VO,3,0,0.4574167728424072,65.762,124,127,,
17,VO,4,0,0.4624274969100952,78.249,123,126,,
17,VO,5,0,0.4780150353908539,66.395,123,126,,
17,VO,6,0,0.46520495414733887,68.789,123,127,,
17,VO,7,0,0.6316765546798706,41.454,123,126,,
17,VO,8,0,0.553661048412323,42.547,123,127,,
17,VO,9,0,0.5931655764579773,51.499,123,126,,
17,VO,10,0,0.6236792206764221,48.172,122,126,,
17,VO,11,0,0.5284870266914368,62.447,123,126,,
17,VO,12,0,0.580632209777832,52.682,123,126,,
17,VO,13,0,0.5165934562683105,73.532,122,125,,
17,VO,14,0,0.5922022461891174,43.336,123,126,,
17,VO,15,0,0.4612511396408081,65.005,123,127,,
17,VO,16,1,0.3842710852622986,63.198,122,127,,
17,VO,17,1,0.4675188958644867,52.26,122,127,,
17,VO,18,1,0.5954669713973999,25.967,120,126,,
17,VO,19,1,0.4747218191623688,38.775,122,127,,
17,VO,20,1,0.4370547831058502,36.565,124,128,,
17,VO,21,1,0.531856894493103,43.717,122,126,,
17,VO,22,1,0.470458447933197,50.583,121,126,,
17,VO,23,1,0.5257952809333801,42.271,121,126,,
17,VO,24,1,0.4871356785297394,49.682,121,126,,
17,VO,25,1,0.4832949638366699,47.409,121,126,,
17,VO,26,1,0.47301098704338074,49.526,121,126,,
17,VO,27,1,0.42837971448898315,56.104,123,127,,
17,VO,28,1,0.6223687529563904,31.378,120,126,,
17,VO,29,1,0.5245088934898376,43.944,121,126,,
17,VO,30,1,0.40179669857025146,56.71,121,126,,
17,VO,31,1,0.47380530834198,51.315,122,127,,
18,G,0,0,2.353224039077759,9.621,123,128,6.279489e-03,
18,G,1,0,1.7702099084854126,9.668,123,128,4.742860e-03,
18,G,2,0,2.934802532196045,4.94,124,128,5.607969e-03,
18,G,3,0,3.3279504776000977,4.866,124,128,6.317340e-03,
18,G,4,0,3.104687213897705,4.602,124,128,5.734727e-03,
18,G,5,0,3.1148478984832764,4.978,124,128,5.979312e-03,
18,G,6,0,3.0208189487457275,5.282,124,128,5.962929e-03,
18,G,7,0,3.3515398502349854,4.757,124,128,6.297730e-03,
18,G,8,0,2.8171818256378174,5.929,121,128,5.914732e-03,
18,G,9,0,2.749244451522827,5.751,125,128,5.683235e-03,
18,G,10,0,2.220890522003174,8.09,124,128,5.447290e-03,
18,G,11,0,2.447636604309082,9.738,124,128,6.563243e-03,
18,G,12,0,2.4189257621765137,7.779,124,128,5.821221e-03,
18,G,13,0,3.2029740810394287,4.617,122,128,5.918969e-03,
18,G,14,0,2.7010154724121094,6.744,121,128,6.061684e-03,
18,G,15,0,3.0609521865844727,5.895,125,128,6.385833e-03,
18,G,16,1,2.9139556884765625,6.711,126,128,6.562677e-03,
18,G,17,1,2.4276089668273926,6.605,125,128,5.423159e-03,
18,G,18,1,2.951850175857544,6.935,126,128,6.740390e-03,
18,G,19,1,2.2676663398742676,8.474,126,128,5.736831e-03,
18,G,20,1,2.8817298412323,5.73,125,128,5.979701e-03,
18,G,21,1,2.3208229541778564,9.53,125,128,6.226747e-03,
18,G,22,1,3.268526554107666,5.527,125,128,6.668118e-03,
18,G,23,1,2.9872403144836426,5.187,126,128,5.898216e-03,
18,G,24,1,2.5471675395965576,12.01,124,128,7.653309e-03,
18,G,25,1,3.1231913566589355,5.832,125,128,6.538081e-03,
18,G,26,1,2.5635640621185303,9.961,123,127,7.041438e-03,
18,G,27,1,2.9138588905334473,8.166,125,128,7.212452e-03,
18,G,28,1,2.929654598236084,6.331,126,128,6.400662e-03,
18,G,29,1,1.374801516532898,8.752,125,128,3.537829e-03,
18,G,30,1,2.5351617336273193,6.699,125,128,5.688195e-03,
18,G,31,1,2.6878955364227295,8.307,125,128,6.721322e-03,
18,K,0,0,1.6001967191696167,25.977,110,124,7.139167e-03,
18,K,1,1,1.5181297063827515,13.462,114,124,4.915759e-03,
18,O,0,0,1.4846280813217163,13.958,124,128,6.009058e-03,
18,O,1,0,1.200232982635498,16.99,124,128,5.359742e-03,
18,O,2,0,1.395369291305542,14.783,125,128,5.812457e-03,
18,O,3,0,0.9701236486434937,34.981,124,128,6.216204e-03,
18,O,4,0,0.8196328282356262,42.552,124,128,5.792445e-03,
18,O,5,0,1.0046387910842896,31.268,124,128,6.086150e-03,
18,O,6,0,2.4267094135284424,4.39,123,128,5.508226e-03,
18,O,7,0,1.0673859119415283,27.327,124,128,6.045037e-03,
18,O,8,0,1.0974241495132446,25.436,124,128,5.996256e-03,
18,O,9,0,1.0205652713775635,29.316,125,128,5.986566e-03,
18,O,10,0,0.9479875564575195,33.746,124,128,5.966205e-03,
18,O,11,0,2.283820152282715,5.158,123,128,5.619177e-03,
18,O,12,0,0.9918339252471924,34.233,124,128,6.286993e-03,
18,O,13,0,0.8064221143722534,48.626,124,128,6.092280e-03,
18,O,14,0,0.7999263405799866,52.313,124,128,6.268117e-03,
18,O,15,0,1.287756085395813,20.089,124,128,6.253074e-03,
18,O,16,1,0.9467328786849976,37.051,124,128,6.243279e-03,
18,O,17,1,0.8827579021453857,37.848,125,128,5.883662e-03,
18,O,18,1,2.7888832092285156,3.82,124,128,5.905062e-03,
18,O,19,1,0.7689871788024902,64.81,124,127,6.706926e-03,
18,O,20,1,0.7699258327484131,54.865,125,128,6.178451e-03,
18,O,21,1,1.541170597076416,14.578,124,128,6.375153e-03,
18,O,22,1,0.8315151929855347,50.186,125,128,6.381834e-03,
18,O,23,1,0.7392391562461853,58.236,125,128,6.111748e-03,
18,O,24,1,1.3761852979660034,22.511,123,128,7.073934e-03,
18,O,25,1,0.7815015316009521,56.7,125,128,6.375353e-03,
18,O,26,1,1.158908724784851,25.92,121,127,6.392202e-03,
18,O,27,1,1.3006007671356201,22.703,123,128,6.713776e-03,
18,O,28,1,0.8065642714500427,55.266,125,128,6.496064e-03,
18,O,29,1,0.6307289004325867,59.297,125,128,5.261884e-03,
18,O,30,1,0.7842998504638672,49.172,124,128,5.958345e-03,
18,O,31,1,0.9841614961624146,36.157,124,128,6.411322e-03,
18,Q,0,0,2.3301987648010254,9.463,121,127,6.201275e-03,
18,Q,1,0,1.7986886501312256,13.907,122,128,5.826747e-03,
18,Q,2,0,2.4430723190307617,10.477,122,128,6.851677e-03,
18,Q,3,0,1.9508737325668335,14.992,120,127,6.503373e-03,
18,Q,4,0,2.4684531688690186,10.181,123,128,6.810468e-03,
18,Q,5,0,2.0408403873443604,13.526,119,127,6.455834e-03,
18,Q,6,0,1.981553554534912,12.165,119,127,5.966485e-03,
18,Q,7,0,1.9863524436950684,14.387,120,127,6.504723e-03,
18,Q,8,0,2.605462074279785,8.526,121,128,6.561846e-03,
18,Q,9,0,2.2116496562957764,12.533,122,128,6.798618e-03,
18,Q,10,0,2.1083505153656006,11.602,123,128,6.199515e-03,
18,Q,11,0,2.3877110481262207,8.342,120,127,5.985552e-03,
18,Q,12,0,2.4592065811157227,8.15,120,127,6.089027e-03,
18,Q,13,0,2.092515707015991,12.838,120,128,6.467881e-03,
18,Q,14,0,2.200812578201294,12.018,121,127,6.635993e-03,
18,Q,15,0,2.0017588138580322,14.524,120,127,6.576545e-03,
18,Q,16,1,1.807285189628601,15.049,121,128,6.120491e-03,
18,Q,17,1,1.7759523391723633,12.531,124,128,5.512935e-03,
18,Q,18,1,1.686478614807129,13.855,119,127,5.480799e-03,
18,Q,19,1,1.9886564016342163,9.969,122,127,5.472120e-03,
18,Q,20,1,2.00024676322937,11.691,123,128,5.954246e-03,
18,Q,21,1,1.9146298170089722,12.292,123,127,5.847590e-03,
18,Q,22,1,1.792166829109192,10.171,123,128,4.982515e-03,
18,Q,23,1,1.8839538097381592,13.803,122,128,6.091638e-03,
18,Q,24,1,1.693756341934204,18.004,123,128,6.239725e-03,
18,Q,25,1,2.044532537460327,12.296,123,128,6.232023e-03,
18,Q,26,1,1.7678544521331787,13.426,123,127,5.663849e-03,
18,Q,27,1,2.1581926345825195,11.442,121,128,6.317386e-03,
18,Q,28,1,2.043351173400879,11.551,123,128,6.042165e-03,
18,Q,29,1,1.4559974670410156,17.529,124,127,5.330979e-03,
18,Q,30,1,1.6960275173187256,16.2,124,128,5.947200e-03,
18,Q,31,1,1.926405429840088,12.588,123,128,5.942209e-03,
18,QK,0,0,1.0914312601089478,17.6,106,120,,0
18,QK,1,0,1.2724870443344116,15.691,100,119,,0
18,QK,2,0,1.1109706163406372,20.651,107,121,,0
18,QK,3,0,0.9377030730247498,37.439,96,116,,0
18,QK,4,0,1.2258732318878174,20.761,101,119,,0
18,QK,5,0,1.0081862211227417,32.644,95,116,,0
18,QK,6,0,1.2767146825790405,18.263,90,115,,0
18,QK,7,0,1.1448752880096436,24.746,95,116,,0
18,QK,8,0,1.2239049673080444,19.652,100,118,,0
18,QK,9,0,1.0964903831481934,20.688,108,121,,0
18,QK,10,0,1.1722487211227417,19.459,102,120,,0
18,QK,11,0,1.1019328832626343,17.579,101,118,,0
18,QK,12,0,0.9745556712150574,26.903,98,118,,0
18,QK,13,0,1.2015503644943237,22.245,95,116,,0
18,QK,14,0,0.9980611801147461,24.815,106,120,,0
18,QK,15,0,0.9730162620544434,32.86,99,117,,0
18,QK,16,1,1.1562113761901855,9.143,102,120,,0
18,QK,17,1,0.8505734205245972,10.418,114,123,,0
18,QK,18,1,1.5380572080612183,4.831,96,119,,0
18,QK,19,1,0.9630544781684875,10.12,106,121,,0
18,QK,20,1,1.0529621839523315,9.166,110,122,,0
18,QK,21,1,1.0575625896453857,9.121,110,122,,0
18,QK,22,1,1.0857480764389038,6.862,107,121,,0
18,QK,23,1,1.254569172859192,7.525,107,121,,0
18,QK,24,1,1.2380561828613281,8.607,105,121,,0
18,QK,25,1,1.2125319242477417,8.49,107,121,,0
18,QK,26,1,1.339333415031433,6.326,107,122,,0
18,QK,27,1,1.2591432332992554,8.828,101,120,,0
18,QK,28,1,1.1067471504211426,9.342,107,121,,0
18,QK,29,1,1.2386268377304077,5.764,112,123,,0
18,QK,30,1,1.0227736234664917,9.443,111,122,,0
18,QK,31,1,1.1039255857467651,9.142,108,122,,0
18,V,0,0,0.8696314692497253,64.984,123,127,5.976916e-03,
18,V,1,1,0.8155438303947449,79.666,124,127,6.278522e-03,
18,VO,0,0,0.6262131929397583,27.625,122,127,,
18,VO,1,0,0.5110489130020142,34.662,122,127,,
18,VO,2,0,0.4662293493747711,46.986,123,127,,
18,VO,3,0,0.4966422915458679,49.829,121,127,,
18,VO,4,0,0.4745822846889496,48.011,122,127,,
18,VO,5,0,0.4708552658557892,52.649,122,127,,
18,VO,6,0,0.5379223227500916,25.225,123,127,,
18,VO,7,0,0.4779822826385498,49.954,122,127,,
18,VO,8,0,0.5024815201759338,45.483,121,127,,
18,VO,9,0,0.49031010270118713,47.071,123,127,,
18,VO,10,0,0.4665486216545105,50.018,122,126,,
18,VO,11,0,0.606533408164978,20.818,123,127,,
18,VO,12,0,0.524962306022644,44.56,121,127,,
18,VO,13,0,0.5213585495948792,43.906,122,127,,
18,VO,14,0,0.5219315886497498,46.168,121,127,,
18,VO,15,0,0.5159269571304321,45.59,121,127,,
18,VO,16,1,0.5273525714874268,48.647,122,127,,
18,VO,17,1,0.5071675777435303,46.91,123,127,,
18,VO,18,1,0.5588369369506836,30.11,124,128,,
18,VO,19,1,0.5260608792304993,57.186,122,126,,
18,VO,20,1,0.5569466352462769,44.001,123,127,,
18,VO,21,1,0.7379816770553589,26.135,122,127,,
18,VO,22,1,0.5298150181770325,50.58,122,127,,
18,VO,23,1,0.5368724465370178,46.237,123,127,,
18,VO,24,1,0.7988750338554382,27.768,120,126,,
18,VO,25,1,0.5454325079917908,48.486,122,127,,
18,VO,26,1,0.7067182064056396,28.909,119,126,,
18,VO,27,1,0.7497609853744507,27.885,121,126,,
18,VO,28,1,0.5577744841575623,48.729,122,127,,
18,VO,29,1,0.44093698263168335,50.735,123,127,,
18,VO,30,1,0.5005358457565308,49.88,122,126,,
18,VO,31,1,0.6102950572967529,38.836,122,127,,
19,G,0,0,2.573807954788208,10.083,125,128,7.191070e-03,
19,G,1,0,3.2022624015808105,5.119,123,128,6.371936e-03,
19,G,2,0,3.135254144668579,5.796,124,128,6.711453e-03,
19,G,3,0,3.585240602493286,3.812,125,128,6.142779e-03,
19,G,4,0,3.186551570892334,4.667,124,128,6.041134e-03,
19,G,5,0,2.647749662399292,8.918,124,128,6.958687e-03,
19,G,6,0,2.9448366165161133,11.125,123,128,8.659502e-03,
19,G,7,0,1.8273354768753052,7.735,125,128,4.475872e-03,
19,G,8,0,2.376845121383667,13.976,124,128,7.822461e-03,
19,G,9,0,2.784249782562256,8.46,126,128,7.119409e-03,
19,G,10,0,3.302790880203247,4.265,124,128,5.999282e-03,
19,G,11,0,2.9901540279388428,6.849,124,128,6.882478e-03,
19,G,12,0,3.7740819454193115,3.81,125,128,6.487415e-03,
19,G,13,0,2.8087143898010254,8.723,125,128,7.317638e-03,
19,G,14,0,2.2665398120880127,14.679,125,128,7.664011e-03,
19,G,15,0,2.5570390224456787,7.717,126,128,6.252819e-03,
19,G,16,1,3.079275608062744,4.016,123,128,5.389003e-03,
19,G,17,1,2.7817065715789795,5.336,123,128,5.615549e-03,
19,G,18,1,3.126863479614258,3.898,124,128,5.387542e-03,
19,G,19,1,2.460960626602173,5.598,125,128,5.102359e-03,
19,G,20,1,2.618924617767334,6.214,123,128,5.700402e-03,
19,G,21,1,2.860626697540283,4.658,123,128,5.395359e-03,
19,G,22,1,2.2227067947387695,4.616,122,128,4.176402e-03,
19,G,23,1,2.919588565826416,4.77,124,128,5.561935e-03,
19,G,24,1,2.663958787918091,5.399,124,128,5.422779e-03,
19,G,25,1,3.1416258811950684,3.482,121,128,5.105847e-03,
19,G,26,1,3.033668279647827,3.992,122,128,5.293761e-03,
19,G,27,1,2.3896303176879883,6.184,123,128,5.194562e-03,
19,G,28,1,2.850982666015625,3.958,122,128,4.962657e-03,
19,G,29,1,3.198817729949951,4.439,124,128,5.876257e-03,
19,G,30,1,2.6322262287139893,5.842,122,128,5.562025e-03,
19,G,31,1,3.0655007362365723,4.488,123,128,5.672751e-03,
19,K,0,0,1.3039724826812744,21.008,125,127,5.413717e-03,
19,K,1,1,1.1474066972732544,43.917,124,127,6.769050e-03,
19,O,0,0,0.9400713443756104,37.689,124,128,6.252484e-03,
19,O,1,0,1.281441569328308,19.574,124,128,6.142112e-03,
19,O,2,0,1.384340763092041,16.044,122,128,6.007425e-03,
19,O,3,0,0.7057759165763855,64.028,125,128,6.118369e-03,
19,O,4,0,0.7918519377708435,45.064,124,128,5.758926e-03,
19,O,5,0,1.0766363143920898,29.802,124,128,6.367597e-03,
19,O,6,0,1.3213788270950317,23.547,121,127,6.946716e-03,
19,O,7,0,0.8308202028274536,36.045,125,128,5.403985e-03,
19,O,8,0,1.3482666015625,21.702,123,127,6.804737e-03,
19,O,9,0,0.9506995677947998,38.84,124,128,6.418970e-03,
19,O,10,0,1.0807769298553467,23.926,125,128,5.727319e-03,
19,O,11,0,0.8638589382171631,43.024,124,128,6.138781e-03,
19,O,12,0,0.8373569250106812,45.836,125,128,6.141813e-03,
19,O,13,0,0.8834455609321594,43.84,124,128,6.337256e-03,
19,O,14,0,0.898684561252594,44.426,123,128,6.489511e-03,
19,O,15,0,0.8210061192512512,52.84,124,127,6.465628e-03,
19,O,16,1,0.7964147329330444,45.011,124,128,5.788750e-03,
19,O,17,1,0.8227505683898926,47.363,124,128,6.134385e-03,
19,O,18,1,0.8096485137939453,45.893,124,128,5.942274e-03,
19,O,19,1,0.8128941655158997,48.581,124,128,6.138339e-03,
19,O,20,1,0.9717369079589844,35.576,124,128,6.279300e-03,
19,O,21,1,0.811507523059845,46.998,123,128,6.027185e-03,
19,O,22,1,0.8016356825828552,39.676,124,128,5.470498e-03,
19,O,23,1,0.8010962605476379,46.092,124,128,5.892267e-03,
19,O,24,1,0.8038188219070435,53.925,124,128,6.394951e-03,
19,O,25,1,0.8720465302467346,35.308,124,128,5.613866e-03,
19,O,26,1,0.8212712407112122,44.166,124,128,5.913130e-03,
19,O,27,1,0.9057953357696533,41.844,124,128,6.347911e-03,
19,O,28,1,0.749180018901825,49.517,124,128,5.711454e-03,
19,O,29,1,0.8515712022781372,44.099,124,128,6.126597e-03,
19,O,30,1,0.8951312303543091,45.786,123,128,6.561979e-03,
19,O,31,1,0.7994632720947266,47.239,124,128,5.952991e-03,
19,Q,0,0,1.5829319953918457,16.531,125,128,5.676876e-03,
19,Q,1,0,1.3262028694152832,20.353,125,128,5.324161e-03,
19,Q,2,0,1.513473391532898,17.475,125,128,5.866905e-03,
19,Q,3,0,1.903580904006958,12.135,126,128,5.833060e-03,
19,Q,4,0,1.6483575105667114,14.376,125,128,5.556678e-03,
19,Q,5,0,1.4359021186828613,20.699,124,128,5.761079e-03,
19,Q,6,0,2.270779848098755,10.014,124,128,6.329660e-03,
19,Q,7,0,1.5412800312042236,13.971,126,128,5.128076e-03,
19,Q,8,0,1.784914255142212,15.171,125,128,6.121375e-03,
19,Q,9,0,1.6591099500656128,16.847,125,128,5.989718e-03,
19,Q,10,0,1.7644500732421875,11.291,125,128,5.358791e-03,
19,Q,11,0,1.6261342763900757,17.987,124,128,6.073289e-03,
19,Q,12,0,1.6768460273742676,13.393,124,128,5.531244e-03,
19,Q,13,0,1.885077953338623,12.294,125,128,5.853310e-03,
19,Q,14,0,1.467059850692749,19.256,123,128,5.701776e-03,
19,Q,15,0,1.7862389087677002,13.435,125,128,5.788785e-03,
19,Q,16,1,1.8868294954299927,15.716,125,128,6.551511e-03,
19,Q,17,1,1.6536095142364502,22.061,124,128,6.772272e-03,
19,Q,18,1,1.7590527534484863,19.507,124,128,6.778743e-03,
19,Q,19,1,2.1036744117736816,10.242,125,128,5.896849e-03,
19,Q,20,1,1.7579975128173828,17.706,124,128,6.474327e-03,
19,Q,21,1,1.5631848573684692,24.225,123,128,6.715138e-03,
19,Q,22,1,1.548916220664978,15.551,125,128,5.417436e-03,
19,Q,23,1,1.7936493158340454,18.692,123,128,6.748134e-03,
19,Q,24,1,1.7831501960754395,16.682,124,128,6.368872e-03,
19,Q,25,1,2.069305896759033,13.444,125,128,6.658388e-03,
19,Q,26,1,1.752454400062561,19.717,124,128,6.784609e-03,
19,Q,27,1,1.8466997146606445,14.614,125,128,6.183743e-03,
19,Q,28,1,2.0166971683502197,13.819,125,128,6.646076e-03,
19,Q,29,1,1.6248672008514404,23.22,123,128,6.843246e-03,
19,Q,30,1,2.263213872909546,9.155,125,128,6.006654e-03,
19,Q,31,1,1.8393148183822632,17.499,125,128,6.721994e-03,
19,QK,0,0,0.7778013944625854,18.131,124,128,,1
19,QK,1,0,0.595355212688446,26.283,124,128,,1
19,QK,2,0,0.6921694278717041,21.594,123,127,,1
19,QK,3,0,0.7942813038825989,17.825,124,128,,1
19,QK,4,0,0.774142861366272,17.367,123,128,,1
19,QK,5,0,0.6825958490371704,24.202,123,127,,1
19,QK,6,0,1.1020066738128662,11.147,123,128,,1
19,QK,7,0,0.9064544439315796,10.874,124,128,,1
19,QK,8,0,0.9071434140205383,15.432,124,128,,1
19,QK,9,0,0.8924025893211365,15.47,124,128,,1
19,QK,10,0,0.802737295627594,13.99,124,128,,1
19,QK,11,0,0.8780055642127991,16.554,122,127,,1
19,QK,12,0,0.7298578023910522,18.919,123,128,,1
19,QK,13,0,0.8546066880226135,15.69,124,128,,1
19,QK,14,0,0.7579317092895508,19.148,122,127,,1
19,QK,15,0,0.7334874868392944,20.322,124,128,,1
19,QK,16,1,0.6402212381362915,57.356,123,127,,1
19,QK,17,1,0.6040786504745483,71.838,122,126,,1
19,QK,18,1,0.6226605176925659,66.182,123,127,,1
19,QK,19,1,0.536212682723999,63.382,124,127,,1
19,QK,20,1,0.566954493522644,72.225,123,127,,1
19,QK,21,1,0.6117393374443054,69.429,121,126,,1
19,QK,22,1,0.6565715670585632,38.173,123,127,,1
19,QK,23,1,0.6171910762786865,67.458,122,127,,1
19,QK,24,1,0.5716666579246521,68.578,123,127,,1
19,QK,25,1,0.8314296007156372,34.166,124,127,,1
19,QK,26,1,0.5874364376068115,74.729,123,127,,1
19,QK,27,1,0.5946518182754517,58.967,123,127,,1
19,QK,28,1,0.6781198978424072,50.205,124,127,,1
19,QK,29,1,0.7158036828041077,52.502,122,126,,1
19,QK,30,1,0.6132169365882874,48.19,124,127,,1
19,QK,31,1,0.6338258385658264,62.399,123,127,,1
19,V,0,0,0.907060444355011,68.481,125,128,6.586849e-03,
19,V,1,1,0.8587989807128906,57.21,125,128,5.636031e-03,
19,VO,0,0,0.6103623509407043,39.418,122,127,,
19,VO,1,0,0.6546602249145508,31.614,123,127,,
19,VO,2,0,0.768546998500824,22.389,121,127,,
19,VO,3,0,0.4832233488559723,60.293,123,127,,
19,VO,4,0,0.5059444904327393,48.008,122,127,,
19,VO,5,0,0.6791421175003052,33.138,121,127,,
19,VO,6,0,0.8789827823638916,24.266,118,127,,
19,VO,7,0,0.48579683899879456,46.744,123,127,,
19,VO,8,0,0.8691299557685852,23.382,121,127,,
19,VO,9,0,0.6827564835548401,34.408,121,127,,
19,VO,10,0,0.5697010159492493,36.403,123,128,,
19,VO,11,0,0.5920968055725098,40.927,122,127,,
19,VO,12,0,0.5680343508720398,44.074,122,127,,
19,VO,13,0,0.6018900275230408,42.707,122,127,,
19,VO,14,0,0.6207249164581299,42.184,120,127,,
19,VO,15,0,0.5844526886940002,47.381,121,127,,
19,VO,16,1,0.428777277469635,50.672,123,127,,
19,VO,17,1,0.4455720782279968,52.609,122,127,,
19,VO,18,1,0.477973997592926,43.053,122,127,,
19,VO,19,1,0.43037062883377075,55.567,123,127,,
19,VO,20,1,0.47634661197662354,46.342,122,127,,
19,VO,21,1,0.4507712423801422,49.672,121,127,,
19,VO,22,1,0.39369985461235046,52.794,122,127,,
19,VO,23,1,0.42869311571121216,52.238,122,127,,
19,VO,24,1,0.4940543472766876,45.975,122,128,,
19,VO,25,1,0.41004812717437744,50.425,123,127,,
19,VO,26,1,0.4413817822933197,49.287,122,127,,
19,VO,27,1,0.47625020146369934,47.246,123,127,,
19,VO,28,1,0.4321713149547577,47.893,123,128,,
19,VO,29,1,0.502358078956604,41.658,122,127,,
19,VO,30,1,0.5098974108695984,43.284,122,128,,
19,VO,31,1,0.42971524596214294,53.016,122,127,,
20,G,0,0,3.213090658187866,6.48,125,128,6.736544e-03,
20,G,1,0,3.207977056503296,5.585,125,128,6.286016e-03,
20,G,2,0,2.88822340965271,7.734,125,128,6.591923e-03,
20,G,3,0,3.1189208030700684,4.963,125,128,5.731165e-03,
20,G,4,0,3.3354454040527344,5.57,125,128,6.479769e-03,
20,G,5,0,3.5864462852478027,4.501,125,128,6.258721e-03,
20,G,6,0,3.1968178749084473,6.063,125,128,6.490117e-03,
20,G,7,0,3.0168564319610596,6.487,126,128,6.334725e-03,
20,G,8,0,2.7609517574310303,9.496,125,128,6.987237e-03,
20,G,9,0,3.133713483810425,5.579,125,128,6.082946e-03,
20,G,10,0,2.1404104232788086,7.279,126,128,4.781563e-03,
20,G,11,0,3.5125672817230225,4.156,125,128,5.891751e-03,
20,G,12,0,3.021352529525757,6.167,125,128,6.170204e-03,
20,G,13,0,2.2379305362701416,8.481,126,128,5.385190e-03,
20,G,14,0,2.756993055343628,10.547,125,128,7.380549e-03,
20,G,15,0,2.713153123855591,7.472,125,128,6.100205e-03,
20,G,16,1,2.298271656036377,8.33,125,128,5.527749e-03,
20,G,17,1,2.617183208465576,7.538,125,128,5.941661e-03,
20,G,18,1,2.8545446395874023,7.079,125,128,6.249309e-03,
20,G,19,1,3.2466821670532227,5.528,124,128,6.269483e-03,
20,G,20,1,2.4134364128112793,8.737,125,128,5.894038e-03,
20,G,21,1,2.5057754516601562,8.965,123,128,6.191180e-03,
20,G,22,1,2.544443368911743,9.324,124,128,6.403055e-03,
20,G,23,1,2.519404172897339,8.205,125,128,5.943816e-03,
20,G,24,1,2.9367434978485107,6.256,121,128,6.088191e-03,
20,G,25,1,2.637505054473877,8.217,120,128,6.241519e-03,
20,G,26,1,3.2195708751678467,6.043,124,128,6.494632e-03,
20,G,27,1,2.8451087474823,5.605,124,128,5.608119e-03,
20,G,28,1,3.2173750400543213,4.335,122,128,5.547437e-03,
20,G,29,1,2.821408271789551,5.773,125,128,5.627332e-03,
20,G,30,1,2.0456161499023438,10.41,123,128,5.453472e-03,
20,G,31,1,2.835024833679199,7.328,125,128,6.318608e-03,
20,K,0,0,1.49557363986969,22.433,112,124,6.057194e-03,
20,K,1,1,1.7509702444076538,17.656,111,123,6.200001e-03,
20,O,0,0,1.018524408340454,34.923,124,128,6.520920e-03,
20,O,1,0,0.9342721700668335,37.297,124,128,6.181508e-03,
20,O,2,0,1.5067616701126099,14.735,125,128,6.266106e-03,
20,O,3,0,1.2443851232528687,19.934,125,128,6.019161e-03,
20,O,4,0,0.9034267663955688,42.711,125,128,6.396545e-03,
20,O,5,0,0.8203040957450867,46.983,125,128,6.091574e-03,
20,O,6,0,1.2147151231765747,23.625,125,128,6.396499e-03,
20,O,7,0,0.9285995960235596,40.628,125,128,6.412492e-03,
20,O,8,0,1.3707306385040283,17.376,125,128,6.190340e-03,
20,O,9,0,1.3156416416168213,18.002,125,128,6.047547e-03,
20,O,10,0,0.8540549874305725,37.224,125,128,5.645205e-03,
20,O,11,0,0.8938719630241394,39.213,125,128,6.064237e-03,
20,O,12,0,0.9091594219207764,40.289,125,128,6.251989e-03,
20,O,13,0,1.4261913299560547,13.482,125,128,5.673388e-03,
20,O,14,0,1.4186655282974243,17.344,124,128,6.400940e-03,
20,O,15,0,1.2410374879837036,22.692,125,128,6.404851e-03,
20,O,16,1,0.9231768250465393,29.503,124,128,5.432530e-03,
20,O,17,1,1.62440025806427,11.65,122,128,6.006781e-03,
20,O,18,1,1.7072192430496216,12.087,124,128,6.430233e-03,
20,O,19,1,1.634521722793579,11.979,123,128,6.128933e-03,
20,O,20,1,1.4856880903244019,14.38,123,128,6.103572e-03,
20,O,21,1,0.9315770864486694,36.655,124,128,6.110412e-03,
20,O,22,1,1.53136146068573,14.273,123,128,6.267885e-03,
20,O,23,1,1.5439661741256714,13.55,123,128,6.157212e-03,
20,O,24,1,1.0903245210647583,24.907,124,128,5.895185e-03,
20,O,25,1,1.1927441358566284,24.121,124,128,6.346479e-03,
20,O,26,1,1.6804910898208618,12.336,123,128,6.394422e-03,
20,O,27,1,1.642848253250122,10.595,124,128,5.793305e-03,
20,O,28,1,1.3105056285858154,16.467,124,128,5.761430e-03,
20,O,29,1,1.2848923206329346,17.746,124,128,5.864151e-03,
20,O,30,1,0.9241390228271484,31.826,124,128,5.648234e-03,
20,O,31,1,1.905563235282898,10.286,123,128,6.621183e-03,
20,Q,0,0,2.3235089778900146,10.015,120,127,6.105829e-03,
20,Q,1,0,2.3112311363220215,10.242,122,128,6.191854e-03,
20,Q,2,0,2.062643527984619,14.702,122,128,6.565973e-03,
20,Q,3,0,2.2733452320098877,11.891,122,127,6.544283e-03,
20,Q,4,0,2.20829439163208,12.709,120,127,6.487620e-03,
20,Q,5,0,2.310695171356201,11.125,121,127,6.395197e-03,
20,Q,6,0,2.2811765670776367,11.567,121,128,6.417911e-03,
20,Q,7,0,2.289803981781006,10.063,121,127,6.020458e-03,
20,Q,8,0,2.030853509902954,14.652,122,128,6.469177e-03,
20,Q,9,0,2.2609035968780518,11.927,121,127,6.464483e-03,
20,Q,10,0,1.9875661134719849,12.098,123,127,5.812278e-03,
20,Q,11,0,2.2449567317962646,10.981,118,127,6.148119e-03,
20,Q,12,0,2.0276834964752197,13.649,119,127,6.175353e-03,
20,Q,13,0,1.902614712715149,12.418,124,128,5.689977e-03,
20,Q,14,0,1.9974815845489502,14.212,122,128,6.274126e-03,
20,Q,15,0,2.166461944580078,9.663,121,128,5.612325e-03,
20,Q,16,1,1.8015618324279785,13.661,124,128,5.743885e-03,
20,Q,17,1,2.1870193481445312,11.179,112,126,6.009957e-03,
20,Q,18,1,1.7988576889038086,15.344,118,127,5.867075e-03,
20,Q,19,1,1.9243661165237427,15.945,112,126,6.320659e-03,
20,Q,20,1,1.6341105699539185,20.514,116,127,6.097214e-03,
20,Q,21,1,1.917082667350769,14.392,120,127,6.033869e-03,
20,Q,22,1,1.7680500745773315,16.673,116,126,5.966955e-03,
20,Q,23,1,1.9593315124511719,13.311,116,126,5.965147e-03,
20,Q,24,1,1.916284203529358,16.502,121,127,6.468563e-03,
20,Q,25,1,1.864375352859497,15.175,116,127,6.029405e-03,
20,Q,26,1,1.819066047668457,18.349,112,126,6.362174e-03,
20,Q,27,1,2.0991711616516113,11.23,122,128,5.958784e-03,
20,Q,28,1,2.0379700660705566,13.067,113,127,6.224108e-03,
20,Q,29,1,1.8325570821762085,15.689,120,127,6.030131e-03,
20,Q,30,1,2.1473453044891357,10.202,121,128,5.737388e-03,
20,Q,31,1,1.6985430717468262,16.86,112,126,5.754434e-03,
20,QK,0,0,1.0128682851791382,20.872,101,119,,0
20,QK,1,0,1.123250126838684,16.988,102,120,,0
20,QK,2,0,0.9067299962043762,25.204,107,121,,0
20,QK,3,0,0.9921457767486572,22.094,105,121,,0
20,QK,4,0,0.9972167611122131,23.673,102,119,,0
20,QK,5,0,0.9824423789978027,23.567,103,120,,0
20,QK,6,0,1.011025309562683,21.63,103,120,,0
20,QK,7,0,1.164293885231018,16.208,100,119,,0
20,QK,8,0,0.9504942893981934,23.342,106,121,,0
20,QK,9,0,0.8976719975471497,27.265,105,120,,0
20,QK,10,0,0.8108832836151123,21.064,112,123,,0
20,QK,11,0,1.0145498514175415,22.697,97,117,,0
20,QK,12,0,0.9759566783905029,23.748,100,118,,0
20,QK,13,0,0.7173322439193726,24.705,113,124,,0
20,QK,14,0,1.0869494676589966,18.956,100,120,,0
20,QK,15,0,0.8262745141983032,23.977,104,120,,0
20,QK,16,1,1.2291985750198364,8.657,114,123,,0
20,QK,17,1,1.649583101272583,9.955,90,111,,0
20,QK,18,1,1.0135116577148438,19.739,103,117,,0
20,QK,19,1,1.404511570930481,14.463,94,112,,0
20,QK,20,1,1.2685035467147827,17.251,96,114,,0
20,QK,21,1,1.0988154411315918,18.411,103,118,,0
20,QK,22,1,1.182504653930664,16.126,101,116,,0
20,QK,23,1,1.3556054830551147,12.049,100,116,,0
20,QK,24,1,1.1458840370178223,17.342,106,120,,0
20,QK,25,1,1.080443263053894,21.206,96,115,,0
20,QK,26,1,1.3400115966796875,17.329,93,111,,0
20,QK,27,1,1.0287506580352783,13.02,112,122,,0
20,QK,28,1,1.8011443614959717,9.113,88,111,,0
20,QK,29,1,1.246590256690979,13.656,105,119,,0
20,QK,30,1,1.4248666763305664,9.289,104,119,,0
20,QK,31,1,1.318049669265747,13.873,91,111,,0
20,V,0,0,0.9907875657081604,60.512,124,127,6.151009e-03,
20,V,1,1,0.9354587197303772,63.917,123,126,6.107893e-03,
20,VO,0,0,0.7724283933639526,26.54,123,127,,
20,VO,1,0,0.581666886806488,42.641,122,127,,
20,VO,2,0,0.590942919254303,40.604,123,128,,
20,VO,3,0,0.5123907327651978,50.683,124,128,,
20,VO,4,0,0.7362580299377441,29.01,123,127,,
20,VO,5,0,0.7038657665252686,28.406,123,127,,
20,VO,6,0,0.6070444583892822,40.982,124,128,,
20,VO,7,0,0.6220288872718811,40.477,123,127,,
20,VO,8,0,0.6282135248184204,35.89,123,127,,
20,VO,9,0,0.7060685753822327,26.513,124,128,,
20,VO,10,0,0.4831055700778961,51.581,123,127,,
20,VO,11,0,0.5179570317268372,50.833,123,127,,
20,VO,12,0,0.5618946552276611,46.415,123,127,,
20,VO,13,0,0.4952765703201294,45.866,124,128,,
20,VO,14,0,0.6783518195152283,32.91,122,127,,
20,VO,15,0,0.5392788052558899,50.897,124,128,,
20,VO,16,1,0.6207136511802673,26.727,122,126,,
20,VO,17,1,0.5958373546600342,33.823,121,127,,
20,VO,18,1,0.5937051177024841,39.146,122,127,,
20,VO,19,1,0.5778357982635498,36.448,122,127,,
20,VO,20,1,0.5976170897483826,36.157,122,127,,
20,VO,21,1,0.6503802537918091,32.376,122,126,,
20,VO,22,1,0.6517776846885681,31.771,121,127,,
20,VO,23,1,0.5732589960098267,38.169,122,127,,
20,VO,24,1,0.607875645160675,33.565,121,126,,
20,VO,25,1,0.5738744139671326,43.145,121,127,,
20,VO,26,1,0.5703420639038086,42.758,121,127,,
20,VO,27,1,0.5795936584472656,31.789,123,127,,
20,VO,28,1,0.5063306093215942,43.78,122,127,,
20,VO,29,1,0.5402570962905884,41.373,122,127,,
20,VO,30,1,0.5076698660850525,44.375,122,126,,
20,VO,31,1,0.6868064403533936,30.424,121,127,,
21,G,0,0,2.425600528717041,7.331,121,128,5.643979e-03,
21,G,1,0,2.633309841156006,7.978,120,127,6.417855e-03,
21,G,2,0,3.0647969245910645,6.566,125,128,6.749381e-03,
21,G,3,0,2.765322685241699,5.911,123,128,5.761898e-03,
21,G,4,0,3.02386474609375,5.962,122,128,6.322812e-03,
21,G,5,0,3.001070976257324,6.496,122,128,6.558601e-03,
21,G,6,0,3.2491769790649414,4.533,119,127,5.956016e-03,
21,G,7,0,2.765521287918091,7.79,122,128,6.617656e-03,
21,G,8,0,3.5730857849121094,4.921,121,128,6.799982e-03,
21,G,9,0,2.977968692779541,6.248,122,128,6.389685e-03,
21,G,10,0,1.5721005201339722,6.91,122,128,3.564442e-03,
21,G,11,0,2.86315655708313,5.097,124,128,5.557153e-03,
21,G,12,0,2.6736180782318115,10.264,123,128,7.366859e-03,
21,G,13,0,2.627910852432251,11.515,119,127,7.712762e-03,
21,G,14,0,2.324542999267578,9.503,124,128,6.173937e-03,
21,G,15,0,3.060654401779175,5.789,125,128,6.342352e-03,
21,G,16,1,3.19339919090271,4.241,123,128,5.665179e-03,
21,G,17,1,3.00759220123291,5.353,124,128,6.003627e-03,
21,G,18,1,3.068544387817383,6.002,125,128,6.484570e-03,
21,G,19,1,3.5704257488250732,4.125,123,128,6.226517e-03,
21,G,20,1,2.7432658672332764,6.869,125,128,6.241259e-03,
21,G,21,1,2.9831197261810303,5.427,125,128,6.051186e-03,
21,G,22,1,3.130239248275757,4.918,125,128,5.985393e-03,
21,G,23,1,2.9072840213775635,5.988,123,128,6.148703e-03,
21,G,24,1,3.1173105239868164,4.525,122,127,5.722145e-03,
21,G,25,1,2.909256935119629,6.417,125,128,6.376077e-03,
21,G,26,1,2.9355766773223877,6.339,125,128,6.355434e-03,
21,G,27,1,2.6280384063720703,7.172,125,128,6.063828e-03,
21,G,28,1,2.759613513946533,5.67,123,128,5.666898e-03,
21,G,29,1,2.5211024284362793,7.155,124,128,5.815326e-03,
21,G,30,1,2.1613688468933105,5.915,125,128,4.550046e-03,
21,G,31,1,3.197495937347412,3.948,125,128,5.472712e-03,
21,K,0,0,2.0968565940856934,12.677,113,124,6.450838e-03,
21,K,1,1,1.4920417070388794,19.62,116,125,5.789150e-03,
21,O,0,0,0.9911993741989136,32.001,125,128,6.074708e-03,
21,O,1,0,0.9472833871841431,35.499,123,128,6.114659e-03,
21,O,2,0,2.156674861907959,7.721,124,128,6.492399e-03,
21,O,3,0,1.6920757293701172,10.483,123,128,5.935340e-03,
21,O,4,0,1.4349292516708374,14.405,125,128,5.900336e-03,
21,O,5,0,1.6506435871124268,12.658,124,128,6.362337e-03,
21,O,6,0,1.1371171474456787,22.395,124,128,5.829933e-03,
21,O,7,0,1.9995572566986084,7.957,123,128,6.110711e-03,
21,O,8,0,1.5570104122161865,15.568,124,128,6.655734e-03,
21,O,9,0,1.2041529417037964,22.346,125,128,6.166921e-03,
21,O,10,0,0.6732285618782043,53.415,125,128,5.330606e-03,
21,O,11,0,1.4309114217758179,13.658,124,128,5.729067e-03,
21,O,12,0,2.184777021408081,7.578,123,128,6.515872e-03,
21,O,13,0,1.947197437286377,10.686,123,128,6.896224e-03,
21,O,14,0,1.164899468421936,27.251,124,128,6.588143e-03,
21,O,15,0,1.7085808515548706,11.256,124,128,6.210346e-03,
21,O,16,1,1.0950665473937988,22.965,124,128,5.685344e-03,
21,O,17,1,0.8625691533088684,44.675,123,128,6.246115e-03,
21,O,18,1,1.0317293405532837,32.837,124,128,6.405171e-03,
21,O,19,1,0.8256049156188965,48.579,124,128,6.234217e-03,
21,O,20,1,1.6487700939178467,11.214,123,128,5.981591e-03,
21,O,21,1,2.0199127197265625,6.863,124,128,5.732753e-03,
21,O,22,1,0.7751787900924683,50.12,124,128,5.945529e-03,
21,O,23,1,1.1771550178527832,23.983,123,128,6.245601e-03,
21,O,24,1,0.8526713252067566,41.658,123,128,5.962320e-03,
21,O,25,1,1.6694632768630981,11.28,123,128,6.074641e-03,
21,O,26,1,0.9434888958930969,38.906,123,128,6.375731e-03,
21,O,27,1,0.7962104082107544,55.758,123,128,6.441197e-03,
21,O,28,1,0.7202643752098083,57.266,124,128,5.905068e-03,
21,O,29,1,0.8053464293479919,55.086,123,128,6.475703e-03,
21,O,30,1,0.920616865158081,29.298,124,128,5.398622e-03,
21,O,31,1,1.193289875984192,20.087,124,128,5.794076e-03,
21,Q,0,0,2.075460433959961,11.479,122,127,6.050896e-03,
21,Q,1,0,2.09883189201355,12.127,121,127,6.302557e-03,
21,Q,2,0,2.077493667602539,11.632,116,126,6.093503e-03,
21,Q,3,0,2.1486058235168457,11.752,122,128,6.353470e-03,
21,Q,4,0,2.0280802249908447,14.316,121,127,6.583973e-03,
21,Q,5,0,2.0743138790130615,13.087,119,127,6.442109e-03,
21,Q,6,0,2.021409273147583,12.776,123,128,6.243257e-03,
21,Q,7,0,1.9437023401260376,12.843,118,127,5.990137e-03,
21,Q,8,0,1.9735068082809448,14.963,111,126,6.552029e-03,
21,Q,9,0,1.9982008934020996,14.564,122,127,6.558640e-03,
21,Q,10,0,1.6331416368484497,19.217,125,128,6.188890e-03,
21,Q,11,0,2.2103724479675293,11.107,123,128,6.386178e-03,
21,Q,12,0,1.8693325519561768,15.653,116,127,6.344679e-03,
21,Q,13,0,2.0823278427124023,12.255,121,127,6.293023e-03,
21,Q,14,0,2.1935877799987793,10.854,120,127,6.204156e-03,
21,Q,15,0,2.063551902770996,11.804,122,128,6.124472e-03,
21,Q,16,1,1.8529671430587769,14.123,123,128,6.025237e-03,
21,Q,17,1,1.4495773315429688,21.4,117,127,5.783973e-03,
21,Q,18,1,2.058934211730957,11.954,118,127,6.126956e-03,
21,Q,19,1,1.9407892227172852,14.756,117,127,6.388124e-03,
21,Q,20,1,1.7657616138458252,13.651,120,127,5.646233e-03,
21,Q,21,1,1.813301682472229,9.935,113,126,4.926540e-03,
21,Q,22,1,1.8320622444152832,15.686,123,128,6.258250e-03,
21,Q,23,1,1.6601183414459229,14.708,118,127,5.486966e-03,
21,Q,24,1,2.072814702987671,13.872,123,128,6.702335e-03,
21,Q,25,1,1.6932896375656128,15.89,116,127,5.821181e-03,
21,Q,26,1,1.8507566452026367,16.319,117,127,6.392878e-03,
21,Q,27,1,1.7972408533096313,16.176,120,127,6.218472e-03,
21,Q,28,1,1.954877257347107,12.043,122,128,5.864673e-03,
21,Q,29,1,1.830620527267456,12.537,120,127,5.580443e-03,
21,Q,30,1,1.9289954900741577,12.284,125,128,5.848152e-03,
21,Q,31,1,1.7229363918304443,16.296,122,127,6.009838e-03,
21,QK,0,0,1.4309042692184448,9.215,109,122,,0
21,QK,1,0,1.7130413055419922,7.789,105,121,,0
21,QK,2,0,1.7823868989944458,7.634,95,118,,0
21,QK,3,0,1.3396817445755005,10.215,111,123,,0
21,QK,4,0,1.4609705209732056,11.132,107,121,,0
21,QK,5,0,1.5176376104354858,10.392,104,120,,0
21,QK,6,0,1.2819966077804565,11.192,111,123,,0
21,QK,7,0,1.5546131134033203,8.567,102,119,,0
21,QK,8,0,2.173312187194824,6.498,89,114,,0
21,QK,9,0,1.482502818107605,10.232,109,122,,0
21,QK,10,0,1.5915073156356812,7.644,113,124,,0
21,QK,11,0,1.2337650060653687,10.686,115,125,,0
21,QK,12,0,1.745168924331665,8.598,98,118,,0
21,QK,13,0,1.8287354707717896,7.455,103,121,,0
21,QK,14,0,1.3708535432815552,11.956,103,121,,0
21,QK,15,0,1.3740953207015991,9.661,109,123,,0
21,QK,16,1,0.8313257694244385,18.197,115,124,,0
21,QK,17,1,1.0856082439422607,15.097,101,118,,0
21,QK,18,1,0.9083502888679504,20.104,105,120,,0
21,QK,19,1,1.1912356615066528,14.411,102,119,,0
21,QK,20,1,1.0792663097381592,12.122,108,121,,0
21,QK,21,1,0.9724698662757874,12.988,96,117,,0
21,QK,22,1,0.8949810266494751,19.721,113,123,,0
21,QK,23,1,0.8357291221618652,21.003,103,120,,0
21,QK,24,1,0.9010034203529358,19.016,115,124,,0
21,QK,25,1,0.9334214329719543,18.431,102,119,,0
21,QK,26,1,0.9771896004676819,20.261,104,119,,0
21,QK,27,1,0.9095525741577148,19.826,109,122,,0
21,QK,28,1,0.983185350894928,15.068,110,122,,0
21,QK,29,1,0.9546257257461548,15.665,107,121,,0
21,QK,30,1,1.0674364566802979,11.291,116,125,,0
21,QK,31,1,0.7625734210014343,21.012,115,124,,0
21,V,0,0,1.0876293182373047,51.222,124,127,6.587661e-03,
21,V,1,1,0.8284158110618591,59.995,125,127,5.634439e-03,
21,VO,0,0,0.5681546330451965,44.593,123,127,,
21,VO,1,0,0.6512889862060547,34.932,121,126,,
21,VO,2,0,0.6136465668678284,39.318,123,127,,
21,VO,3,0,0.5681695938110352,38.891,122,127,,
21,VO,4,0,0.5295268893241882,46.282,123,127,,
21,VO,5,0,0.5960401892662048,42.278,123,127,,
21,VO,6,0,0.5326173305511475,45.589,122,127,,
21,VO,7,0,0.579595685005188,38.379,122,127,,
21,VO,8,0,0.5861133933067322,48.891,122,127,,
21,VO,9,0,0.6315539479255676,37.036,123,127,,
21,VO,10,0,0.48892703652381897,47.053,123,127,,
21,VO,11,0,0.5208262205123901,44.158,123,127,,
21,VO,12,0,0.8664197325706482,19.367,122,127,,
21,VO,13,0,0.9762952327728271,19.458,121,126,,
21,VO,14,0,0.6972569227218628,35.238,121,127,,
21,VO,15,0,0.5920447111129761,39.956,122,127,,
21,VO,16,1,0.48435157537460327,35.258,123,128,,
21,VO,17,1,0.5059949159622192,39.836,123,127,,
21,VO,18,1,0.4932434856891632,43.862,123,127,,
21,VO,19,1,0.5190116763114929,38.383,123,127,,
21,VO,20,1,0.5457655191421509,29.534,123,128,,
21,VO,21,1,0.5247694253921509,27.661,124,128,,
21,VO,22,1,0.4772588312625885,41.263,122,127,,
21,VO,23,1,0.49704840779304504,40.905,123,127,,
21,VO,24,1,0.46507084369659424,42.61,122,127,,
21,VO,25,1,0.5951692461967468,25.801,123,128,,
21,VO,26,1,0.5451437830924988,36.198,122,127,,
21,VO,27,1,0.5637816190719604,34.541,122,127,,
21,VO,28,1,0.510154128074646,35.567,123,127,,
21,VO,29,1,0.5184715986251831,41.171,122,127,,
21,VO,30,1,0.4215378165245056,42.109,123,127,,
21,VO,31,1,0.46785369515419006,39.76,123,128,,
22,G,0,0,3.333915948867798,5.596,125,128,6.671833e-03,
22,G,1,0,2.1295363903045654,4.041,125,128,3.654399e-03,
22,G,2,0,3.474742889404297,6.001,125,128,7.225873e-03,
22,G,3,0,3.0201990604400635,5.675,126,128,6.101259e-03,
22,G,4,0,3.0232350826263428,6.013,125,128,6.301666e-03,
22,G,5,0,3.8237528800964355,3.216,125,128,5.796145e-03,
22,G,6,0,3.0081419944763184,4.685,125,128,5.539719e-03,
22,G,7,0,2.8524606227874756,7.21,125,128,6.516615e-03,
22,G,8,0,3.1683294773101807,5.542,125,128,6.319921e-03,
22,G,9,0,3.086439371109009,7.9,125,128,7.389464e-03,
22,G,10,0,3.782402992248535,3.543,125,128,6.030593e-03,
22,G,11,0,3.2107362747192383,4.699,126,128,5.884908e-03,
22,G,12,0,3.4349863529205322,6.084,125,128,7.207147e-03,
22,G,13,0,3.432652473449707,4.701,126,128,6.306076e-03,
22,G,14,0,3.2652084827423096,6.762,125,128,7.245549e-03,
22,G,15,0,3.786410093307495,3.838,125,128,6.291234e-03,
22,G,16,1,3.24922776222229,4.287,121,128,5.665326e-03,
22,G,17,1,3.464224338531494,4.343,120,127,6.074645e-03,
22,G,18,1,2.9054317474365234,5.587,119,127,5.795831e-03,
22,G,19,1,2.3767573833465576,6.761,120,127,5.243143e-03,
22,G,20,1,3.3912181854248047,4.586,118,127,6.122088e-03,
22,G,21,1,2.8135132789611816,5.506,119,127,5.555476e-03,
22,G,22,1,3.23649001121521,4.624,122,128,5.861144e-03,
22,G,23,1,2.8294503688812256,6.603,124,128,6.118526e-03,
22,G,24,1,3.2403271198272705,4.843,122,128,5.997680e-03,
22,G,25,1,3.269184112548828,4.832,122,128,6.059669e-03,
22,G,26,1,3.4678046703338623,4.466,123,128,6.165135e-03,
22,G,27,1,3.23214054107666,4.861,116,127,5.997289e-03,
22,G,28,1,3.0268301963806152,5.216,119,127,5.822802e-03,
22,G,29,1,2.662241220474243,6.396,125,128,5.703712e-03,
22,G,30,1,3.1580519676208496,4.837,124,128,5.861538e-03,
22,G,31,1,3.308581590652466,5.292,115,127,6.432665e-03,
22,K,0,0,1.7790498733520508,11.089,111,125,5.195177e-03,
22,K,1,1,1.8308825492858887,18.898,109,123,6.937814e-03,
22,O,0,0,0.9224177598953247,39.547,125,128,6.284477e-03,
22,O,1,0,0.6867479085922241,55.644,125,128,5.549973e-03,
22,O,2,0,0.8532447218894958,51.212,125,128,6.615219e-03,
22,O,3,0,0.9918892979621887,32.795,125,128,6.153930e-03,
22,O,4,0,0.9393937587738037,36.619,125,128,6.158638e-03,
22,O,5,0,0.6947528719902039,65.162,125,128,6.075895e-03,
22,O,6,0,0.7895536422729492,64.858,124,128,6.888844e-03,
22,O,7,0,1.0821441411972046,32.078,124,128,6.640036e-03,
22,O,8,0,1.1402143239974976,25.805,125,128,6.275081e-03,
22,O,9,0,1.3884389400482178,19.605,124,128,6.660312e-03,
22,O,10,0,0.7873358726501465,51.107,125,128,6.097967e-03,
22,O,11,0,0.7280970215797424,58.957,125,128,6.056745e-03,
22,O,12,0,1.1547398567199707,26.784,124,128,6.474514e-03,
22,O,13,0,0.9606292843818665,35.062,125,128,6.162553e-03,
22,O,14,0,1.1829955577850342,26.139,124,128,6.552624e-03,
22,O,15,0,0.8693146705627441,42.076,125,128,6.109125e-03,
22,O,16,1,1.0353155136108398,26.661,124,128,5.791548e-03,
22,O,17,1,0.9104244709014893,34.143,124,128,5.763366e-03,
22,O,18,1,0.8916444182395935,38.6,124,128,6.001618e-03,
22,O,19,1,0.7595391869544983,48.357,124,128,5.722219e-03,
22,O,20,1,1.0525306463241577,25.788,123,128,5.790685e-03,
22,O,21,1,0.8744521737098694,39.025,124,128,5.918232e-03,
22,O,22,1,0.9945147633552551,30.526,124,128,5.952927e-03,
22,O,23,1,1.3255257606506348,17.825,124,128,6.062951e-03,
22,O,24,1,0.926252007484436,36.734,124,128,6.082034e-03,
22,O,25,1,0.9383587837219238,34.477,124,128,5.969252e-03,
22,O,26,1,0.9975689649581909,33.475,124,128,6.253018e-03,
22,O,27,1,1.016416072845459,30.183,124,128,6.049715e-03,
22,O,28,1,0.9738078117370605,31.656,124,128,5.935874e-03,
22,O,29,1,1.1706513166427612,20.589,124,128,5.754809e-03,
22,O,30,1,0.969350278377533,32.279,124,128,5.966607e-03,
22,O,31,1,0.8602971434593201,43.242,124,128,6.128943e-03,
22,Q,0,0,2.0501017570495605,12.202,120,127,6.057134e-03,
22,Q,1,0,1.747349500656128,12.145,124,128,5.267648e-03,
22,Q,2,0,2.03611159324646,11.399,121,127,5.837477e-03,
22,Q,3,0,2.263706684112549,9.518,121,128,5.920391e-03,
22,Q,4,0,2.045595645904541,8.841,123,128,5.243562e-03,
22,Q,5,0,2.0260274410247803,12.036,119,127,5.959561e-03,
22,Q,6,0,2.4132580757141113,7.111,121,128,5.488144e-03,
22,Q,7,0,2.1511340141296387,9.651,122,128,5.723560e-03,
22,Q,8,0,2.2353341579437256,9.859,121,127,5.964308e-03,
22,Q,9,0,2.367421865463257,8.922,123,128,6.069327e-03,
22,Q,10,0,2.084010362625122,11.768,122,128,6.121920e-03,
22,Q,11,0,2.118145227432251,11.443,122,128,6.099466e-03,
22,Q,12,0,2.3248558044433594,9.622,120,128,6.106709e-03,
22,Q,13,0,2.168919563293457,9.289,121,128,5.639669e-03,
22,Q,14,0,2.161897659301758,11.315,121,128,6.180445e-03,
22,Q,15,0,2.061840534210205,11.715,122,128,6.049864e-03,
22,Q,16,1,2.109753370285034,12.292,117,127,6.226782e-03,
22,Q,17,1,2.32104229927063,12.118,122,128,6.869321e-03,
22,Q,18,1,2.068514347076416,12.013,120,127,6.090813e-03,
22,Q,19,1,2.3573224544525146,7.838,122,127,5.686848e-03,
22,Q,20,1,1.9788813591003418,14.326,118,127,6.341979e-03,
22,Q,21,1,1.8976905345916748,12.744,122,128,5.761321e-03,
22,Q,22,1,2.034515857696533,13.704,119,127,6.352904e-03,
22,Q,23,1,1.9165925979614258,13.807,117,127,5.993037e-03,
22,Q,24,1,2.0589756965637207,14.537,121,127,6.627310e-03,
22,Q,25,1,2.1539146900177,13.027,121,127,6.578955e-03,
22,Q,26,1,2.0415751934051514,14.38,119,127,6.516673e-03,
22,Q,27,1,2.3834433555603027,11.804,120,127,6.957796e-03,
22,Q,28,1,2.0728156566619873,13.74,120,127,6.463805e-03,
22,Q,29,1,1.9861767292022705,13.744,122,128,6.281371e-03,
22,Q,30,1,1.945294976234436,14.531,118,127,6.249561e-03,
22,Q,31,1,2.6818759441375732,9.168,122,128,6.944900e-03,
22,QK,0,0,1.4130439758300781,7.95,97,117,,0
22,QK,1,0,0.964272141456604,8.606,111,123,,0
22,QK,2,0,1.2534021139144897,8.72,99,119,,0
22,QK,3,0,1.294380784034729,8.176,100,119,,0
22,QK,4,0,1.029266595840454,7.747,108,122,,0
22,QK,5,0,1.248435139656067,8.963,99,118,,0
22,QK,6,0,0.8909682631492615,11.778,103,120,,0
22,QK,7,0,1.2357181310653687,7.1,105,121,,0
22,QK,8,0,1.1269086599349976,10.48,100,119,,0
22,QK,9,0,1.3432399034500122,7.357,103,121,,0
22,QK,10,0,1.1255810260772705,9.794,105,121,,0
22,QK,11,0,1.1751470565795898,9.11,105,121,,0
22,QK,12,0,1.3783822059631348,8.18,96,118,,0
22,QK,13,0,1.0341832637786865,10.38,101,120,,0
22,QK,14,0,1.7081559896469116,5.889,97,118,,0
22,QK,15,0,1.1369354724884033,9.062,107,122,,0
22,QK,16,1,1.1688871383666992,21.767,97,114,,0
22,QK,17,1,1.0276509523391724,26.359,106,119,,0
22,QK,18,1,0.920186460018158,29.973,101,116,,0
22,QK,19,1,0.8780369758605957,21.799,107,120,,0
22,QK,20,1,1.062954068183899,24.827,98,115,,0
22,QK,21,1,1.0209418535232544,20.53,105,119,,0
22,QK,22,1,1.012524127960205,27.683,101,116,,0
22,QK,23,1,1.0523066520690918,23.79,99,114,,0
22,QK,24,1,0.9816139340400696,29.644,104,118,,0
22,QK,25,1,1.0820846557617188,25.001,103,118,,0
22,QK,26,1,0.9537970423698425,32.242,102,116,,0
22,QK,27,1,1.04334557056427,24.755,106,119,,0
22,QK,28,1,1.0259008407592773,27.002,102,117,,0
22,QK,29,1,1.0127184391021729,22.215,108,120,,0
22,QK,30,1,1.0643166303634644,25.278,100,115,,0
22,QK,31,1,1.0604476928710938,21.767,109,121,,0
22,V,0,0,0.9054729342460632,64.792,125,128,6.076604e-03,
22,V,1,1,0.870122492313385,72.186,124,128,6.181755e-03,
22,VO,0,0,0.5773423314094543,41.491,123,127,,
22,VO,1,0,0.453838974237442,52.06,123,127,,
22,VO,2,0,0.5299971699714661,54.842,123,127,,
22,VO,3,0,0.5235288143157959,48.039,123,127,,
22,VO,4,0,0.6143215894699097,35.716,123,127,,
22,VO,5,0,0.4328658878803253,69.113,123,127,,
22,VO,6,0,0.6162778735160828,44.223,123,127,,
22,VO,7,0,0.6452651619911194,37.156,122,127,,
22,VO,8,0,0.6118223667144775,36.564,123,127,,
22,VO,9,0,0.7373796701431274,28.586,122,127,,
22,VO,10,0,0.49085208773612976,53.997,123,127,,
22,VO,11,0,0.4662728011608124,59.484,123,127,,
22,VO,12,0,0.6091204285621643,38.883,122,127,,
22,VO,13,0,0.48973506689071655,54.819,123,127,,
22,VO,14,0,0.641655683517456,36.556,122,127,,
22,VO,15,0,0.5145219564437866,49.19,123,127,,
22,VO,16,1,0.46169888973236084,53.39,124,128,,
22,VO,17,1,0.47758039832115173,49.858,124,128,,
22,VO,18,1,0.500552237033844,49.475,123,128,,
22,VO,19,1,0.4499753713607788,55.238,124,128,,
22,VO,20,1,0.49733608961105347,44.72,123,128,,
22,VO,21,1,0.48558515310287476,50.628,123,128,,
22,VO,22,1,0.49915122985839844,48.307,123,128,,
22,VO,23,1,0.5537863969802856,38.911,123,128,,
22,VO,24,1,0.5121893882751465,48.705,123,128,,
22,VO,25,1,0.5066975355148315,47.796,123,128,,
22,VO,26,1,0.5188199281692505,50.188,123,128,,
22,VO,27,1,0.524402916431427,44.82,123,128,,
22,VO,28,1,0.49372026324272156,49.396,123,128,,
22,VO,29,1,0.5415197610855103,37.099,123,128,,
22,VO,30,1,0.4925452172756195,49.925,123,128,,
22,VO,31,1,0.5374826788902283,44.989,123,128,,
23,G,0,0,2.9603092670440674,5.393,121,128,5.743330e-03,
23,G,1,0,3.6539533138275146,3.961,123,128,6.084922e-03,
23,G,2,0,3.2630786895751953,5.627,122,128,6.487513e-03,
23,G,3,0,3.063342571258545,5.298,121,128,5.885528e-03,
23,G,4,0,3.718074083328247,3.827,124,128,6.080100e-03,
23,G,5,0,3.1764323711395264,6.01,124,128,6.541733e-03,
23,G,6,0,2.754197120666504,5.076,124,128,5.199257e-03,
23,G,7,0,3.1093480587005615,5.574,117,127,6.121560e-03,
23,G,8,0,2.8420214653015137,6.562,121,128,6.093507e-03,
23,G,9,0,3.2100417613983154,4.29,122,128,5.559288e-03,
23,G,10,0,3.0594475269317627,10.019,125,128,8.144279e-03,
23,G,11,0,2.0931549072265625,3.763,121,128,3.396543e-03,
23,G,12,0,3.4598777294158936,4.845,124,128,6.380894e-03,
23,G,13,0,3.6797070503234863,2.951,120,127,5.246492e-03,
23,G,14,0,3.026937961578369,5.741,120,128,6.051345e-03,
23,G,15,0,3.8286359310150146,3.237,118,127,5.725548e-03,
23,G,16,1,3.78759503364563,6.922,124,128,8.410681e-03,
23,G,17,1,3.485419750213623,3.637,116,127,5.504505e-03,
23,G,18,1,3.300248384475708,4.084,118,127,5.558872e-03,
23,G,19,1,3.53535795211792,3.197,117,127,5.246794e-03,
23,G,20,1,3.9261460304260254,3.14,119,127,5.773135e-03,
23,G,21,1,3.5250048637390137,8.797,124,128,8.761605e-03,
23,G,22,1,3.5984785556793213,3.537,121,128,5.613117e-03,
23,G,23,1,3.9439258575439453,2.853,117,127,5.505340e-03,
23,G,24,1,3.401228666305542,3.584,117,127,5.333361e-03,
23,G,25,1,3.9445199966430664,7.611,125,128,9.121923e-03,
23,G,26,1,3.912217617034912,2.768,117,127,5.401923e-03,
23,G,27,1,4.044918537139893,2.981,117,127,5.854699e-03,
23,G,28,1,2.664529323577881,4.266,117,127,4.581678e-03,
23,G,29,1,3.3608546257019043,3.798,115,127,5.449867e-03,
23,G,30,1,3.6046605110168457,4.42,118,127,6.299522e-03,
23,G,31,1,4.055160045623779,2.712,115,127,5.539880e-03,
23,K,0,0,1.6064730882644653,18.155,124,127,5.762092e-03,
23,K,1,1,1.3530771732330322,30.39,125,127,6.473427e-03,
23,O,0,0,0.7275645136833191,58.757,124,128,6.042085e-03,
23,O,1,0,0.9404296278953552,36.477,124,128,6.153424e-03,
23,O,2,0,1.3723933696746826,16.584,123,128,6.054909e-03,
23,O,3,0,0.845396876335144,39.075,123,128,5.725261e-03,
23,O,4,0,0.7069875597953796,56.01,124,128,5.732274e-03,
23,O,5,0,0.8987519145011902,37.497,122,127,5.962394e-03,
23,O,6,0,0.7312736511230469,63.511,123,128,6.313756e-03,
23,O,7,0,1.3730627298355103,17.313,123,128,6.189636e-03,
23,O,8,0,0.8402680158615112,44.69,124,128,6.085634e-03,
23,O,9,0,0.7678852081298828,55.753,123,128,6.211760e-03,
23,O,10,0,1.173669457435608,32.285,122,128,7.224924e-03,
23,O,11,0,0.6520567536354065,56.76,124,128,5.322188e-03,
23,O,12,0,0.835861086845398,47.716,124,128,6.255355e-03,
23,O,13,0,0.6935330033302307,59.271,124,128,5.784591e-03,
23,O,14,0,0.7775940299034119,56.045,123,128,6.306722e-03,
23,O,15,0,0.7698037028312683,49.545,124,128,5.870330e-03,
23,O,16,1,1.220844030380249,29.547,121,127,7.189572e-03,
23,O,17,1,1.4610341787338257,14.007,124,128,5.924049e-03,
23,O,18,1,1.0488264560699463,22.879,123,128,5.435035e-03,
23,O,19,1,1.2605209350585938,16.363,124,128,5.524194e-03,
23,O,20,1,1.2545746564865112,17.446,124,128,5.677125e-03,
23,O,21,1,1.1938484907150269,36.77,121,127,7.842991e-03,
23,O,22,1,1.0947901010513306,24.921,123,128,5.921096e-03,
23,O,23,1,1.311423897743225,14.947,124,128,5.492938e-03,
23,O,24,1,0.9425605535507202,30.998,123,128,5.685352e-03,
23,O,25,1,1.0746026039123535,43.274,123,127,7.658543e-03,
23,O,26,1,0.7581595182418823,43.627,124,128,5.425293e-03,
23,O,27,1,1.6423202753067017,9.753,123,128,5.556550e-03,
23,O,28,1,1.0329376459121704,24.403,124,128,5.528191e-03,
23,O,29,1,1.1307293176651,27.179,123,128,6.386480e-03,
23,O,30,1,0.8640856742858887,53.075,124,128,6.820042e-03,
23,O,31,1,1.2686631679534912,17.914,124,128,5.817372e-03,
23,Q,0,0,1.982988715171814,12.674,125,128,5.892292e-03,
23,Q,1,0,1.9798873662948608,8.064,125,128,4.726627e-03,
23,Q,2,0,1.6636793613433838,15.913,124,128,5.563841e-03,
23,Q,3,0,1.7133785486221313,16.445,125,128,5.799288e-03,
23,Q,4,0,1.890804409980774,11.657,125,128,5.406480e-03,
23,Q,5,0,1.901183009147644,12.773,124,128,5.744767e-03,
23,Q,6,0,2.226330518722534,8.622,125,128,5.504272e-03,
23,Q,7,0,1.7180522680282593,16.291,125,128,5.773322e-03,
23,Q,8,0,1.7702974081039429,14.301,125,128,5.605001e-03,
23,Q,9,0,1.628556251525879,20.007,125,128,6.110003e-03,
23,Q,10,0,1.6231015920639038,19.333,124,128,6.021795e-03,
23,Q,11,0,1.505750298500061,15.468,125,128,4.975837e-03,
23,Q,12,0,1.8372248411178589,17.764,125,128,6.486357e-03,
23,Q,13,0,1.8582217693328857,16.938,125,128,6.360280e-03,
23,Q,14,0,1.6281797885894775,21.447,124,128,6.267016e-03,
23,Q,15,0,1.6751102209091187,20.435,124,128,6.324029e-03,
23,Q,16,1,1.879381537437439,15.325,124,128,6.197380e-03,
23,Q,17,1,1.773610234260559,15.779,124,128,5.882838e-03,
23,Q,18,1,1.931801438331604,14.711,125,128,6.339835e-03,
23,Q,19,1,2.1320974826812744,12.903,124,128,6.436781e-03,
23,Q,20,1,1.8106122016906738,20.307,123,128,6.808160e-03,
23,Q,21,1,1.9796916246414185,15.064,125,128,6.435514e-03,
23,Q,22,1,1.8742961883544922,19.886,121,128,6.973786e-03,
23,Q,23,1,1.9852919578552246,18.398,124,128,7.080252e-03,
23,Q,24,1,1.872479796409607,18.041,122,128,6.609703e-03,
23,Q,25,1,1.820866584777832,18.316,124,128,6.527726e-03,
23,Q,26,1,1.92543625831604,16.864,125,128,6.679717e-03,
23,Q,27,1,1.721366286277771,16.079,124,128,6.150737e-03,
23,Q,28,1,1.9270790815353394,10.596,122,128,5.236454e-03,
23,Q,29,1,1.866124153137207,15.013,123,128,6.062191e-03,
23,Q,30,1,1.9462355375289917,14.906,123,128,6.262752e-03,
23,Q,31,1,1.9057852029800415,19.66,123,128,7.049668e-03,
23,QK,0,0,0.9566748738288879,17.676,124,128,,1
23,QK,1,0,0.9478489756584167,11.011,125,128,,1
23,QK,2,0,0.9454847574234009,16.613,123,127,,1
23,QK,3,0,1.1771519184112549,12.25,123,127,,1
23,QK,4,0,0.9583109617233276,15.103,123,128,,1
23,QK,5,0,1.1276098489761353,12.764,122,128,,1
23,QK,6,0,0.9583792090415955,14.581,125,128,,1
23,QK,7,0,0.9557375907897949,17.345,124,128,,1
23,QK,8,0,0.9691349267959595,16.148,124,128,,1
23,QK,9,0,1.287675142288208,11.516,123,127,,1
23,QK,10,0,1.1292681694030762,14.097,122,127,,1
23,QK,11,0,1.4490196704864502,6.573,122,127,,1
23,QK,12,0,1.1587421894073486,15.603,123,127,,1
23,QK,13,0,1.0405502319335938,18.26,124,128,,1
23,QK,14,0,1.1159785985946655,16.057,122,127,,1
23,QK,15,0,1.0346821546554565,18.456,123,127,,1
23,QK,16,1,1.0962038040161133,18.31,123,127,,1
23,QK,17,1,0.8309857249259949,28.405,123,128,,1
23,QK,18,1,1.1203908920288086,17.528,125,128,,1
23,QK,19,1,1.0448036193847656,21.103,124,128,,1
23,QK,20,1,0.8936654329299927,32.706,122,128,,1
23,QK,21,1,1.1026756763458252,19.647,124,128,,1
23,QK,22,1,0.8988348841667175,35.109,121,128,,1
23,QK,23,1,0.9160904884338379,35.185,124,127,,1
23,QK,24,1,1.003511905670166,25.088,122,128,,1
23,QK,25,1,1.0392078161239624,22.724,123,127,,1
23,QK,26,1,0.8923181891441345,30.833,125,128,,1
23,QK,27,1,0.7744913101196289,30.862,124,128,,1
23,QK,28,1,0.9266356825828552,17.926,122,128,,1
23,QK,29,1,0.9389573335647583,23.686,122,128,,1
23,QK,30,1,1.0086112022399902,22.307,122,127,,1
23,QK,31,1,0.9360784888267517,33.322,122,128,,1
23,V,0,0,1.3898520469665527,27.039,125,128,6.029776e-03,
23,V,1,1,0.9668694734573364,59.316,123,127,6.228811e-03,
23,VO,0,0,0.6634463667869568,28.236,123,128,,
23,VO,1,0,0.6038627028465271,37.23,122,128,,
23,VO,2,0,0.8933129906654358,15.944,122,128,,
23,VO,3,0,0.6425300240516663,28.011,122,128,,
23,VO,4,0,0.5967967510223389,32.582,122,128,,
23,VO,5,0,0.8433837294578552,17.674,120,127,,
23,VO,6,0,0.6432833075523376,34.357,121,127,,
23,VO,7,0,0.8036243319511414,20.089,123,128,,
23,VO,8,0,0.7916664481163025,20.874,122,128,,
23,VO,9,0,0.7417618632316589,25.098,122,127,,
23,VO,10,0,0.8265469074249268,26.848,120,127,,
23,VO,11,0,0.6170210838317871,25.926,123,128,,
23,VO,12,0,0.6300346851348877,34.938,122,128,,
23,VO,13,0,0.5683915615081787,36.188,123,128,,
23,VO,14,0,0.7195503115653992,27.478,121,128,,
23,VO,15,0,0.626379132270813,30.57,123,128,,
23,VO,16,1,0.7934432625770569,31.124,118,126,,
23,VO,17,1,0.6021449565887451,31.685,123,128,,
23,VO,18,1,0.5879579782485962,28.799,122,127,,
23,VO,19,1,0.5927270650863647,30.185,122,128,,
23,VO,20,1,0.5356800556182861,38.71,122,128,,
23,VO,21,1,0.7443727850914001,41.048,118,126,,
23,VO,22,1,0.5845509767532349,36.478,121,127,,
23,VO,23,1,0.5118322372436523,39.346,123,128,,
23,VO,24,1,0.6177133321762085,30.58,121,127,,
23,VO,25,1,0.7304136753082275,40.902,120,126,,
23,VO,26,1,0.6115058660507202,28.756,122,127,,
23,VO,27,1,0.5512717366218567,32.051,122,127,,
23,VO,28,1,0.5575814247131348,33.739,123,128,,
23,VO,29,1,0.5784727931022644,38.775,123,127,,
23,VO,30,1,0.6386298537254333,42.117,122,127,,
23,VO,31,1,0.561150848865509,36.365,123,128,,
24,G,0,0,3.7667014598846436,4.007,126,128,6.110209e-03,
24,G,1,0,2.2954204082489014,7.477,126,128,5.150368e-03,
24,G,2,0,3.5484018325805664,4.846,126,128,6.315212e-03,
24,G,3,0,2.6966960430145264,8.47,125,128,6.392024e-03,
24,G,4,0,3.264925241470337,5.335,125,128,6.162615e-03,
24,G,5,0,3.3372068405151367,8.503,124,128,7.956806e-03,
24,G,6,0,3.816087007522583,3.697,125,128,5.935719e-03,
24,G,7,0,2.9602267742156982,9.957,125,128,7.616628e-03,
24,G,8,0,3.287428140640259,5.592,125,128,6.416144e-03,
24,G,9,0,3.1772210597991943,6.356,124,128,6.504858e-03,
24,G,10,0,3.5311758518218994,4.711,126,128,6.227418e-03,
24,G,11,0,2.944075107574463,7.874,124,128,6.698946e-03,
24,G,12,0,2.7457127571105957,7.888,125,128,6.285971e-03,
24,G,13,0,3.145275354385376,4.792,125,128,5.673216e-03,
24,G,14,0,3.091850519180298,7.116,125,128,6.690297e-03,
24,G,15,0,3.5589473247528076,5.743,125,128,6.915303e-03,
24,G,16,1,2.958799123764038,4.94,125,128,5.305125e-03,
24,G,17,1,3.394780397415161,4.347,124,128,5.708098e-03,
24,G,18,1,3.7848379611968994,3.421,123,128,5.631570e-03,
24,G,19,1,2.3819661140441895,5.51,124,128,4.549769e-03,
24,G,20,1,4.336483478546143,3.097,124,128,6.123043e-03,
24,G,21,1,3.3762824535369873,4.699,124,128,5.875411e-03,
24,G,22,1,3.376124382019043,5.016,124,128,6.079822e-03,
24,G,23,1,3.7054436206817627,4.121,124,128,6.052618e-03,
24,G,24,1,3.672391891479492,3.891,124,128,5.872484e-03,
24,G,25,1,3.736687660217285,3.867,124,128,5.925237e-03,
24,G,26,1,3.0424585342407227,5.214,123,128,5.648353e-03,
24,G,27,1,3.8373334407806396,3.545,124,128,5.811538e-03,
24,G,28,1,3.7867486476898193,4.157,125,128,6.222334e-03,
24,G,29,1,3.5884182453155518,3.594,125,128,5.485675e-03,
24,G,30,1,3.2249414920806885,5.482,124,128,6.074034e-03,
24,G,31,1,3.1936872005462646,4.789,124,128,5.647067e-03,
24,K,0,0,1.5771777629852295,19.894,113,124,5.997180e-03,
24,K,1,1,1.5953688621520996,21.498,112,124,6.257599e-03,
24,O,0,0,1.3309755325317383,17.195,124,128,5.979338e-03,
24,O,1,0,0.6445596218109131,71.982,124,127,5.924580e-03,
24,O,2,0,2.051191806793213,7.983,124,128,6.278689e-03,
24,O,3,0,1.1887798309326172,21.942,124,128,6.032909e-03,
24,O,4,0,0.903895914554596,36.125,124,128,5.885802e-03,
24,O,5,0,1.3316007852554321,18.443,122,127,6.195493e-03,
24,O,6,0,1.2214347124099731,21.672,124,128,6.160393e-03,
24,O,7,0,1.1295161247253418,30.709,123,128,6.781266e-03,
24,O,8,0,1.0472533702850342,27.642,123,128,5.965109e-03,
24,O,9,0,1.4807727336883545,12.803,123,128,5.740187e-03,
24,O,10,0,2.5602850914001465,5.862,123,128,6.715794e-03,
24,O,11,0,1.0578707456588745,27.886,123,128,6.052170e-03,
24,O,12,0,1.0665727853775024,26.17,124,128,5.911194e-03,
24,O,13,0,0.8098096251487732,44.9,124,127,5.878821e-03,
24,O,14,0,1.4746084213256836,13.606,124,128,5.892774e-03,
24,O,15,0,0.9263523817062378,41.01,123,127,6.426972e-03,
24,O,16,1,1.9711719751358032,7.539,125,128,5.863445e-03,
24,O,17,1,1.161631464958191,24.229,124,128,6.194717e-03,
24,O,18,1,1.392971396446228,15.471,124,128,5.935925e-03,
24,O,19,1,0.6720715761184692,63.823,125,128,5.816838e-03,
24,O,20,1,1.850789189338684,10.149,124,128,6.387834e-03,
24,O,21,1,1.9925117492675781,7.729,124,128,6.001149e-03,
24,O,22,1,2.0019712448120117,8.358,124,128,6.270515e-03,
24,O,23,1,1.4606826305389404,16.539,124,128,6.435637e-03,
24,O,24,1,0.757243275642395,60.387,124,128,6.375178e-03,
24,O,25,1,1.8670456409454346,8.642,124,128,5.946356e-03,
24,O,26,1,0.8142371773719788,52.335,124,128,6.381619e-03,
24,O,27,1,1.452057123184204,15.055,124,128,6.103863e-03,
24,O,28,1,1.8885928392410278,9.296,124,128,6.238278e-03,
24,O,29,1,1.6289548873901367,10.527,125,128,5.725911e-03,
24,O,30,1,2.311589002609253,6.286,124,128,6.278987e-03,
24,O,31,1,1.117134928703308,26.125,124,128,6.186082e-03,
24,Q,0,0,2.151278018951416,12.248,117,127,6.155041e-03,
24,Q,1,0,2.2992773056030273,6.948,123,128,5.038436e-03,
24,Q,2,0,2.340895414352417,11.108,117,127,6.357783e-03,
24,Q,3,0,1.5734493732452393,19.773,123,128,5.746359e-03,
24,Q,4,0,1.9581955671310425,15.035,122,128,6.317070e-03,
24,Q,5,0,2.002113103866577,12.89,122,128,5.940569e-03,
24,Q,6,0,2.1764791011810303,11.757,115,126,6.077128e-03,
24,Q,7,0,1.8689115047454834,15.615,123,128,6.061110e-03,
24,Q,8,0,1.9137299060821533,12.881,123,128,5.796118e-03,
24,Q,9,0,1.9291197061538696,14.309,122,128,6.105388e-03,
24,Q,10,0,2.415112257003784,9.401,116,126,6.056601e-03,
24,Q,11,0,2.034954786300659,14.366,119,127,6.298982e-03,
24,Q,12,0,1.6943110227584839,17.947,124,128,5.949034e-03,
24,Q,13,0,1.8599438667297363,16.293,122,128,6.306067e-03,
24,Q,14,0,1.9659587144851685,14.403,121,128,6.129906e-03,
24,Q,15,0,2.176788806915283,13.218,116,127,6.442608e-03,
24,Q,16,1,2.3415675163269043,12.306,123,128,6.773416e-03,
24,Q,17,1,1.9794325828552246,14.576,117,127,6.099719e-03,
24,Q,18,1,2.0783655643463135,13.039,118,127,6.076154e-03,
24,Q,19,1,2.254831314086914,8.779,124,128,5.539482e-03,
24,Q,20,1,2.1688880920410156,13.804,115,127,6.488923e-03,
24,Q,21,1,1.8845415115356445,16.318,118,127,6.159993e-03,
24,Q,22,1,1.9029521942138672,14.518,118,127,5.874621e-03,
24,Q,23,1,2.0622477531433105,14.817,118,127,6.417233e-03,
24,Q,24,1,2.098296642303467,15.044,122,128,6.665278e-03,
24,Q,25,1,2.1914305686950684,13.769,122,127,6.683669e-03,
24,Q,26,1,2.179520606994629,11.053,122,128,5.968716e-03,
24,Q,27,1,1.9037714004516602,16.088,118,127,6.164550e-03,
24,Q,28,1,2.038210153579712,15.346,118,127,6.461310e-03,
24,Q,29,1,2.090714693069458,13.534,118,127,6.214107e-03,
24,Q,30,1,2.160236358642578,11.912,120,127,6.092033e-03,
24,Q,31,1,1.8897960186004639,11.87,119,127,5.334181e-03,
24,QK,0,0,1.1627135276794434,16.378,103,118,,0
24,QK,1,0,0.9367197155952454,11.071,114,123,,0
24,QK,2,0,1.1299147605895996,19.799,101,118,,0
24,QK,3,0,0.9551354050636292,18.779,111,122,,0
24,QK,4,0,0.9196560382843018,21.336,112,122,,0
24,QK,5,0,1.2625303268432617,13.222,104,120,,0
24,QK,6,0,1.0901050567626953,19.884,99,116,,0
24,QK,7,0,1.2105779647827148,15.195,105,121,,0
24,QK,8,0,0.9584100842475891,16.416,111,122,,0
24,QK,9,0,0.8440131545066833,20.399,114,123,,0
24,QK,10,0,1.276395320892334,14.642,97,116,,0
24,QK,11,0,1.2449126243591309,15.242,104,119,,0
24,QK,12,0,0.8640536665916443,21.395,113,123,,0
24,QK,13,0,0.8734424710273743,20.326,115,124,,0
24,QK,14,0,1.0908362865447998,17.514,106,120,,0
24,QK,15,0,1.2837417125701904,16.236,100,117,,0
24,QK,16,1,0.9697704911231995,22.717,111,122,,0
24,QK,17,1,1.0087579488754272,25.329,99,116,,0
24,QK,18,1,0.934589684009552,28.534,99,117,,0
24,QK,19,1,0.8556461930274963,18.256,113,124,,0
24,QK,20,1,0.9243751168251038,33.655,97,114,,0
24,QK,21,1,0.9992660284042358,25.013,101,117,,0
24,QK,22,1,0.8944923877716064,28.048,100,117,,0
24,QK,23,1,0.9127602577209473,32.192,101,117,,0
24,QK,24,1,0.9103484749794006,29.411,107,121,,0
24,QK,25,1,0.9553970694541931,25.592,108,121,,0
24,QK,26,1,0.8832356929779053,24.401,107,121,,0
24,QK,27,1,0.9135726094245911,30.98,100,117,,0
24,QK,28,1,0.9097592234611511,31.651,102,117,,0
24,QK,29,1,1.0318200588226318,26.079,97,116,,0
24,QK,30,1,0.9142436981201172,25.703,103,118,,0
24,QK,31,1,0.9258860349655151,21.554,101,118,,0
24,V,0,0,1.0078588724136353,63.54,124,127,6.403313e-03,
24,V,1,1,0.9067609310150146,64.783,123,126,5.842986e-03,
24,VO,0,0,0.49198639392852783,60.141,122,127,,
24,VO,1,0,0.48218390345573425,64.395,121,126,,
24,VO,2,0,0.5553592443466187,48.62,123,128,,
24,VO,3,0,0.6253339052200317,38.243,122,127,,
24,VO,4,0,0.5519299507141113,47.505,122,127,,
24,VO,5,0,0.7468865513801575,28.989,120,126,,
24,VO,6,0,0.5187267065048218,57.947,122,127,,
24,VO,7,0,0.777729332447052,32.584,121,126,,
24,VO,8,0,0.696336567401886,31.088,121,127,,
24,VO,9,0,0.7527644634246826,23.177,121,127,,
24,VO,10,0,0.6946088075637817,34.22,122,127,,
24,VO,11,0,0.5672587752342224,47.491,122,127,,
24,VO,12,0,0.6944748163223267,30.268,122,127,,
24,VO,13,0,0.5302973389625549,51.117,122,126,,
24,VO,14,0,0.5667470693588257,43.606,122,127,,
24,VO,15,0,0.7806655168533325,29.109,121,127,,
24,VO,16,1,0.4323650598526001,53.641,123,127,,
24,VO,17,1,0.4892023503780365,53.399,122,126,,
24,VO,18,1,0.4620409905910492,52.868,122,126,,
24,VO,19,1,0.44102656841278076,59.077,123,126,,
24,VO,20,1,0.507689356803894,49.039,122,127,,
24,VO,21,1,0.4567109942436218,51.645,123,127,,
24,VO,22,1,0.5195347666740417,42.935,123,127,,
24,VO,23,1,0.5221612453460693,49.634,122,126,,
24,VO,24,1,0.5019554495811462,55.627,122,126,,
24,VO,25,1,0.46529388427734375,50.027,122,126,,
24,VO,26,1,0.5173006653785706,50.401,122,126,,
24,VO,27,1,0.459199994802475,56.77,122,126,,
24,VO,28,1,0.47141626477241516,53.062,122,127,,
24,VO,29,1,0.46337494254112244,48.162,123,126,,
24,VO,30,1,0.5005509257316589,44.202,123,127,,
24,VO,31,1,0.47795185446739197,53.792,122,126,,
25,G,0,0,2.8960938453674316,7.404,122,128,6.727079e-03,
25,G,1,0,2.609220266342163,6.216,124,128,5.567218e-03,
25,G,2,0,3.215902805328369,4.39,125,128,5.779414e-03,
25,G,3,0,3.321342706680298,8.322,123,128,8.212826e-03,
25,G,4,0,2.840393304824829,6.323,123,128,6.089765e-03,
25,G,5,0,2.9924581050872803,5.658,123,128,6.119015e-03,
25,G,6,0,2.938344955444336,7.19,125,128,6.766101e-03,
25,G,7,0,3.5800259113311768,4.395,125,128,6.392159e-03,
25,G,8,0,3.54085373878479,4.67,122,128,6.506062e-03,
25,G,9,0,3.642484188079834,3.976,122,128,6.200118e-03,
25,G,10,0,2.4377055168151855,5.782,124,128,5.018554e-03,
25,G,11,0,3.977707624435425,3.834,122,128,6.620866e-03,
25,G,12,0,1.8004305362701416,5.116,123,128,3.486345e-03,
25,G,13,0,2.8441736698150635,5.154,124,128,5.500534e-03,
25,G,14,0,2.5987954139709473,7.209,123,128,5.962811e-03,
25,G,15,0,3.0651121139526367,5.364,125,128,6.051071e-03,
25,G,16,1,4.111760139465332,3.006,125,128,6.028267e-03,
25,G,17,1,3.4531686305999756,4.107,125,128,5.916183e-03,
25,G,18,1,3.7934489250183105,4.277,126,128,6.652527e-03,
25,G,19,1,3.510493755340576,4.354,126,128,6.207182e-03,
25,G,20,1,4.175423622131348,2.678,125,128,5.764413e-03,
25,G,21,1,3.1954917907714844,4.528,126,128,5.753226e-03,
25,G,22,1,3.548959255218506,4.356,125,128,6.282712e-03,
25,G,23,1,3.7183802127838135,3.964,126,128,6.267224e-03,
25,G,24,1,3.3249354362487793,4.622,125,128,6.072782e-03,
25,G,25,1,3.8885345458984375,3.811,126,128,6.438514e-03,
25,G,26,1,3.2868874073028564,4.583,126,128,5.958697e-03,
25,G,27,1,3.7571616172790527,4.052,125,128,6.432942e-03,
25,G,28,1,2.318655490875244,4.629,126,128,4.258557e-03,
25,G,29,1,4.080167770385742,3.898,126,128,6.820751e-03,
25,G,30,1,3.6001474857330322,4.651,126,128,6.607725e-03,
25,G,31,1,3.436394214630127,4.347,126,128,6.063330e-03,
25,K,0,0,1.8592225313186646,12.185,113,125,5.692600e-03,
25,K,1,1,1.7766306400299072,17.663,108,122,6.535460e-03,
25,O,0,0,1.1607671976089478,22.592,124,128,5.977318e-03,
25,O,1,0,0.8174598217010498,49.225,124,128,6.213622e-03,
25,O,2,0,0.78534334897995,43.869,124,128,5.635358e-03,
25,O,3,0,1.4180160760879517,19.157,123,128,6.723988e-03,
25,O,4,0,0.9740089774131775,29.054,124,128,5.687864e-03,
25,O,5,0,0.8964399099349976,32.927,123,128,5.572900e-03,
25,O,6,0,0.8564056754112244,42.044,124,128,6.016111e-03,
25,O,7,0,0.7134712338447571,54.558,125,128,5.709413e-03,
25,O,8,0,0.7289117574691772,53.313,124,128,5.766029e-03,
25,O,9,0,0.7457068562507629,49.459,125,128,5.681672e-03,
25,O,10,0,0.7903441786766052,40.93,125,128,5.477975e-03,
25,O,11,0,0.8077419996261597,44.112,124,128,5.812107e-03,
25,O,12,0,0.6108007431030273,63.245,125,128,5.262539e-03,
25,O,13,0,0.8602901697158813,37.303,125,128,5.692439e-03,
25,O,14,0,0.8700002431869507,37.667,125,128,5.784746e-03,
25,O,15,0,0.8260980844497681,43.269,124,128,5.887102e-03,
25,O,16,1,1.9411860704421997,8.642,125,128,6.182551e-03,
25,O,17,1,2.8732290267944336,4.03,125,128,6.248801e-03,
25,O,18,1,0.9550191164016724,40.308,126,128,6.568885e-03,
25,O,19,1,0.9503991603851318,39.272,126,128,6.452571e-03,
25,O,20,1,1.717146635055542,10.833,126,128,6.122992e-03,
25,O,21,1,2.15970516204834,9.734,125,128,7.300053e-03,
25,O,22,1,1.4377293586730957,17.079,125,128,6.437178e-03,
25,O,23,1,0.8211756348609924,53.744,125,128,6.522081e-03,
25,O,24,1,1.0836796760559082,30.037,125,128,6.434468e-03,
25,O,25,1,1.1127102375030518,29.119,125,128,6.505142e-03,
25,O,26,1,1.90770423412323,9.56,126,128,6.390460e-03,
25,O,27,1,1.5218524932861328,16.393,125,128,6.675618e-03,
25,O,28,1,1.3682208061218262,16.708,126,128,6.059018e-03,
25,O,29,1,0.9620067477226257,40.238,125,128,6.611214e-03,
25,O,30,1,1.7770131826400757,11.873,125,128,6.633638e-03,
25,O,31,1,3.237919569015503,2.502,125,128,5.549079e-03,
25,Q,0,0,2.0316104888916016,13.441,121,128,6.381917e-03,
25,Q,1,0,2.110849142074585,9.05,121,128,5.458001e-03,
25,Q,2,0,1.9945262670516968,11.028,123,128,5.771409e-03,
25,Q,3,0,2.380493402481079,9.164,122,128,6.193432e-03,
25,Q,4,0,2.282180070877075,10.979,123,128,6.530141e-03,
25,Q,5,0,2.1029136180877686,8.87,121,128,5.453138e-03,
25,Q,6,0,1.9388993978500366,12.546,122,128,5.919060e-03,
25,Q,7,0,1.8697587251663208,12.399,118,127,5.631905e-03,
25,Q,8,0,1.9612505435943604,13.611,117,127,6.145198e-03,
25,Q,9,0,2.236302375793457,10.64,122,128,6.282418e-03,
25,Q,10,0,1.812044620513916,14.0,124,128,5.905015e-03,
25,Q,11,0,2.044196605682373,11.524,115,127,5.888549e-03,
25,Q,12,0,1.6492600440979004,15.046,125,128,5.561301e-03,
25,Q,13,0,1.5488101243972778,14.47,119,127,5.025520e-03,
25,Q,14,0,2.1344642639160156,9.655,121,127,5.687326e-03,
25,Q,15,0,1.9764913320541382,11.574,117,127,5.723188e-03,
25,Q,16,1,2.2217116355895996,11.179,121,127,6.336813e-03,
25,Q,17,1,2.2398271560668945,12.795,121,127,6.826882e-03,
25,Q,18,1,2.2302324771881104,12.81,120,127,6.782529e-03,
25,Q,19,1,2.2134954929351807,12.242,121,127,6.591201e-03,
25,Q,20,1,2.1932201385498047,10.942,117,127,6.191091e-03,
25,Q,21,1,2.5470387935638428,7.743,119,127,6.044846e-03,
25,Q,22,1,2.2129368782043457,12.509,119,127,6.650917e-03,
25,Q,23,1,2.1986260414123535,12.509,120,127,6.600519e-03,
25,Q,24,1,2.0493807792663574,12.321,121,127,6.125572e-03,
25,Q,25,1,2.087146043777466,13.289,119,127,6.464801e-03,
25,Q,26,1,2.20002818107605,12.12,121,127,6.515969e-03,
25,Q,27,1,2.162306547164917,11.277,117,127,6.168437e-03,
25,Q,28,1,1.9367763996124268,12.456,124,128,5.880369e-03,
25,Q,29,1,2.029736042022705,14.566,119,127,6.566209e-03,
25,Q,30,1,2.2499477863311768,10.504,120,127,6.207929e-03,
25,Q,31,1,2.2697203159332275,10.15,117,127,6.147127e-03,
25,QK,0,0,1.1507089138031006,12.864,106,121,,0
25,QK,1,0,0.8552021980285645,15.113,107,122,,0
25,QK,2,0,0.8479783535003662,14.312,114,124,,0
25,QK,3,0,1.395033836364746,9.223,103,121,,0
25,QK,4,0,1.0204826593399048,13.159,113,124,,0
25,QK,5,0,1.2377294301986694,8.88,103,120,,0
25,QK,6,0,1.40897798538208,8.476,103,121,,0
25,QK,7,0,1.1681076288223267,11.36,98,118,,0
25,QK,8,0,1.0165717601776123,16.719,99,118,,0
25,QK,9,0,1.0303738117218018,14.383,108,122,,0
25,QK,10,0,0.9403579235076904,12.697,115,124,,0
25,QK,11,0,1.1200218200683594,13.576,95,116,,0
25,QK,12,0,1.0558624267578125,9.565,115,125,,0
25,QK,13,0,1.0078957080841064,11.752,100,119,,0
25,QK,14,0,1.0283944606781006,12.208,106,121,,0
25,QK,15,0,1.4072052240371704,8.603,96,117,,0
25,QK,16,1,1.0122666358947754,19.498,103,118,,0
25,QK,17,1,0.9406315684318542,24.439,104,118,,0
25,QK,18,1,1.1375916004180908,20.639,99,115,,0
25,QK,19,1,1.1408929824829102,19.011,100,116,,0
25,QK,20,1,1.0774332284927368,20.446,94,113,,0
25,QK,21,1,0.9379974603652954,21.966,97,115,,0
25,QK,22,1,1.0690009593963623,21.797,99,115,,0
25,QK,23,1,1.0582023859024048,21.679,99,116,,0
25,QK,24,1,1.1313238143920898,17.219,99,116,,0
25,QK,25,1,1.1252747774124146,20.301,96,114,,0
25,QK,26,1,1.0766465663909912,18.024,103,118,,0
25,QK,27,1,1.1871793270111084,17.376,93,112,,0
25,QK,28,1,0.9171897172927856,16.048,111,121,,0
25,QK,29,1,1.0949451923370361,21.275,98,115,,0
25,QK,30,1,1.1727120876312256,16.906,96,114,,0
25,QK,31,1,1.0854592323303223,19.328,93,113,,0
25,V,0,0,1.0917226076126099,39.282,125,128,5.770017e-03,
25,V,1,1,0.8436990976333618,82.19,125,127,6.469070e-03,
25,VO,0,0,0.5848771333694458,32.144,123,128,,
25,VO,1,0,0.7660757303237915,20.839,122,127,,
25,VO,2,0,0.5663658380508423,30.58,122,128,,
25,VO,3,0,0.7523431777954102,24.985,122,127,,
25,VO,4,0,0.5662177801132202,30.707,123,128,,
25,VO,5,0,0.5892177224159241,27.778,122,127,,
25,VO,6,0,0.5925913453102112,32.466,122,128,,
25,VO,7,0,0.5488141775131226,33.601,123,128,,
25,VO,8,0,0.5616573691368103,32.336,123,128,,
25,VO,9,0,0.5166837573051453,37.266,123,128,,
25,VO,10,0,0.505385160446167,35.213,124,128,,
25,VO,11,0,0.5857352018356323,30.234,123,128,,
25,VO,12,0,0.504076361656189,33.61,124,128,,
25,VO,13,0,0.5583258271217346,31.37,124,128,,
25,VO,14,0,0.5850799679756165,30.256,123,128,,
25,VO,15,0,0.6244306564331055,27.935,123,128,,
25,VO,16,1,0.44041764736175537,67.984,124,127,,
25,VO,17,1,0.45784804224967957,54.495,124,128,,
25,VO,18,1,0.5125897526741028,62.7,124,127,,
25,VO,19,1,0.49219706654548645,65.739,124,127,,
25,VO,20,1,0.4177257716655731,76.026,125,127,,
25,VO,21,1,0.47570475935935974,82.734,124,127,,
25,VO,22,1,0.46998557448387146,68.097,124,127,,
25,VO,23,1,0.4709147810935974,73.181,124,127,,
25,VO,24,1,0.502174973487854,61.596,124,127,,
25,VO,25,1,0.48305898904800415,68.362,124,127,,
25,VO,26,1,0.4654352366924286,65.599,124,127,,
25,VO,27,1,0.48027104139328003,70.398,123,127,,
25,VO,28,1,0.4320565462112427,72.469,124,127,,
25,VO,29,1,0.5021522045135498,65.256,124,127,,
25,VO,30,1,0.5075398087501526,61.231,123,127,,
25,VO,31,1,0.4228423237800598,39.876,125,128,,
26,G,0,0,3.5583653450012207,4.721,118,127,6.541548e-03,
26,G,1,0,3.6671791076660156,4.484,123,128,6.604763e-03,
26,G,2,0,3.3909788131713867,5.442,122,128,6.723487e-03,
26,G,3,0,3.1014063358306885,5.771,122,128,6.322260e-03,
26,G,4,0,2.6842868328094482,6.761,120,127,5.951182e-03,
26,G,5,0,2.4130985736846924,6.941,123,128,5.424328e-03,
26,G,6,0,2.9770350456237793,6.134,124,128,6.280710e-03,
26,G,7,0,2.9373934268951416,5.988,122,128,6.106149e-03,
26,G,8,0,3.498861312866211,4.605,119,127,6.376291e-03,
26,G,9,0,2.715022325515747,5.724,118,127,5.541727e-03,
26,G,10,0,3.1290283203125,6.866,119,127,6.977409e-03,
26,G,11,0,2.844677209854126,7.441,122,128,6.599546e-03,
26,G,12,0,3.2003283500671387,5.014,123,128,6.089665e-03,
26,G,13,0,2.708362579345703,6.96,121,128,6.069864e-03,
26,G,14,0,3.1617257595062256,6.943,123,128,7.066601e-03,
26,G,15,0,3.1553566455841064,5.546,123,128,6.306376e-03,
26,G,16,1,3.226038932800293,5.474,125,128,6.446227e-03,
26,G,17,1,2.465932607650757,8.998,125,128,6.324066e-03,
26,G,18,1,2.2589733600616455,7.18,125,128,5.229215e-03,
26,G,19,1,2.812464952468872,6.569,125,128,6.159480e-03,
26,G,20,1,2.5871753692626953,7.182,125,128,5.945733e-03,
26,G,21,1,3.164273262023926,5.783,125,128,6.480313e-03,
26,G,22,1,2.81778883934021,6.29,125,128,6.037408e-03,
26,G,23,1,2.475443124771118,8.161,125,128,6.062991e-03,
26,G,24,1,3.196762800216675,5.043,125,128,6.262387e-03,
26,G,25,1,2.5034661293029785,7.179,125,128,5.736099e-03,
26,G,26,1,2.8005027770996094,5.084,125,128,5.426686e-03,
26,G,27,1,2.4239413738250732,7.798,125,128,5.817517e-03,
26,G,28,1,3.359143018722534,4.855,125,128,6.321448e-03,
26,G,29,1,1.552063226699829,9.325,126,128,4.085053e-03,
26,G,30,1,2.707179546356201,6.275,125,128,5.818922e-03,
26,G,31,1,3.029930591583252,5.666,125,128,6.200064e-03,
26,K,0,0,1.4747029542922974,25.188,106,121,6.416837e-03,
26,K,1,1,1.560943841934204,18.764,113,124,5.824887e-03,
26,O,0,0,1.2933270931243896,17.783,124,128,5.908776e-03,
26,O,1,0,0.9111440777778625,39.028,124,128,6.166803e-03,
26,O,2,0,0.9787560105323792,37.595,124,128,6.501641e-03,
26,O,3,0,1.01292884349823,33.062,124,128,6.309973e-03,
26,O,4,0,0.8543215990066528,45.219,124,128,6.223975e-03,
26,O,5,0,0.9249659776687622,40.977,124,128,6.414719e-03,
26,O,6,0,1.043075680732727,32.615,124,128,6.453657e-03,
26,O,7,0,0.9576561450958252,36.324,124,128,6.253058e-03,
26,O,8,0,1.0001764297485352,33.23,124,128,6.246335e-03,
26,O,9,0,0.8506892323493958,45.282,124,128,6.201819e-03,
26,O,10,0,1.0253942012786865,35.12,124,128,6.583455e-03,
26,O,11,0,1.1960690021514893,23.859,124,128,6.329414e-03,
26,O,12,0,0.882727324962616,42.165,124,128,6.209937e-03,
26,O,13,0,1.1182935237884521,31.296,124,128,6.777715e-03,
26,O,14,0,1.1364102363586426,28.141,124,128,6.531101e-03,
26,O,15,0,0.9632126688957214,36.687,124,128,6.320664e-03,
26,O,16,1,0.8337393403053284,38.909,124,128,5.634287e-03,
26,O,17,1,0.9361367225646973,37.861,123,128,6.240483e-03,
26,O,18,1,0.9211647510528564,31.722,124,128,5.620894e-03,
26,O,19,1,0.9213008284568787,36.498,123,128,6.030065e-03,
26,O,20,1,0.7964645624160767,44.875,124,128,5.780364e-03,
26,O,21,1,0.9716705679893494,36.013,122,128,6.317306e-03,
26,O,22,1,1.1834501028060913,24.352,123,128,6.327119e-03,
26,O,23,1,1.0963948965072632,26.809,123,128,6.150179e-03,
26,O,24,1,1.054754614830017,24.106,123,128,5.610451e-03,
26,O,25,1,0.9252045154571533,35.401,122,128,5.963898e-03,
26,O,26,1,0.7625393271446228,48.111,124,128,5.730154e-03,
26,O,27,1,0.8426321744918823,47.229,123,127,6.273740e-03,
26,O,28,1,0.9861175417900085,32.827,123,128,6.121078e-03,
26,O,29,1,0.7205668687820435,40.569,124,127,4.972295e-03,
26,O,30,1,0.830560564994812,41.668,124,128,5.808368e-03,
26,O,31,1,0.8815703392028809,36.769,124,128,5.791349e-03,
26,Q,0,0,2.1425247192382812,11.989,116,127,6.325031e-03,
26,Q,1,0,1.9228798151016235,13.833,119,127,6.076498e-03,
26,Q,2,0,1.833487629890442,17.304,118,127,6.484488e-03,
26,Q,3,0,1.8830249309539795,14.662,117,127,6.124103e-03,
26,Q,4,0,2.006903886795044,11.483,120,127,5.829738e-03,
26,Q,5,0,2.176967144012451,9.89,121,127,5.849896e-03,
26,Q,6,0,2.0630781650543213,11.711,119,127,6.025348e-03,
26,Q,7,0,2.0998213291168213,12.236,117,127,6.234234e-03,
26,Q,8,0,2.0831499099731445,12.443,114,126,6.254085e-03,
26,Q,9,0,2.7565841674804688,9.565,120,128,7.348000e-03,
26,Q,10,0,1.9458478689193726,15.277,121,128,6.510596e-03,
26,Q,11,0,1.9871429204940796,13.034,119,127,6.097189e-03,
26,Q,12,0,2.092989683151245,13.276,117,127,6.465393e-03,
26,Q,13,0,2.261969804763794,9.388,119,127,5.903634e-03,
26,Q,14,0,2.324435234069824,11.855,117,127,6.788616e-03,
26,Q,15,0,1.8848601579666138,16.21,118,127,6.438623e-03,
26,Q,16,1,1.4841946363449097,24.932,112,126,6.308794e-03,
26,Q,17,1,1.5330424308776855,21.498,115,126,6.058615e-03,
26,Q,18,1,1.800675392150879,12.801,124,128,5.648273e-03,
26,Q,19,1,1.5322016477584839,20.578,118,126,5.969343e-03,
26,Q,20,1,1.468987226486206,24.032,122,127,6.147929e-03,
26,Q,21,1,1.5175273418426514,23.927,113,125,6.338439e-03,
26,Q,22,1,1.4205268621444702,22.748,117,126,5.786359e-03,
26,Q,23,1,1.5845043659210205,19.867,117,126,6.040502e-03,
26,Q,24,1,1.5164408683776855,16.483,123,127,5.564907e-03,
26,Q,25,1,1.4026204347610474,20.441,113,126,5.465128e-03,
26,Q,26,1,1.5275543928146362,20.195,121,127,5.938118e-03,
26,Q,27,1,1.647222876548767,17.593,121,127,5.950361e-03,
26,Q,28,1,1.645249366760254,20.736,109,124,6.372426e-03,
26,Q,29,1,1.3004939556121826,21.1,123,127,5.175468e-03,
26,Q,30,1,1.5233925580978394,21.325,121,127,6.061246e-03,
26,Q,31,1,1.6191608905792236,19.362,123,128,6.139610e-03,
26,QK,0,0,0.8592316508293152,35.177,89,110,,0
26,QK,1,0,0.8221835494041443,35.22,93,112,,0
26,QK,2,0,0.803862988948822,39.306,93,112,,0
26,QK,3,0,0.9001539945602417,31.166,91,110,,0
26,QK,4,0,0.9073166251182556,24.617,96,114,,0
26,QK,5,0,0.6914854645729065,35.806,102,117,,0
26,QK,6,0,0.992160439491272,22.863,95,113,,0
26,QK,7,0,0.8908336162567139,31.95,92,111,,0
26,QK,8,0,0.8945940732955933,34.081,88,108,,0
26,QK,9,0,0.8469782471656799,21.606,110,120,,0
26,QK,10,0,0.7666518092155457,39.568,98,115,,0
26,QK,11,0,0.7994633913040161,34.797,95,113,,0
26,QK,12,0,0.8901913166046143,34.977,92,111,,0
26,QK,13,0,0.7611944675445557,32.726,96,113,,0
26,QK,14,0,0.8839906454086304,36.476,92,111,,0
26,QK,15,0,0.8410692811012268,38.113,93,112,,0
26,QK,16,1,1.6507703065872192,9.589,94,113,,0
26,QK,17,1,1.2526497840881348,12.145,101,116,,0
26,QK,18,1,0.9505331516265869,11.383,117,125,,0
26,QK,19,1,1.3828926086425781,9.43,105,118,,0
26,QK,20,1,1.4276615381240845,9.592,107,121,,0
26,QK,21,1,1.2446904182434082,15.3,98,114,,0
26,QK,22,1,1.0488494634628296,15.892,104,118,,0
26,QK,23,1,1.4078800678253174,9.755,104,118,,0
26,QK,24,1,0.8125728368759155,14.444,116,124,,0
26,QK,25,1,1.5969452857971191,7.353,96,114,,0
26,QK,26,1,1.3584343194961548,8.822,109,121,,0
26,QK,27,1,1.0334057807922363,14.064,109,121,,0
26,QK,28,1,1.4779891967773438,11.04,95,111,,0
26,QK,29,1,1.6635723114013672,5.228,107,121,,0
26,QK,30,1,1.2950398921966553,10.456,108,121,,0
26,QK,31,1,0.9764816164970398,15.667,112,123,,0
26,V,0,0,0.9876591563224792,57.283,124,128,6.321521e-03,
26,V,1,1,0.9306962490081787,55.481,125,128,5.931837e-03,
26,VO,0,0,0.4910805821418762,47.967,124,128,,
26,VO,1,0,0.5274565815925598,48.394,122,128,,
26,VO,2,0,0.5713731646537781,45.522,123,128,,
26,VO,3,0,0.5493837594985962,45.984,123,128,,
26,VO,4,0,0.5142487287521362,51.214,124,128,,
26,VO,5,0,0.48978114128112793,60.834,123,128,,
26,VO,6,0,0.5906744003295898,42.234,122,128,,
26,VO,7,0,0.5415255427360535,46.585,123,128,,
26,VO,8,0,0.6396881937980652,33.539,123,128,,
26,VO,9,0,0.5409575700759888,46.248,123,128,,
26,VO,10,0,0.5833045840263367,44.905,123,128,,
26,VO,11,0,0.5114309191703796,50.942,124,128,,
26,VO,12,0,0.5223791599273682,49.982,123,128,,
26,VO,13,0,0.5706592798233032,45.948,124,128,,
26,VO,14,0,0.5984272956848145,40.861,123,128,,
26,VO,15,0,0.5641570687294006,43.818,123,128,,
26,VO,16,1,0.5644505023956299,31.521,123,128,,
26,VO,17,1,0.714582622051239,24.532,122,128,,
26,VO,18,1,0.5317498445510864,34.819,123,128,,
26,VO,19,1,0.5662994980812073,36.186,122,127,,
26,VO,20,1,0.5370582342147827,37.009,123,128,,
26,VO,21,1,0.58912593126297,36.777,121,127,,
26,VO,22,1,0.6758201718330383,27.877,121,127,,
26,VO,23,1,0.6092415452003479,32.193,122,127,,
26,VO,24,1,0.719726026058197,19.353,122,128,,
26,VO,25,1,0.5643234252929688,35.698,121,127,,
26,VO,26,1,0.5256393551826477,37.379,123,128,,
26,VO,27,1,0.6170278191566467,33.153,122,127,,
26,VO,28,1,0.5797544717788696,35.24,121,128,,
26,VO,29,1,0.41922610998153687,43.97,123,128,,
26,VO,30,1,0.5341136455535889,37.858,123,128,,
26,VO,31,1,0.5239343047142029,38.897,123,128,,
27,G,0,0,3.5403096675872803,8.609,124,128,8.425623e-03,
27,G,1,0,4.005105495452881,4.274,125,128,6.692733e-03,
27,G,2,0,2.6060667037963867,4.744,123,128,4.574239e-03,
27,G,3,0,3.467576026916504,3.821,124,128,5.445773e-03,
27,G,4,0,3.7457780838012695,2.994,123,128,5.211533e-03,
27,G,5,0,3.447810173034668,4.046,125,128,5.584783e-03,
27,G,6,0,3.35557222366333,4.022,124,128,5.406221e-03,
27,G,7,0,3.6514930725097656,3.344,119,127,5.361910e-03,
27,G,8,0,3.478046178817749,3.172,125,128,4.970797e-03,
27,G,9,0,3.4817798137664795,4.095,124,128,5.676944e-03,
27,G,10,0,3.2992806434631348,3.947,125,128,5.284734e-03,
27,G,11,0,3.3843817710876465,3.185,121,128,4.853069e-03,
27,G,12,0,3.4573423862457275,3.77,120,127,5.386633e-03,
27,G,13,0,3.50777006149292,6.198,124,128,7.070770e-03,
27,G,14,0,3.4455881118774414,3.567,124,128,5.250344e-03,
27,G,15,0,3.1704325675964355,3.941,122,128,5.057308e-03,
27,G,16,1,2.9229607582092285,4.799,125,128,5.156186e-03,
27,G,17,1,3.259056329727173,5.328,125,128,6.069112e-03,
27,G,18,1,3.121305227279663,4.161,124,128,5.116620e-03,
27,G,19,1,2.8733203411102295,9.944,125,128,7.334561e-03,
27,G,20,1,3.3737034797668457,3.531,124,128,5.088934e-03,
27,G,21,1,2.8280138969421387,4.685,125,128,4.937448e-03,
27,G,22,1,3.0833356380462646,8.786,124,128,7.463084e-03,
27,G,23,1,3.1313390731811523,9.658,124,128,7.929573e-03,
27,G,24,1,2.752645492553711,12.73,125,128,7.953436e-03,
27,G,25,1,3.082939624786377,11.42,125,128,8.443958e-03,
27,G,26,1,3.409933090209961,6.368,125,128,6.956937e-03,
27,G,27,1,2.9612905979156494,11.608,125,128,8.173547e-03,
27,G,28,1,3.5347020626068115,4.049,124,128,5.766232e-03,
27,G,29,1,3.470020055770874,3.688,124,128,5.357195e-03,
27,G,30,1,3.4483680725097656,3.278,123,128,5.016334e-03,
27,G,31,1,3.139646291732788,4.627,124,128,5.434936e-03,
27,K,0,0,1.2245515584945679,35.713,124,127,5.978415e-03,
27,K,1,1,1.454485297203064,28.211,124,127,6.273828e-03,
27,O,0,0,1.1289393901824951,33.371,121,127,7.065404e-03,
27,O,1,0,0.8443887829780579,46.827,122,127,6.260023e-03,
27,O,2,0,0.7893202900886536,42.231,124,128,5.557177e-03,
27,O,3,0,1.1626275777816772,17.778,123,128,5.310917e-03,
27,O,4,0,1.3717879056930542,14.969,124,128,5.749955e-03,
27,O,5,0,0.9306135177612305,30.598,124,128,5.577031e-03,
27,O,6,0,1.2517476081848145,18.045,123,128,5.760730e-03,
27,O,7,0,1.2842799425125122,17.366,124,128,5.798269e-03,
27,O,8,0,1.2924647331237793,15.385,124,128,5.492316e-03,
27,O,9,0,1.1036295890808105,21.91,123,128,5.596634e-03,
27,O,10,0,1.1198214292526245,21.905,124,128,5.678138e-03,
27,O,11,0,0.8166835308074951,36.74,124,128,5.362977e-03,
27,O,12,0,1.1169891357421875,20.887,124,128,5.530613e-03,
27,O,13,0,1.0022153854370117,31.043,123,127,6.049593e-03,
27,O,14,0,1.1031787395477295,22.505,123,128,5.669815e-03,
27,O,15,0,0.9175795912742615,34.114,123,128,5.806247e-03,
27,O,16,1,0.96523118019104,32.912,124,128,5.999221e-03,
27,O,17,1,0.8102715611457825,45.243,123,128,5.904596e-03,
27,O,18,1,0.9820290803909302,30.947,124,128,5.918583e-03,
27,O,19,1,0.9621911644935608,42.712,124,128,6.812706e-03,
27,O,20,1,0.7966781854629517,44.079,125,128,5.730347e-03,
27,O,21,1,0.7205667495727539,63.39,124,128,6.215392e-03,
27,O,22,1,1.0055006742477417,40.084,123,128,6.896878e-03,
27,O,23,1,1.2142435312271118,29.674,122,127,7.166003e-03,
27,O,24,1,1.1547470092773438,32.9,122,127,7.175812e-03,
27,O,25,1,1.1311362981796265,35.885,123,127,7.341037e-03,
27,O,26,1,0.8516631126403809,50.13,124,128,6.532818e-03,
27,O,27,1,1.1848726272583008,33.512,123,128,7.431148e-03,
27,O,28,1,0.8251538872718811,47.309,123,128,6.148815e-03,
27,O,29,1,1.043641209602356,28.311,123,128,6.016119e-03,
27,O,30,1,0.8959673643112183,35.4,124,128,5.775368e-03,
27,O,31,1,1.0094982385635376,28.507,124,128,5.839353e-03,
27,Q,0,0,1.8920384645462036,16.299,124,128,6.195311e-03,
27,Q,1,0,1.9251124858856201,9.338,121,128,4.766496e-03,
27,Q,2,0,1.776027798652649,12.854,124,128,5.129102e-03,
27,Q,3,0,1.759866714477539,20.121,124,128,6.358394e-03,
27,Q,4,0,1.7351329326629639,21.212,125,128,6.488431e-03,
27,Q,5,0,1.6437764167785645,22.465,124,128,6.268599e-03,
27,Q,6,0,1.6678364276885986,23.092,125,128,6.459181e-03,
27,Q,7,0,1.9051518440246582,14.286,125,128,5.797182e-03,
27,Q,8,0,1.6589488983154297,23.747,124,128,6.497431e-03,
27,Q,9,0,1.66403329372406,22.247,125,128,6.332696e-03,
27,Q,10,0,1.9727473258972168,13.384,125,128,5.846673e-03,
27,Q,11,0,1.8050495386123657,16.767,125,128,6.003105e-03,
27,Q,12,0,1.6649702787399292,23.024,125,128,6.415677e-03,
27,Q,13,0,1.6017426252365112,23.195,124,128,6.269168e-03,
27,Q,14,0,1.8020527362823486,14.657,125,128,5.571914e-03,
27,Q,15,0,1.7010294198989868,17.549,124,128,5.738521e-03,
27,Q,16,1,1.7061731815338135,20.687,125,128,6.251436e-03,
27,Q,17,1,1.800275444984436,17.457,125,128,6.068315e-03,
27,Q,18,1,1.659616470336914,21.277,124,128,6.161776e-03,
27,Q,19,1,1.9686360359191895,15.427,125,128,6.264728e-03,
27,Q,20,1,1.7747218608856201,19.707,125,128,6.340254e-03,
27,Q,21,1,2.046060562133789,10.951,125,128,5.468244e-03,
27,Q,22,1,1.6473972797393799,22.636,124,128,6.368177e-03,
27,Q,23,1,1.7783160209655762,20.541,125,128,6.564257e-03,
27,Q,24,1,1.864101767539978,17.559,124,128,6.325150e-03,
27,Q,25,1,1.7466288805007935,20.435,124,128,6.406347e-03,
27,Q,26,1,2.1700356006622314,11.948,123,128,6.075736e-03,
27,Q,27,1,1.7662023305892944,19.955,125,128,6.389646e-03,
27,Q,28,1,1.9631965160369873,14.519,123,128,6.103768e-03,
27,Q,29,1,1.8211456537246704,18.371,125,128,6.287884e-03,
27,Q,30,1,1.6197102069854736,22.089,124,128,6.128352e-03,
27,Q,31,1,1.8044214248657227,19.049,125,128,6.363550e-03,
27,QK,0,0,1.0162070989608765,21.028,123,127,,1
27,QK,1,0,0.6603202819824219,27.321,120,128,,1
27,QK,2,0,0.6239737272262573,33.447,125,128,,1
27,QK,3,0,0.7114191651344299,41.965,124,128,,1
27,QK,4,0,0.8246799111366272,38.054,123,127,,1
27,QK,5,0,0.6950544714927673,41.122,124,127,,1
27,QK,6,0,0.7976690530776978,36.833,123,128,,1
27,QK,7,0,0.8218483924865723,31.551,122,128,,1
27,QK,8,0,0.6615099906921387,48.508,124,128,,1
27,QK,9,0,0.8041337728500366,36.021,123,127,,1
27,QK,10,0,0.8158788681030273,28.589,122,128,,1
27,QK,11,0,0.6774918437004089,37.802,124,128,,1
27,QK,12,0,0.76408851146698,39.273,124,127,,1
27,QK,13,0,0.7572728395462036,37.326,123,127,,1
27,QK,14,0,1.000547170639038,18.268,123,128,,1
27,QK,15,0,0.6827453970909119,35.68,124,128,,1
27,QK,16,1,0.8319095373153687,36.802,123,127,,1
27,QK,17,1,0.8987694978713989,29.267,123,127,,1
27,QK,18,1,0.8123060464859009,38.135,123,127,,1
27,QK,19,1,1.069995641708374,21.596,124,127,,1
27,QK,20,1,0.7609085440635681,45.11,123,127,,1
27,QK,21,1,0.7051326036453247,34.251,124,127,,1
27,QK,22,1,0.9093608260154724,31.296,123,127,,1
27,QK,23,1,1.021324872970581,26.571,123,127,,1
27,QK,24,1,0.9002842903137207,31.213,123,127,,1
27,QK,25,1,0.9163836240768433,31.501,122,127,,1
27,QK,26,1,0.7760734558105469,35.488,124,127,,1
27,QK,27,1,0.8827184438705444,33.452,123,127,,1
27,QK,28,1,0.9660712480545044,25.046,123,127,,1
27,QK,29,1,0.8339586853981018,37.052,123,127,,1
27,QK,30,1,0.7049156427383423,47.713,123,127,,1
27,QK,31,1,0.8697277307510376,34.582,123,127,,1
27,V,0,0,0.8888607025146484,63.016,124,127,5.730577e-03,
27,V,1,1,1.0424504280090332,60.076,124,128,6.503915e-03,
27,VO,0,0,0.7180783748626709,32.276,120,126,,
27,VO,1,0,0.5281545519828796,45.593,121,127,,
27,VO,2,0,0.39355966448783875,60.971,123,127,,
27,VO,3,0,0.3749162554740906,60.699,123,127,,
27,VO,4,0,0.4592915177345276,46.375,124,128,,
27,VO,5,0,0.45194482803344727,47.594,123,127,,
27,VO,6,0,0.4801620543003082,44.159,123,127,,
27,VO,7,0,0.5271791219711304,37.065,123,128,,
27,VO,8,0,0.3933233320713043,57.819,124,127,,
27,VO,9,0,0.48139217495918274,41.788,123,127,,
27,VO,10,0,0.43163689970970154,53.494,123,127,,
27,VO,11,0,0.4195740222930908,51.076,123,127,,
27,VO,12,0,0.46264684200286865,43.863,123,127,,
27,VO,13,0,0.5619609951972961,38.234,121,127,,
27,VO,14,0,0.4123184382915497,57.562,123,127,,
27,VO,15,0,0.4540402889251709,49.267,123,127,,
27,VO,16,1,0.5161309242248535,56.134,123,128,,
27,VO,17,1,0.5692422986030579,46.654,121,127,,
27,VO,18,1,0.5288676619529724,51.089,123,128,,
27,VO,19,1,0.7382761836051941,37.909,121,127,,
27,VO,20,1,0.46671825647354126,62.416,123,128,,
27,VO,21,1,0.5415586829185486,56.907,123,127,,
27,VO,22,1,0.731252133846283,39.204,120,127,,
27,VO,23,1,0.9448533654212952,25.563,120,127,,
27,VO,24,1,0.8728907704353333,30.023,120,126,,
27,VO,25,1,0.8163154721260071,35.8,121,126,,
27,VO,26,1,0.6185674667358398,48.829,121,127,,
27,VO,27,1,0.8261376619338989,35.9,120,127,,
27,VO,28,1,0.6401042342185974,40.131,121,127,,
27,VO,29,1,0.5655379295349121,47.261,122,128,,
27,VO,30,1,0.5064895153045654,52.634,123,128,,
27,VO,31,1,0.5276581645011902,50.453,123,128,,
28,G,0,0,3.509974718093872,5.18,125,128,6.395882e-03,
28,G,1,0,3.4974775314331055,5.269,126,128,6.426025e-03,
28,G,2,0,3.567826986312866,5.061,126,128,6.426628e-03,
28,G,3,0,3.5703752040863037,5.724,125,128,6.826227e-03,
28,G,4,0,3.89949107170105,4.308,125,128,6.486054e-03,
28,G,5,0,4.349692344665527,3.901,124,128,6.852593e-03,
28,G,6,0,3.687863349914551,4.708,125,128,6.407925e-03,
28,G,7,0,3.3295040130615234,4.841,126,128,5.903916e-03,
28,G,8,0,3.356886386871338,6.035,125,128,6.593280e-03,
28,G,9,0,3.6496026515960693,4.884,126,128,6.466345e-03,
28,G,10,0,2.769266366958618,6.151,126,128,5.528617e-03,
28,G,11,0,3.631836414337158,5.562,125,128,6.872069e-03,
28,G,12,0,2.349071502685547,5.681,126,128,4.503248e-03,
28,G,13,0,3.297464370727539,5.24,126,128,6.066666e-03,
28,G,14,0,3.910896062850952,3.671,125,128,5.993019e-03,
28,G,15,0,3.9757869243621826,4.203,125,128,6.529385e-03,
28,G,16,1,3.4640817642211914,4.358,125,128,5.818073e-03,
28,G,17,1,1.9769366979599,8.169,125,128,4.554782e-03,
28,G,18,1,2.9232895374298096,5.99,125,128,5.782295e-03,
28,G,19,1,3.1286091804504395,5.55,125,128,5.909151e-03,
28,G,20,1,2.8260250091552734,7.03,125,128,6.049669e-03,
28,G,21,1,3.1337668895721436,7.472,125,128,6.896279e-03,
28,G,22,1,2.829965353012085,6.187,125,128,5.779019e-03,
28,G,23,1,2.9305198192596436,6.49,126,128,6.006014e-03,
28,G,24,1,2.934835433959961,7.412,125,128,6.437331e-03,
28,G,25,1,3.1372969150543213,6.465,125,128,6.423747e-03,
28,G,26,1,3.659106731414795,4.297,124,128,6.086395e-03,
28,G,27,1,2.4366748332977295,6.71,125,128,5.093560e-03,
28,G,28,1,3.058122396469116,7.975,125,128,6.951344e-03,
28,G,29,1,3.2029471397399902,4.821,125,128,5.669148e-03,
28,G,30,1,3.1076290607452393,5.251,125,128,5.705759e-03,
28,G,31,1,2.5318970680236816,7.969,126,128,5.759422e-03,
28,K,0,0,1.7321749925613403,19.583,113,124,6.261614e-03,
28,K,1,1,1.6029618978500366,20.617,116,125,5.992747e-03,
28,O,0,0,0.8872637152671814,44.276,125,128,6.396164e-03,
28,O,1,0,1.3494690656661987,19.281,125,128,6.419599e-03,
28,O,2,0,1.497512936592102,16.141,125,128,6.518021e-03,
28,O,3,0,2.351989984512329,6.112,125,128,6.299785e-03,
28,O,4,0,1.1027785539627075,27.573,125,128,6.273563e-03,
28,O,5,0,2.283604383468628,7.211,125,128,6.643615e-03,
28,O,6,0,1.6960819959640503,11.585,125,128,6.254308e-03,
28,O,7,0,0.9530164003372192,33.374,125,128,5.964715e-03,
28,O,8,0,1.3958685398101807,17.385,125,128,6.305470e-03,
28,O,9,0,1.0414711236953735,31.914,125,128,6.374119e-03,
28,O,10,0,1.4840977191925049,13.753,125,128,5.962692e-03,
28,O,11,0,1.5973739624023438,15.249,124,128,6.757827e-03,
28,O,12,0,0.6521793603897095,69.526,125,128,5.891473e-03,
28,O,13,0,0.8830904364585876,43.131,125,128,6.283280e-03,
28,O,14,0,1.8164787292480469,9.198,125,128,5.968436e-03,
28,O,15,0,1.515215516090393,14.817,125,128,6.318775e-03,
28,O,16,1,1.3120903968811035,17.335,124,128,5.918548e-03,
28,O,17,1,1.0520859956741333,22.325,125,128,5.385534e-03,
28,O,18,1,1.357645034790039,16.438,125,128,5.963455e-03,
28,O,19,1,2.395357608795166,5.329,124,128,5.990626e-03,
28,O,20,1,2.259629964828491,5.681,125,128,5.834871e-03,
28,O,21,1,1.6476351022720337,13.047,124,128,6.447569e-03,
28,O,22,1,2.0858778953552246,6.507,124,128,5.764594e-03,
28,O,23,1,2.075963020324707,7.731,124,128,6.253556e-03,
28,O,24,1,1.331466555595398,19.82,124,128,6.421874e-03,
28,O,25,1,1.9448871612548828,8.151,124,128,6.015669e-03,
28,O,26,1,1.6847033500671387,11.331,124,128,6.143826e-03,
28,O,27,1,1.1265274286270142,20.388,125,128,5.510819e-03,
28,O,28,1,1.7712440490722656,10.481,124,128,6.212503e-03,
28,O,29,1,1.1962867975234985,20.587,125,128,5.880495e-03,
28,O,30,1,1.8354957103729248,8.518,125,128,5.803642e-03,
28,O,31,1,1.723434329032898,9.329,124,128,5.702804e-03,
28,Q,0,0,1.9591894149780273,16.36,122,128,6.371331e-03,
28,Q,1,0,2.0485339164733887,14.97,122,127,6.368533e-03,
28,Q,2,0,2.263979911804199,11.96,121,127,6.302013e-03,
28,Q,3,0,2.0854928493499756,12.672,119,127,5.960730e-03,
28,Q,4,0,2.0856266021728516,13.878,123,128,6.286093e-03,
28,Q,5,0,2.194392442703247,13.514,115,127,6.457889e-03,
28,Q,6,0,2.0335824489593506,12.854,121,127,5.886856e-03,
28,Q,7,0,2.0546722412109375,13.906,123,128,6.210356e-03,
28,Q,8,0,1.965595006942749,16.034,122,127,6.323836e-03,
28,Q,9,0,2.0143985748291016,15.076,121,127,6.289348e-03,
28,Q,10,0,1.9342759847640991,16.204,125,128,6.307542e-03,
28,Q,11,0,2.0366029739379883,15.74,122,128,6.497309e-03,
28,Q,12,0,1.8469915390014648,10.118,124,128,4.765966e-03,
28,Q,13,0,2.053419351577759,15.747,123,128,6.586642e-03,
28,Q,14,0,2.148057222366333,12.424,116,127,6.065231e-03,
28,Q,15,0,2.2203762531280518,11.363,120,127,6.019107e-03,
28,Q,16,1,2.2474186420440674,13.616,120,127,6.757748e-03,
28,Q,17,1,1.7610507011413574,12.096,124,128,4.992603e-03,
28,Q,18,1,2.0673317909240723,11.717,123,128,5.751939e-03,
28,Q,19,1,2.194516897201538,11.695,116,126,6.033942e-03,
28,Q,20,1,2.012176990509033,15.167,122,128,6.366886e-03,
28,Q,21,1,2.0024051666259766,15.515,123,128,6.386656e-03,
28,Q,22,1,2.1973326206207275,10.617,123,128,5.885390e-03,
28,Q,23,1,2.2231967449188232,7.838,117,127,5.050056e-03,
28,Q,24,1,2.336731195449829,12.436,120,127,6.663344e-03,
28,Q,25,1,2.0842251777648926,13.792,123,128,6.291003e-03,
28,Q,26,1,2.3344924449920654,10.574,111,125,6.134815e-03,
28,Q,27,1,2.090907573699951,10.832,124,128,5.586342e-03,
28,Q,28,1,1.9111310243606567,17.561,115,126,6.472602e-03,
28,Q,29,1,2.4742815494537354,10.225,122,127,6.424952e-03,
28,Q,30,1,2.228484869003296,12.098,119,127,6.229635e-03,
28,Q,31,1,2.0930182933807373,11.949,122,127,5.850318e-03,
28,QK,0,0,1.1553161144256592,21.407,106,120,,0
28,QK,1,0,1.1644734144210815,20.443,106,120,,0
28,QK,2,0,1.0189156532287598,24.155,107,120,,0
28,QK,3,0,1.1522960662841797,19.752,102,118,,0
28,QK,4,0,1.0461094379425049,22.174,109,122,,0
28,QK,5,0,1.173876166343689,23.396,97,115,,0
28,QK,6,0,1.1583043336868286,17.577,106,120,,0
28,QK,7,0,1.083247184753418,19.646,110,122,,0
28,QK,8,0,1.0746203660964966,22.486,108,121,,0
28,QK,9,0,1.0743848085403442,23.161,106,120,,0
28,QK,10,0,1.003481149673462,21.933,113,124,,0
28,QK,11,0,1.165594458580017,21.31,106,121,,0
28,QK,12,0,0.8705018162727356,13.065,117,125,,0
28,QK,13,0,1.0826146602630615,21.557,111,123,,0
28,QK,14,0,1.2032407522201538,20.324,97,116,,0
28,QK,15,0,1.2215865850448608,17.445,103,119,,0
28,QK,16,1,1.2855955362319946,16.195,111,122,,0
28,QK,17,1,0.8832219839096069,16.433,116,124,,0
28,QK,18,1,1.0590380430221558,16.725,113,124,,0
28,QK,19,1,1.2118279933929443,16.339,105,119,,0
28,QK,20,1,1.0809826850891113,19.598,113,123,,0
28,QK,21,1,1.0167081356048584,22.389,114,124,,0
28,QK,22,1,0.825951337814331,20.73,120,126,,0
28,QK,23,1,0.9164552688598633,17.701,107,121,,0
28,QK,24,1,1.1072295904159546,19.991,110,122,,0
28,QK,25,1,0.9327688813209534,21.351,117,125,,0
28,QK,26,1,1.4490050077438354,13.177,97,116,,0
28,QK,27,1,0.9719878435134888,15.988,117,125,,0
28,QK,28,1,1.1848499774932861,19.319,104,119,,0
28,QK,29,1,1.0715136528015137,17.817,115,124,,0
28,QK,30,1,1.2256516218185425,16.529,109,121,,0
28,QK,31,1,0.9206000566482544,23.333,112,123,,0
28,V,0,0,0.9144852161407471,75.295,124,127,6.285872e-03,
28,V,1,1,0.9200568795204163,65.948,124,127,5.969240e-03,
28,VO,0,0,0.5856426954269409,49.383,123,127,,
28,VO,1,0,0.5423657298088074,54.5,124,127,,
28,VO,2,0,0.5658453106880188,51.202,124,127,,
28,VO,3,0,0.554097592830658,44.506,124,128,,
28,VO,4,0,0.5373326539993286,52.772,124,127,,
28,VO,5,0,0.5336005091667175,55.26,124,128,,
28,VO,6,0,0.5337308049201965,50.902,124,127,,
28,VO,7,0,0.47880980372428894,61.126,124,127,,
28,VO,8,0,0.5439665913581848,51.04,124,127,,
28,VO,9,0,0.5422301292419434,55.448,124,127,,
28,VO,10,0,0.5025059580802917,53.034,124,127,,
28,VO,11,0,0.6378451585769653,45.335,123,127,,
28,VO,12,0,0.48522329330444336,61.466,124,127,,
28,VO,13,0,0.543225109577179,53.984,124,127,,
28,VO,14,0,0.4309081733226776,69.147,125,128,,
28,VO,15,0,0.5122173428535461,57.039,124,127,,
28,VO,16,1,0.5175808072090149,44.423,123,127,,
28,VO,17,1,0.4615735411643982,47.188,123,127,,
28,VO,18,1,0.5550190806388855,39.004,124,127,,
28,VO,19,1,0.5224071145057678,38.451,124,128,,
28,VO,20,1,0.7441962957382202,19.222,124,127,,
28,VO,21,1,0.7729567885398865,22.809,123,127,,
28,VO,22,1,0.5495972633361816,32.557,124,128,,
28,VO,23,1,0.5965243577957153,35.128,123,128,,
28,VO,24,1,0.7174188494682312,27.9,122,127,,
28,VO,25,1,0.7721335291862488,19.255,124,127,,
28,VO,26,1,0.5389228463172913,43.389,123,127,,
28,VO,27,1,0.4558889865875244,48.658,124,127,,
28,VO,28,1,0.6081535220146179,34.481,123,127,,
28,VO,29,1,0.4933951795101166,48.627,124,127,,
28,VO,30,1,0.4739803075790405,47.269,124,128,,
28,VO,31,1,0.5798462629318237,30.833,124,128,,
29,G,0,0,3.381281614303589,4.992,125,128,6.451909e-03,
29,G,1,0,3.4377334117889404,5.276,125,128,6.738907e-03,
29,G,2,0,3.231947660446167,4.462,124,128,5.833361e-03,
29,G,3,0,3.016533374786377,5.485,125,128,6.047925e-03,
29,G,4,0,3.1259679794311523,6.486,125,128,6.810952e-03,
29,G,5,0,2.0648462772369385,6.879,125,128,4.634485e-03,
29,G,6,0,3.1572694778442383,5.637,125,128,6.403106e-03,
29,G,7,0,3.373351573944092,4.478,124,128,6.086153e-03,
29,G,8,0,3.2085120677948,4.546,125,128,5.838458e-03,
29,G,9,0,3.4902701377868652,4.822,125,128,6.539310e-03,
29,G,10,0,3.6744139194488525,5.015,125,128,7.011915e-03,
29,G,11,0,2.988178014755249,5.611,124,128,6.046543e-03,
29,G,12,0,2.8988075256347656,6.328,125,128,6.236551e-03,
29,G,13,0,3.5080814361572266,4.733,125,128,6.503485e-03,
29,G,14,0,3.806462526321411,4.21,125,128,6.650950e-03,
29,G,15,0,3.938900947570801,3.62,125,128,6.384776e-03,
29,G,16,1,2.783370018005371,6.027,125,128,5.842500e-03,
29,G,17,1,3.058849573135376,5.227,124,128,5.960572e-03,
29,G,18,1,2.8353285789489746,6.197,124,128,6.030743e-03,
29,G,19,1,2.997814416885376,4.894,123,128,5.643163e-03,
29,G,20,1,2.7266979217529297,6.095,124,128,5.755416e-03,
29,G,21,1,2.9204258918762207,5.168,125,128,5.664370e-03,
29,G,22,1,1.6019848585128784,15.566,125,128,5.379265e-03,
29,G,23,1,2.7859597206115723,5.991,124,128,5.826111e-03,
29,G,24,1,2.4841206073760986,8.631,124,128,6.232284e-03,
29,G,25,1,2.549302816390991,8.733,125,128,6.437336e-03,
29,G,26,1,2.5800352096557617,8.223,123,128,6.318510e-03,
29,G,27,1,2.5357344150543213,6.955,125,128,5.712493e-03,
29,G,28,1,2.5379815101623535,10.009,125,128,6.867577e-03,
29,G,29,1,1.6340538263320923,11.679,124,128,4.760368e-03,
29,G,30,1,2.720912456512451,7.716,125,128,6.456894e-03,
29,G,31,1,2.978466272354126,6.059,124,128,6.285703e-03,
29,K,0,0,1.9747155904769897,13.502,114,125,6.282257e-03,
29,K,1,1,1.6300053596496582,18.399,116,125,5.969757e-03,
29,O,0,0,2.166572332382202,7.91,124,128,6.601557e-03,
29,O,1,0,1.1911948919296265,25.134,124,128,6.469936e-03,
29,O,2,0,0.9472182989120483,39.631,124,128,6.460246e-03,
29,O,3,0,0.9869511127471924,37.095,124,128,6.512343e-03,
29,O,4,0,0.9342853426933289,44.594,124,128,6.759277e-03,
29,O,5,0,0.6946444511413574,56.767,125,128,5.670173e-03,
29,O,6,0,1.3169276714324951,21.434,124,128,6.605368e-03,
29,O,7,0,1.597690224647522,14.185,124,128,6.519205e-03,
29,O,8,0,0.7442229390144348,63.87,124,128,6.443705e-03,
29,O,9,0,1.0276178121566772,36.635,124,128,6.738540e-03,
29,O,10,0,1.7347902059555054,11.573,124,128,6.393858e-03,
29,O,11,0,1.0081989765167236,35.984,124,128,6.552198e-03,
29,O,12,0,1.1815447807312012,26.692,124,128,6.613391e-03,
29,O,13,0,1.14748215675354,29.197,125,128,6.717338e-03,
29,O,14,0,1.968470573425293,9.372,124,128,6.528713e-03,
29,O,15,0,1.793266773223877,10.381,124,128,6.259692e-03,
29,O,16,1,0.8652896285057068,43.845,124,128,6.207327e-03,
29,O,17,1,0.897528886795044,33.079,124,128,5.592525e-03,
29,O,18,1,0.8766770958900452,36.565,124,128,5.743268e-03,
29,O,19,1,0.7898257970809937,43.543,124,128,5.646433e-03,
29,O,20,1,0.9037503600120544,30.537,125,128,5.410569e-03,
29,O,21,1,0.8111178874969482,42.598,124,128,5.735398e-03,
29,O,22,1,1.1439518928527832,17.785,125,128,5.226570e-03,
29,O,23,1,0.9591462016105652,28.724,123,128,5.569205e-03,
29,O,24,1,1.4639662504196167,12.713,124,128,5.655122e-03,
29,O,25,1,1.2894865274429321,19.389,124,128,6.151523e-03,
29,O,26,1,1.8931480646133423,8.498,123,128,5.979100e-03,
29,O,27,1,0.9027172923088074,33.799,125,128,5.685733e-03,
29,O,28,1,2.0338926315307617,7.407,124,128,5.997029e-03,
29,O,29,1,0.9461852312088013,26.873,125,128,5.313997e-03,
29,O,30,1,1.100503921508789,24.122,124,128,5.855773e-03,
29,O,31,1,1.2166334390640259,20.528,124,128,5.972030e-03,
29,Q,0,0,2.1574904918670654,13.762,120,127,6.845846e-03,
29,Q,1,0,2.167726993560791,12.746,115,126,6.602501e-03,
29,Q,2,0,2.5467529296875,10.492,123,128,7.075328e-03,
29,Q,3,0,2.2292959690093994,11.767,123,128,6.557863e-03,
29,Q,4,0,2.1865901947021484,11.344,121,128,6.303580e-03,
29,Q,5,0,1.9997036457061768,10.089,124,128,5.459044e-03,
29,Q,6,0,2.3343093395233154,11.481,122,127,6.769394e-03,
29,Q,7,0,1.8358087539672852,11.717,119,127,5.367621e-03,
29,Q,8,0,2.4024510383605957,11.584,121,128,7.005017e-03,
29,Q,9,0,2.4150397777557373,12.084,119,127,7.155611e-03,
29,Q,10,0,2.059896469116211,12.966,114,126,6.314305e-03,
29,Q,11,0,2.073728322982788,12.493,122,127,6.264933e-03,
29,Q,12,0,2.067950963973999,11.303,122,128,5.942316e-03,
29,Q,13,0,2.2544057369232178,12.115,120,127,6.691722e-03,
29,Q,14,0,2.303933620452881,11.437,119,127,6.650092e-03,
29,Q,15,0,1.9070124626159668,16.316,108,125,6.561039e-03,
29,Q,16,1,2.1170413494110107,8.485,121,128,5.280582e-03,
29,Q,17,1,1.6821905374526978,12.995,110,126,5.174417e-03,
29,Q,18,1,2.0329103469848633,11.004,122,127,5.758351e-03,
29,Q,19,1,1.940076470375061,13.298,117,126,6.028808e-03,
29,Q,20,1,2.0952136516571045,11.65,123,128,6.164824e-03,
29,Q,21,1,1.98358952999115,12.688,119,127,6.044466e-03,
29,Q,22,1,1.3504713773727417,22.206,125,128,5.458211e-03,
29,Q,23,1,2.13423228263855,8.418,117,127,5.304261e-03,
29,Q,24,1,2.3102149963378906,9.142,123,128,5.996276e-03,
29,Q,25,1,2.0401155948638916,9.465,122,128,5.371041e-03,
29,Q,26,1,1.708807349205017,12.751,123,128,5.233102e-03,
29,Q,27,1,2.265056848526001,10.787,124,128,6.373598e-03,
29,Q,28,1,2.184508800506592,10.989,123,128,6.207404e-03,
29,Q,29,1,1.5788438320159912,19.343,125,128,5.961291e-03,
29,Q,30,1,1.7906126976013184,13.239,122,128,5.577227e-03,
29,Q,31,1,1.981371283531189,11.254,123,128,5.742640e-03,
29,QK,0,0,1.2223354578018188,15.541,108,120,,0
29,QK,1,0,1.424699068069458,12.634,101,117,,0
29,QK,2,0,1.3900357484817505,11.2,114,124,,0
29,QK,3,0,1.166252613067627,13.828,113,123,,0
29,QK,4,0,1.372697353363037,11.652,106,121,,0
29,QK,5,0,1.0574527978897095,10.634,116,125,,0
29,QK,6,0,1.4174025058746338,11.456,110,122,,0
29,QK,7,0,1.1006112098693848,12.835,106,120,,0
29,QK,8,0,1.1951687335968018,13.87,115,124,,0
29,QK,9,0,1.3586828708648682,14.409,107,120,,0
29,QK,10,0,1.1463700532913208,17.298,99,117,,0
29,QK,11,0,1.2475602626800537,12.254,111,122,,0
29,QK,12,0,1.049172282218933,15.318,111,123,,0
29,QK,13,0,1.2737230062484741,14.518,107,120,,0
29,QK,14,0,1.316490650177002,13.683,105,119,,0
29,QK,15,0,1.4385474920272827,13.245,92,114,,0
29,QK,16,1,0.8846522569656372,16.35,110,123,,0
29,QK,17,1,1.0007659196853638,15.952,93,116,,0
29,QK,18,1,0.9630494117736816,17.124,111,122,,0
29,QK,19,1,1.0169456005096436,18.288,106,120,,0
29,QK,20,1,0.8886117339134216,21.433,114,124,,0
29,QK,21,1,1.1198383569717407,15.115,108,121,,0
29,QK,22,1,0.9564514756202698,14.594,116,125,,0
29,QK,23,1,0.9759407043457031,14.596,106,120,,0
29,QK,24,1,0.9385781288146973,16.256,115,124,,0
29,QK,25,1,0.9181591272354126,15.443,111,123,,0
29,QK,26,1,0.6660447120666504,27.976,113,123,,0
29,QK,27,1,0.9789817929267883,16.977,117,125,,0
29,QK,28,1,1.0472840070724487,15.543,114,124,,0
29,QK,29,1,1.382022500038147,8.83,116,124,,0
29,QK,30,1,0.8802077770233154,19.681,112,122,,0
29,QK,31,1,0.810927152633667,20.409,115,124,,0
29,V,0,0,0.8944801688194275,67.404,124,127,6.370773e-03,
29,V,1,1,1.2551172971725464,30.434,125,128,5.878962e-03,
29,VO,0,0,0.6005197763442993,37.179,124,128,,
29,VO,1,0,0.5757498741149902,42.548,123,127,,
29,VO,2,0,0.5536397695541382,46.79,123,127,,
29,VO,3,0,0.6034954786300659,40.005,124,127,,
29,VO,4,0,0.6484317779541016,38.622,123,127,,
29,VO,5,0,0.48442739248275757,47.682,124,127,,
29,VO,6,0,0.6657383441925049,33.304,123,127,,
29,VO,7,0,0.6340797543525696,34.041,124,128,,
29,VO,8,0,0.5756927728652954,44.318,123,127,,
29,VO,9,0,0.6322812438011169,39.539,124,127,,
29,VO,10,0,0.6112533211708069,35.446,124,128,,
29,VO,11,0,0.6904619932174683,30.785,124,127,,
29,VO,12,0,0.6135870814323425,39.434,124,127,,
29,VO,13,0,0.6051173210144043,42.501,124,127,,
29,VO,14,0,0.5705428719520569,42.018,124,128,,
29,VO,15,0,0.5506296753883362,41.459,125,128,,
29,VO,16,1,0.7410795092582703,22.295,123,128,,
29,VO,17,1,0.6942847371101379,20.326,123,128,,
29,VO,18,1,0.611190915107727,27.57,123,128,,
29,VO,19,1,0.6027488708496094,26.81,123,128,,
29,VO,20,1,0.5812422037124634,26.198,124,128,,
29,VO,21,1,0.6790367960929871,22.267,124,128,,
29,VO,22,1,0.6311700344085693,20.923,124,128,,
29,VO,23,1,0.5300145149230957,32.847,123,128,,
29,VO,24,1,0.7104396820068359,18.816,123,128,,
29,VO,25,1,1.00006103515625,12.025,123,127,,
29,VO,26,1,1.3435392379760742,6.337,122,128,,
29,VO,27,1,0.6753029227256775,22.078,124,128,,
29,VO,28,1,1.1045877933502197,8.987,122,128,,
29,VO,29,1,0.5610225796699524,27.39,124,128,,
29,VO,30,1,0.5763245820999146,31.897,123,128,,
29,VO,31,1,0.7757397890090942,18.47,123,128,,
30,G,0,0,3.1973838806152344,5.917,125,128,6.725521e-03,
30,G,1,0,2.917717695236206,6.57,124,128,6.470074e-03,
30,G,2,0,1.3781459331512451,9.136,125,128,3.611463e-03,
30,G,3,0,2.661900281906128,6.359,125,128,5.809851e-03,
30,G,4,0,2.6823110580444336,6.991,125,128,6.136524e-03,
30,G,5,0,2.8544118404388428,6.76,124,128,6.417589e-03,
30,G,6,0,3.1598618030548096,4.121,125,128,5.539885e-03,
30,G,7,0,3.1944825649261475,5.636,125,128,6.558117e-03,
30,G,8,0,2.9386343955993652,7.298,125,128,6.870907e-03,
30,G,9,0,3.659442186355591,4.953,125,128,7.034429e-03,
30,G,10,0,2.7800252437591553,5.341,123,128,5.568858e-03,
30,G,11,0,3.510500907897949,4.78,124,128,6.634093e-03,
30,G,12,0,2.8509132862091064,6.944,124,128,6.497583e-03,
30,G,13,0,2.4135005474090576,7.67,124,128,5.791838e-03,
30,G,14,0,2.8758139610290527,7.133,125,128,6.643904e-03,
30,G,15,0,3.239650249481201,4.616,125,128,6.012121e-03,
30,G,16,1,3.086336374282837,5.526,112,126,6.277904e-03,
30,G,17,1,2.9646263122558594,5.776,113,126,6.160141e-03,
30,G,18,1,3.242194890975952,6.256,113,126,7.012229e-03,
30,G,19,1,2.826328992843628,5.026,117,127,5.475703e-03,
30,G,20,1,3.755776882171631,4.082,118,127,6.539482e-03,
30,G,21,1,2.8586974143981934,6.591,117,127,6.341246e-03,
30,G,22,1,2.786677122116089,6.101,115,127,5.946662e-03,
30,G,23,1,2.9737532138824463,5.258,114,126,5.887965e-03,
30,G,24,1,2.8182003498077393,6.264,118,127,6.096319e-03,
30,G,25,1,2.48744797706604,8.454,117,127,6.256891e-03,
30,G,26,1,3.4180495738983154,4.206,115,126,6.043491e-03,
30,G,27,1,1.7808119058609009,4.893,116,127,3.406510e-03,
30,G,28,1,3.2998833656311035,4.936,117,127,6.345842e-03,
30,G,29,1,2.936145067214966,6.256,114,126,6.342040e-03,
30,G,30,1,3.1365137100219727,4.7,118,127,5.869783e-03,
30,G,31,1,3.7258920669555664,3.768,116,127,6.243022e-03,
30,K,0,0,1.4324380159378052,19.009,116,125,5.412887e-03,
30,K,1,1,1.9020308256149292,17.018,113,125,6.769410e-03,
30,O,0,0,0.8519558906555176,40.101,124,128,5.844886e-03,
30,O,1,0,0.759558379650116,52.054,124,128,5.937065e-03,
30,O,2,0,0.6547122597694397,47.483,125,128,4.887686e-03,
30,O,3,0,1.1166845560073853,24.045,124,128,5.932331e-03,
30,O,4,0,1.0721473693847656,23.241,124,128,5.599700e-03,
30,O,5,0,1.0844426155090332,27.005,124,128,6.105373e-03,
30,O,6,0,0.7182692289352417,51.716,124,128,5.596073e-03,
30,O,7,0,0.8402388691902161,42.818,124,128,5.956606e-03,
30,O,8,0,0.9150762557983398,39.31,124,128,6.215754e-03,
30,O,9,0,0.9757391214370728,32.61,124,128,6.036601e-03,
30,O,10,0,1.3010951280593872,16.079,121,128,5.652272e-03,
30,O,11,0,1.0654611587524414,26.544,124,128,5.947055e-03,
30,O,12,0,1.4660091400146484,14.445,124,128,6.036491e-03,
30,O,13,0,1.2875536680221558,16.711,124,128,5.702340e-03,
30,O,14,0,0.7824293375015259,47.611,125,128,5.848992e-03,
30,O,15,0,0.8916037678718567,34.566,124,128,5.679135e-03,
30,O,16,1,0.8490731120109558,50.834,121,128,6.558547e-03,
30,O,17,1,0.867682933807373,47.394,120,128,6.471538e-03,
30,O,18,1,0.8987387418746948,51.141,123,128,6.963118e-03,
30,O,19,1,0.7426949143409729,61.827,124,128,6.326792e-03,
30,O,20,1,0.9349430799484253,43.285,124,128,6.664015e-03,
30,O,21,1,0.866722822189331,51.736,124,128,6.753990e-03,
30,O,22,1,0.7926102876663208,59.753,124,128,6.637810e-03,
30,O,23,1,0.9032562375068665,43.459,123,128,6.451136e-03,
30,O,24,1,0.8126832842826843,48.229,124,128,6.114514e-03,
30,O,25,1,0.8107566833496094,58.701,123,128,6.729706e-03,
30,O,26,1,0.9185296297073364,41.887,124,128,6.440428e-03,
30,O,27,1,0.6092221736907959,68.51,124,128,5.463080e-03,
30,O,28,1,0.8405863642692566,52.637,122,127,6.607099e-03,
30,O,29,1,1.008918285369873,35.261,123,128,6.490648e-03,
30,O,30,1,0.852740466594696,42.313,124,128,6.009495e-03,
30,O,31,1,0.8774784803390503,39.187,123,128,5.951045e-03,
30,Q,0,0,1.7861626148223877,13.638,112,126,5.723433e-03,
30,Q,1,0,1.7039202451705933,14.112,114,126,5.533522e-03,
30,Q,2,0,1.3294888734817505,16.623,124,128,4.702948e-03,
30,Q,3,0,2.192028045654297,7.178,121,127,5.082514e-03,
30,Q,4,0,1.7830790281295776,13.061,124,128,5.597143e-03,
30,Q,5,0,2.122896909713745,10.826,118,126,6.048555e-03,
30,Q,6,0,2.3543176651000977,9.989,121,126,6.446543e-03,
30,Q,7,0,2.0860259532928467,11.088,116,126,6.017937e-03,
30,Q,8,0,2.0330381393432617,8.562,117,127,5.149684e-03,
30,Q,9,0,1.9368972778320312,15.139,108,124,6.509775e-03,
30,Q,10,0,1.6856364011764526,9.386,123,128,4.494408e-03,
30,Q,11,0,2.0119986534118652,11.704,118,126,5.965901e-03,
30,Q,12,0,1.908740758895874,14.329,122,127,6.262129e-03,
30,Q,13,0,1.6472638845443726,12.303,124,128,5.016520e-03,
30,Q,14,0,2.135303020477295,12.692,118,126,6.590662e-03,
30,Q,15,0,2.1208431720733643,11.546,120,126,6.251724e-03,
30,Q,16,1,2.875488519668579,7.045,123,128,6.604582e-03,
30,Q,17,1,2.4434866905212402,10.961,123,128,7.007238e-03,
30,Q,18,1,2.2857158184051514,12.096,123,128,6.862971e-03,
30,Q,19,1,2.352447748184204,11.349,122,128,6.840636e-03,
30,Q,20,1,2.248735189437866,13.18,116,127,7.040265e-03,
30,Q,21,1,2.0918498039245605,13.094,122,127,6.533785e-03,
30,Q,22,1,2.3807032108306885,11.905,122,128,7.084313e-03,
30,Q,23,1,2.5106122493743896,9.54,119,127,6.687842e-03,
30,Q,24,1,1.9978870153427124,11.168,118,127,5.759357e-03,
30,Q,25,1,2.2079739570617676,11.33,123,128,6.418154e-03,
30,Q,26,1,2.30861496925354,11.149,114,127,6.636728e-03,
30,Q,27,1,1.5274101495742798,18.653,124,128,5.711077e-03,
30,Q,28,1,2.5626049041748047,9.502,123,128,6.834496e-03,
30,Q,29,1,2.1360578536987305,10.947,119,127,6.093776e-03,
30,Q,30,1,1.7526861429214478,13.707,114,126,5.587006e-03,
30,Q,31,1,1.8516569137573242,13.009,117,127,5.801550e-03,
30,QK,0,0,0.9992179870605469,14.539,98,118,,0
30,QK,1,0,0.8061327934265137,19.034,103,119,,0
30,QK,2,0,0.9107070565223694,9.905,115,125,,0
30,QK,3,0,0.7939773201942444,14.13,111,123,,0
30,QK,4,0,0.7071611285209656,18.53,119,126,,0
30,QK,5,0,1.132210373878479,11.554,108,121,,0
30,QK,6,0,1.0019205808639526,14.0,113,123,,0
30,QK,7,0,1.0677636861801147,13.551,104,119,,0
30,QK,8,0,0.8490955829620361,14.806,103,121,,0
30,QK,9,0,1.0037009716033936,18.897,97,115,,0
30,QK,10,0,0.5761981010437012,15.862,120,126,,0
30,QK,11,0,1.0080491304397583,14.075,108,120,,0
30,QK,12,0,0.845477819442749,19.024,113,123,,0
30,QK,13,0,0.6805890798568726,17.01,117,125,,0
30,QK,14,0,1.06686532497406,15.29,107,121,,0
30,QK,15,0,0.9569631218910217,15.731,111,122,,0
30,QK,16,1,1.1791203022003174,14.372,113,125,,0
30,QK,17,1,0.9796597361564636,22.38,115,125,,0
30,QK,18,1,1.1629252433776855,19.578,109,123,,0
30,QK,19,1,1.0163029432296753,23.836,111,123,,0
30,QK,20,1,1.193691611289978,23.063,99,117,,0
30,QK,21,1,1.0159879922866821,24.043,108,122,,0
30,QK,22,1,1.0972185134887695,23.039,110,123,,0
30,QK,23,1,1.002722144126892,23.12,109,122,,0
30,QK,24,1,0.9182713627815247,24.718,102,119,,0
30,QK,25,1,1.009122610092163,23.045,109,123,,0
30,QK,26,1,1.17923104763031,21.627,98,116,,0
30,QK,27,1,1.355326533317566,9.707,114,125,,0
30,QK,28,1,1.4942384958267212,12.696,107,123,,0
30,QK,29,1,1.0406923294067383,22.623,101,119,,0
30,QK,30,1,1.202881932258606,16.138,92,115,,0
30,QK,31,1,1.2774224281311035,14.508,98,118,,0
30,V,0,0,1.0199532508850098,46.147,125,128,6.014241e-03,
30,V,1,1,0.9126797914505005,62.303,125,128,6.243031e-03,
30,VO,0,0,0.5251148343086243,39.057,123,128,,
30,VO,1,0,0.594747006893158,31.491,123,128,,
30,VO,2,0,0.4414965808391571,38.358,124,128,,
30,VO,3,0,0.846863329410553,15.819,122,127,,
30,VO,4,0,0.881242036819458,13.093,123,128,,
30,VO,5,0,0.6272423267364502,30.435,122,127,,
30,VO,6,0,0.4970718026161194,40.834,123,128,,
30,VO,7,0,0.5413885116577148,38.832,122,127,,
30,VO,8,0,0.6579081416130066,28.9,123,127,,
30,VO,9,0,0.560495913028717,36.417,123,127,,
30,VO,10,0,1.023270845413208,9.87,120,127,,
30,VO,11,0,0.5911421775817871,32.189,123,127,,
30,VO,12,0,1.2166627645492554,8.225,123,128,,
30,VO,13,0,1.0238784551620483,10.135,122,127,,
30,VO,14,0,0.5458248257637024,36.567,123,128,,
30,VO,15,0,0.5653480887413025,32.206,123,128,,
30,VO,16,1,0.6368905901908875,37.477,119,127,,
30,VO,17,1,0.5823066234588623,43.001,118,127,,
30,VO,18,1,0.6756176948547363,38.021,120,127,,
30,VO,19,1,0.6443650722503662,33.768,122,128,,
30,VO,20,1,0.6074575781822205,43.224,122,127,,
30,VO,21,1,0.6888432502746582,34.611,121,127,,
30,VO,22,1,0.6071968674659729,42.541,121,127,,
30,VO,23,1,0.6080930829048157,39.194,121,127,,
30,VO,24,1,0.5572346448898315,42.505,122,127,,
30,VO,25,1,0.6203776001930237,42.52,121,127,,
30,VO,26,1,0.562605619430542,45.998,122,128,,
30,VO,27,1,0.4815163016319275,46.113,122,127,,
30,VO,28,1,0.5771439075469971,45.806,120,127,,
30,VO,29,1,0.7566960453987122,26.444,121,127,,
30,VO,30,1,0.5260840654373169,44.646,123,128,,
30,VO,31,1,0.600207507610321,34.198,121,127,,
31,G,0,0,3.169052839279175,2.938,117,127,5.080223e-03,
31,G,1,0,3.337841510772705,3.231,117,127,5.624407e-03,
31,G,2,0,3.5462846755981445,3.146,119,127,5.891593e-03,
31,G,3,0,3.6306824684143066,2.975,122,128,5.863943e-03,
31,G,4,0,3.243138074874878,3.389,119,127,5.591921e-03,
31,G,5,0,3.3131861686706543,3.227,122,128,5.581887e-03,
31,G,6,0,3.466458797454834,3.481,115,127,6.061848e-03,
31,G,7,0,3.2493133544921875,3.124,115,127,5.381555e-03,
31,G,8,0,3.039911985397339,3.479,116,127,5.312245e-03,
31,G,9,0,3.2735648155212402,2.865,117,127,5.182425e-03,
31,G,10,0,2.9788155555725098,3.855,118,127,5.484914e-03,
31,G,11,0,3.064570903778076,3.761,124,128,5.578131e-03,
31,G,12,0,2.826231002807617,4.063,119,127,5.344563e-03,
31,G,13,0,3.1666371822357178,3.296,117,127,5.383272e-03,
31,G,14,0,3.107328414916992,3.541,122,128,5.495757e-03,
31,G,15,0,3.440425395965576,2.875,120,128,5.460193e-03,
31,G,16,1,3.4457623958587646,3.495,125,128,6.047772e-03,
31,G,17,1,2.8156814575195312,4.618,125,128,5.686861e-03,
31,G,18,1,3.3880646228790283,5.06,125,128,7.169691e-03,
31,G,19,1,3.6919779777526855,3.398,125,128,6.386534e-03,
31,G,20,1,3.319971799850464,4.277,125,128,6.451352e-03,
31,G,21,1,3.15704345703125,6.879,125,128,7.795546e-03,
31,G,22,1,3.49019193649292,3.846,125,128,6.425114e-03,
31,G,23,1,3.1336278915405273,4.344,125,128,6.138789e-03,
31,G,24,1,3.1847727298736572,5.285,124,128,6.880504e-03,
31,G,25,1,3.0082802772521973,5.17,126,128,6.438532e-03,
31,G,26,1,2.974520444869995,4.951,125,128,6.221684e-03,
31,G,27,1,2.9153645038604736,9.565,124,128,8.487805e-03,
31,G,28,1,3.006819725036621,5.563,126,128,6.671817e-03,
31,G,29,1,3.220663547515869,5.101,124,128,6.843328e-03,
31,G,30,1,3.7523353099823,3.245,124,128,6.342724e-03,
31,G,31,1,3.0997517108917236,4.707,124,128,6.322096e-03,
31,K,0,0,1.3489148616790771,29.54,125,127,6.866116e-03,
31,K,1,1,1.133375883102417,24.61,124,127,5.286722e-03,
31,O,0,0,0.7802826166152954,57.786,125,128,6.426118e-03,
31,O,1,0,0.9220945239067078,35.6,124,128,5.960489e-03,
31,O,2,0,0.890643298625946,41.526,124,128,6.217952e-03,
31,O,3,0,0.8266990780830383,47.19,124,128,6.152599e-03,
31,O,4,0,0.9992178678512573,32.006,124,128,6.124337e-03,
31,O,5,0,0.7546635270118713,56.559,124,128,6.148746e-03,
31,O,6,0,1.4876422882080078,14.269,123,128,6.088056e-03,
31,O,7,0,1.2123768329620361,20.742,124,128,5.982074e-03,
31,O,8,0,0.8703061938285828,40.771,124,128,6.020465e-03,
31,O,9,0,0.830954909324646,44.069,124,128,5.976255e-03,
31,O,10,0,0.9722043871879578,37.281,124,128,6.431120e-03,
31,O,11,0,0.7762945294380188,54.301,124,128,6.197497e-03,
31,O,12,0,0.8106899261474609,52.858,124,128,6.385491e-03,
31,O,13,0,0.8194848299026489,56.264,125,128,6.659468e-03,
31,O,14,0,0.7690510749816895,53.339,124,128,6.085020e-03,
31,O,15,0,0.9302444458007812,33.258,124,128,5.812027e-03,
31,O,16,1,0.9399222135543823,33.929,123,128,5.931430e-03,
31,O,17,1,0.7815380692481995,59.841,122,127,6.549902e-03,
31,O,18,1,0.8489912748336792,45.711,122,127,6.218655e-03,
31,O,19,1,1.1335031986236572,26.556,123,127,6.328333e-03,
31,O,20,1,1.1310029029846191,22.334,123,127,5.790691e-03,
31,O,21,1,0.9569324851036072,40.617,122,128,6.607226e-03,
31,O,22,1,0.8922250270843506,32.505,124,128,5.511004e-03,
31,O,23,1,0.901127278804779,35.782,123,128,5.839887e-03,
31,O,24,1,0.9871681332588196,29.517,121,127,5.810512e-03,
31,O,25,1,0.827409029006958,41.484,123,128,5.773578e-03,
31,O,26,1,0.9453753232955933,31.118,124,127,5.713381e-03,
31,O,27,1,1.1770004034042358,29.958,121,127,6.979401e-03,
31,O,28,1,0.8216331601142883,39.818,123,127,5.616938e-03,
31,O,29,1,1.8302912712097168,10.298,121,127,6.363243e-03,
31,O,30,1,1.3584927320480347,17.17,122,128,6.098593e-03,
31,O,31,1,0.8644366264343262,41.978,123,127,6.067750e-03,
31,Q,0,0,1.8580386638641357,11.822,125,128,6.006340e-03,
31,Q,1,0,1.5318236351013184,21.813,125,128,6.716743e-03,
31,Q,2,0,1.5553748607635498,21.974,124,128,6.850404e-03,
31,Q,3,0,1.5826956033706665,21.184,125,128,6.849230e-03,
31,Q,4,0,1.6497617959976196,18.149,125,128,6.601967e-03,
31,Q,5,0,1.659867286682129,17.715,125,128,6.564575e-03,
31,Q,6,0,1.5231623649597168,22.678,124,128,6.829718e-03,
31,Q,7,0,1.6071808338165283,20.476,125,128,6.834706e-03,
31,Q,8,0,1.6823426485061646,15.671,125,128,6.242331e-03,
31,Q,9,0,1.6058140993118286,19.072,125,128,6.593061e-03,
31,Q,10,0,1.5597307682037354,19.269,125,128,6.418297e-03,
31,Q,11,0,1.772603988647461,15.429,125,128,6.540513e-03,
31,Q,12,0,1.6438416242599487,15.416,125,128,6.044361e-03,
31,Q,13,0,1.7996199131011963,13.24,125,128,6.138590e-03,
31,Q,14,0,1.4718968868255615,17.848,125,128,5.850045e-03,
31,Q,15,0,1.498831033706665,23.279,124,128,6.810227e-03,
31,Q,16,1,1.46907377243042,20.599,125,128,6.273373e-03,
31,Q,17,1,1.9453985691070557,7.131,125,128,4.882878e-03,
31,Q,18,1,1.8734182119369507,8.644,124,128,5.190104e-03,
31,Q,19,1,2.0351412296295166,5.625,123,128,4.531305e-03,
31,Q,20,1,1.5447697639465332,18.129,124,128,6.202305e-03,
31,Q,21,1,1.8533856868743896,9.619,124,128,5.418490e-03,
31,Q,22,1,1.6190849542617798,12.052,124,128,5.309207e-03,
31,Q,23,1,1.5337626934051514,20.496,125,128,6.538498e-03,
31,Q,24,1,1.4738820791244507,17.999,124,128,5.890018e-03,
31,Q,25,1,1.8088213205337524,11.547,123,128,5.777082e-03,
31,Q,26,1,1.3870095014572144,18.818,125,128,5.667984e-03,
31,Q,27,1,1.700341820716858,14.305,125,128,6.058499e-03,
31,Q,28,1,1.6475870609283447,15.011,124,128,6.021602e-03,
31,Q,29,1,1.7171947956085205,15.99,125,128,6.435004e-03,
31,Q,30,1,1.4636180400848389,21.03,125,128,6.326851e-03,
31,Q,31,1,1.7819256782531738,7.698,124,128,4.651069e-03,
31,QK,0,0,0.6315065026283264,38.855,124,128,,1
31,QK,1,0,0.6106201410293579,52.899,124,128,,1
31,QK,2,0,0.6549760699272156,47.507,123,128,,1
31,QK,3,0,0.6561121940612793,47.009,124,128,,1
31,QK,4,0,0.6270092129707336,47.752,124,128,,1
31,QK,5,0,0.6578571796417236,43.183,124,128,,1
31,QK,6,0,0.5980489253997803,55.745,124,128,,1
31,QK,7,0,0.6088560819625854,54.889,124,128,,1
31,QK,8,0,0.6690210700035095,37.562,125,128,,1
31,QK,9,0,0.6452561616897583,45.411,124,128,,1
31,QK,10,0,0.6370337605476379,44.338,124,128,,1
31,QK,11,0,0.698593258857727,38.046,124,128,,1
31,QK,12,0,0.6307286024093628,39.948,124,128,,1
31,QK,13,0,0.5628069639205933,48.525,124,128,,1
31,QK,14,0,0.5449945330619812,48.398,124,128,,1
31,QK,15,0,0.5418688058853149,67.877,124,128,,1
31,QK,16,1,0.5782695412635803,29.587,122,127,,1
31,QK,17,1,0.45063260197639465,26.742,124,128,,1
31,QK,18,1,0.5152406692504883,23.749,123,128,,1
31,QK,19,1,0.5312619805335999,16.698,123,128,,1
31,QK,20,1,0.5385823249816895,34.544,121,127,,1
31,QK,21,1,0.5620818138122559,22.696,122,128,,1
31,QK,22,1,0.5113385319709778,27.042,122,128,,1
31,QK,23,1,0.556993305683136,34.084,123,127,,1
31,QK,24,1,0.5192291140556335,32.231,121,127,,1
31,QK,25,1,0.63547682762146,20.512,123,128,,1
31,QK,26,1,0.5093724131584167,30.194,123,127,,1
31,QK,27,1,0.5899050235748291,26.273,123,127,,1
31,QK,28,1,0.5457256436347961,29.839,123,127,,1
31,QK,29,1,0.6907780766487122,23.6,122,127,,1
31,QK,30,1,0.649450957775116,26.062,122,127,,1
31,QK,31,1,0.4798884987831116,23.119,122,128,,1
31,V,0,0,0.6899042725563049,77.106,125,128,5.723706e-03,
31,V,1,1,0.9340726733207703,54.245,124,128,6.509876e-03,
31,VO,0,0,0.3994976580142975,61.433,124,128,,
31,VO,1,0,0.40472128987312317,51.948,123,128,,
31,VO,2,0,0.41395556926727295,53.756,123,128,,
31,VO,3,0,0.4684157371520996,41.32,123,128,,
31,VO,4,0,0.6345395445823669,22.259,124,128,,
31,VO,5,0,0.451630562543869,44.628,123,128,,
31,VO,6,0,0.44066306948661804,42.657,123,128,,
31,VO,7,0,0.4032635986804962,51.484,124,128,,
31,VO,8,0,0.3685031533241272,62.913,124,128,,
31,VO,9,0,0.384042352437973,57.983,123,128,,
31,VO,10,0,0.4188897907733917,54.993,124,128,,
31,VO,11,0,0.47824737429618835,40.282,123,128,,
31,VO,12,0,0.4268918037414551,52.726,124,128,,
31,VO,13,0,0.42045825719833374,59.175,124,128,,
31,VO,14,0,0.381248414516449,60.203,124,128,,
31,VO,15,0,0.3789520263671875,56.127,124,128,,
31,VO,16,1,0.5221986174583435,39.635,122,127,,
31,VO,17,1,0.5095505118370056,51.845,120,126,,
31,VO,18,1,0.6051357388496399,34.237,120,126,,
31,VO,19,1,0.9809541702270508,13.547,120,126,,
31,VO,20,1,0.5257129073143005,36.896,121,127,,
31,VO,21,1,0.6143491268157959,37.255,120,126,,
31,VO,22,1,0.46758875250816345,42.759,122,127,,
31,VO,23,1,0.44307583570480347,53.084,122,127,,
31,VO,24,1,0.6136225461959839,27.756,120,126,,
31,VO,25,1,0.4941922724246979,43.255,121,127,,
31,VO,26,1,0.47335290908813477,44.36,122,127,,
31,VO,27,1,0.8364534974098206,22.495,119,126,,
31,VO,28,1,0.4921025037765503,40.73,121,126,,
31,VO,29,1,0.6197628974914551,31.627,120,126,,
31,VO,30,1,0.5189688801765442,40.327,121,127,,
31,VO,31,1,0.6442623138427734,28.532,121,126,,
32,G,0,0,2.7927374839782715,7.041,124,128,6.077317e-03,
32,G,1,0,2.802730083465576,9.712,123,128,7.152820e-03,
32,G,2,0,2.5455572605133057,9.977,123,128,6.585904e-03,
32,G,3,0,2.973121404647827,6.55,124,128,6.229923e-03,
32,G,4,0,3.0755319595336914,10.046,124,128,7.987118e-03,
32,G,5,0,2.8876044750213623,10.373,125,128,7.622307e-03,
32,G,6,0,2.55808424949646,12.516,125,128,7.419468e-03,
32,G,7,0,3.223590612411499,8.038,124,128,7.476560e-03,
32,G,8,0,2.494610071182251,8.622,125,128,6.009243e-03,
32,G,9,0,2.944132089614868,9.824,124,128,7.561104e-03,
32,G,10,0,2.9153902530670166,9.289,123,128,7.280618e-03,
32,G,11,0,2.5915989875793457,6.468,125,128,5.397899e-03,
32,G,12,0,3.379256248474121,6.815,125,128,7.224032e-03,
32,G,13,0,2.5685932636260986,4.743,120,127,4.580112e-03,
32,G,14,0,2.783376932144165,6.108,125,128,5.626731e-03,
32,G,15,0,1.466109037399292,7.778,124,128,3.356436e-03,
32,G,16,1,2.830191135406494,7.582,116,127,6.382597e-03,
32,G,17,1,3.4130897521972656,4.783,122,128,6.106914e-03,
32,G,18,1,2.5527470111846924,8.018,124,128,5.920655e-03,
32,G,19,1,2.6231021881103516,6.144,122,128,5.322347e-03,
32,G,20,1,3.2469308376312256,4.951,123,128,5.918790e-03,
32,G,21,1,2.9585397243499756,4.976,124,128,5.394196e-03,
32,G,22,1,2.8702609539031982,5.234,123,128,5.360841e-03,
32,G,23,1,2.7794787883758545,4.601,124,128,4.877058e-03,
32,G,24,1,2.752922534942627,6.32,124,128,5.665573e-03,
32,G,25,1,2.3506650924682617,8.405,122,128,5.577986e-03,
32,G,26,1,3.4702086448669434,4.187,122,128,5.800575e-03,
32,G,27,1,2.8542516231536865,5.872,120,128,5.663266e-03,
32,G,28,1,2.631709337234497,9.661,118,127,6.700315e-03,
32,G,29,1,3.042696714401245,4.783,124,128,5.433969e-03,
32,G,30,1,2.72233247756958,6.125,125,128,5.519903e-03,
32,G,31,1,2.002598762512207,5.801,124,128,3.951585e-03,
32,K,0,0,1.7179478406906128,14.67,115,125,5.409037e-03,
32,K,1,1,1.8723446130752563,19.599,118,126,6.771723e-03,
32,O,0,0,0.9414014220237732,33.536,122,128,5.906268e-03,
32,O,1,0,0.8976042866706848,51.662,124,128,6.989670e-03,
32,O,2,0,0.9531184434890747,35.645,123,128,6.164947e-03,
32,O,3,0,0.7732963562011719,60.706,125,128,6.527479e-03,
32,O,4,0,0.8914803266525269,51.154,124,128,6.907758e-03,
32,O,5,0,1.0913293361663818,32.902,123,128,6.781908e-03,
32,O,6,0,0.9185513854026794,45.665,125,128,6.724814e-03,
32,O,7,0,0.9974427223205566,36.476,124,128,6.526444e-03,
32,O,8,0,0.8084834814071655,51.957,123,127,6.313614e-03,
32,O,9,0,0.8619106411933899,57.464,125,128,7.078540e-03,
32,O,10,0,0.8857609629631042,45.713,123,128,6.488123e-03,
32,O,11,0,0.8440002202987671,41.476,124,128,5.888739e-03,
32,O,12,0,1.1155112981796265,28.675,124,128,6.471585e-03,
32,O,13,0,0.9202833771705627,33.873,120,127,5.802707e-03,
32,O,14,0,0.9062065482139587,36.689,123,128,5.946712e-03,
32,O,15,0,0.6429287195205688,55.28,125,128,5.178819e-03,
32,O,16,1,0.834824800491333,45.195,123,128,6.080316e-03,
32,O,17,1,1.9404734373092651,7.623,123,128,5.804470e-03,
32,O,18,1,2.4007129669189453,4.74,124,128,5.662816e-03,
32,O,19,1,1.2679142951965332,19.249,124,128,6.026744e-03,
32,O,20,1,1.9361364841461182,7.427,123,128,5.716482e-03,
32,O,21,1,1.4612253904342651,13.523,124,128,5.821528e-03,
32,O,22,1,1.5691306591033936,11.061,124,128,5.653901e-03,
32,O,23,1,0.9903591871261597,27.48,125,128,5.624499e-03,
32,O,24,1,1.1269537210464478,25.554,124,128,6.171896e-03,
32,O,25,1,0.9885484576225281,28.842,124,128,5.751677e-03,
32,O,26,1,1.4493321180343628,13.017,124,128,5.665005e-03,
32,O,27,1,1.6220604181289673,12.027,124,128,6.094377e-03,
32,O,28,1,0.9312927722930908,43.844,123,128,6.680732e-03,
32,O,29,1,1.9290295839309692,7.617,124,128,5.767679e-03,
32,O,30,1,2.5778260231018066,4.42,123,128,5.871776e-03,
32,O,31,1,0.7314491271972656,47.391,125,128,5.455258e-03,
32,Q,0,0,2.246420383453369,7.648,111,124,5.105729e-03,
32,Q,1,0,2.0438051223754883,13.78,112,125,6.224962e-03,
32,Q,2,0,2.1685948371887207,10.41,118,126,5.749306e-03,
32,Q,3,0,2.220857620239258,15.049,121,127,7.076089e-03,
32,Q,4,0,2.0447843074798584,13.169,116,127,6.093270e-03,
32,Q,5,0,2.0240354537963867,15.543,117,127,6.559131e-03,
32,Q,6,0,1.7637836933135986,17.758,119,127,6.110729e-03,
32,Q,7,0,1.9168362617492676,18.117,119,126,6.703593e-03,
32,Q,8,0,2.0851943492889404,11.769,119,127,5.870238e-03,
32,Q,9,0,1.9529088735580444,19.24,119,127,7.032657e-03,
32,Q,10,0,2.2086057662963867,12.451,113,125,6.403322e-03,
32,Q,11,0,2.2917940616607666,9.701,122,127,5.865866e-03,
32,Q,12,0,2.1063389778137207,14.443,117,125,6.581399e-03,
32,Q,13,0,2.6194047927856445,8.769,121,127,6.377990e-03,
32,Q,14,0,2.2261674404144287,12.327,122,127,6.421678e-03,
32,Q,15,0,1.302219033241272,27.037,125,128,5.573745e-03,
32,Q,16,1,2.138848066329956,13.815,124,128,6.530150e-03,
32,Q,17,1,2.1047213077545166,15.677,121,127,6.837009e-03,
32,Q,18,1,1.7084695100784302,17.415,124,128,5.863838e-03,
32,Q,19,1,2.0810909271240234,9.912,122,127,5.370662e-03,
32,Q,20,1,1.9118269681930542,17.557,123,128,6.598234e-03,
32,Q,21,1,1.9062418937683105,15.679,123,127,6.191319e-03,
32,Q,22,1,2.109018087387085,14.609,123,128,6.597723e-03,
32,Q,23,1,2.1793367862701416,11.874,121,128,6.171264e-03,
32,Q,24,1,2.2094991207122803,13.59,121,127,6.674501e-03,
32,Q,25,1,1.7974933385849,13.73,124,128,5.459653e-03,
32,Q,26,1,1.9061833620071411,15.649,111,125,6.167460e-03,
32,Q,27,1,1.884983777999878,10.195,113,126,4.926618e-03,
32,Q,28,1,2.0215091705322266,11.667,121,128,5.661196e-03,
32,Q,29,1,1.8331453800201416,14.988,119,126,5.821388e-03,
32,Q,30,1,1.6637426614761353,16.648,123,128,5.585376e-03,
32,Q,31,1,1.5110125541687012,16.958,124,128,5.109460e-03,
32,QK,0,0,1.7167965173721313,5.677,96,114,,0
32,QK,1,0,1.6373226642608643,8.902,98,115,,0
32,QK,2,0,1.1476154327392578,9.991,111,121,,0
32,QK,3,0,1.0965092182159424,16.181,113,124,,0
32,QK,4,0,1.6152290105819702,8.442,102,118,,0
32,QK,5,0,1.5870226621627808,9.542,103,119,,0
32,QK,6,0,1.3371644020080566,10.618,107,121,,0
32,QK,7,0,1.123673915863037,15.07,111,122,,0
32,QK,8,0,1.1448355913162231,12.457,107,122,,0
32,QK,9,0,1.6403709650039673,10.384,105,120,,0
32,QK,10,0,1.9168105125427246,6.942,99,116,,0
32,QK,11,0,0.994419276714325,12.478,116,124,,0
32,QK,12,0,1.0460690259933472,16.323,108,120,,0
32,QK,13,0,0.8750881552696228,14.215,120,126,,0
32,QK,14,0,0.9855005741119385,14.877,116,125,,0
32,QK,15,0,1.3346309661865234,8.185,115,125,,0
32,QK,16,1,1.148869276046753,19.45,120,127,,0
32,QK,17,1,1.3421436548233032,19.376,113,124,,0
32,QK,18,1,1.0031483173370361,22.768,118,126,,0
32,QK,19,1,0.9723909497261047,21.516,114,124,,0
32,QK,20,1,1.0915132761001587,24.331,118,126,,0
32,QK,21,1,1.1736401319503784,19.583,116,125,,0
32,QK,22,1,1.3569211959838867,17.184,116,125,,0
32,QK,23,1,1.0573456287384033,19.688,120,127,,0
32,QK,24,1,1.6664612293243408,12.849,112,124,,0
32,QK,25,1,1.216443419456482,13.633,117,126,,0
32,QK,26,1,1.5610108375549316,14.161,98,118,,0
32,QK,27,1,1.2540669441223145,13.084,101,120,,0
32,QK,28,1,1.2048810720443726,16.781,112,124,,0
32,QK,29,1,1.3115509748458862,15.176,110,122,,0
32,QK,30,1,1.1515138149261475,16.431,117,125,,0
32,QK,31,1,1.3983359336853027,9.429,118,126,,0
32,V,0,0,0.9637475609779358,59.212,126,128,6.117358e-03,
32,V,1,1,0.9424641728401184,63.683,123,126,6.141603e-03,
32,VO,0,0,0.7108826041221619,26.413,120,127,,
32,VO,1,0,0.6824862360954285,40.044,122,128,,
32,VO,2,0,0.6410570740699768,34.446,122,128,,
32,VO,3,0,0.569985032081604,48.217,124,128,,
32,VO,4,0,0.6496289372444153,42.678,123,128,,
32,VO,5,0,0.7089259624481201,34.362,122,128,,
32,VO,6,0,0.8030276894569397,26.418,124,128,,
32,VO,7,0,0.7003009915351868,32.362,123,128,,
32,VO,8,0,0.6344618201255798,37.388,122,127,,
32,VO,9,0,0.6689675450325012,41.928,123,128,,
32,VO,10,0,0.658655047416687,36.93,121,128,,
32,VO,11,0,0.5349628329277039,44.585,123,128,,
32,VO,12,0,0.6423497796058655,36.925,124,128,,
32,VO,13,0,0.5352979898452759,40.395,120,127,,
32,VO,14,0,0.555625855922699,42.011,122,128,,
32,VO,15,0,0.5558984279632568,32.74,123,128,,
32,VO,16,1,0.5950470566749573,39.582,121,126,,
32,VO,17,1,0.5715723037719727,32.096,123,127,,
32,VO,18,1,1.03466796875,9.57,122,126,,
32,VO,19,1,0.5225281119346619,45.986,122,127,,
32,VO,20,1,0.6074960827827454,27.898,123,127,,
32,VO,21,1,0.5013283491134644,46.208,123,127,,
32,VO,22,1,0.4596997797489166,48.906,123,127,,
32,VO,23,1,0.5115535259246826,41.701,123,127,,
32,VO,24,1,0.5846289992332458,41.371,122,127,,
32,VO,25,1,0.5168981552124023,43.873,122,127,,
32,VO,26,1,0.5149638652801514,42.036,123,127,,
32,VO,27,1,0.5600166916847229,39.366,123,127,,
32,VO,28,1,0.7664854526519775,28.323,121,127,,
32,VO,29,1,0.4882934093475342,44.308,123,128,,
32,VO,30,1,0.8535550832748413,13.48,122,128,,
32,VO,31,1,0.42701664566993713,59.01,123,127,,
33,G,0,0,2.882349967956543,5.304,121,128,5.617558e-03,
33,G,1,0,3.5255229473114014,3.394,121,128,5.474657e-03,
33,G,2,0,2.5677218437194824,6.128,125,128,5.386164e-03,
33,G,3,0,3.3043155670166016,3.677,124,128,5.346001e-03,
33,G,4,0,2.8161282539367676,3.538,124,128,4.472603e-03,
33,G,5,0,2.822105646133423,6.789,125,128,6.224764e-03,
33,G,6,0,3.199312448501587,8.422,125,128,7.857284e-03,
33,G,7,0,3.0762364864349365,8.642,125,128,7.656823e-03,
33,G,8,0,3.119875192642212,4.227,125,128,5.427593e-03,
33,G,9,0,3.1684377193450928,4.521,125,128,5.697196e-03,
33,G,10,0,3.4007129669189453,6.6,124,128,7.392251e-03,
33,G,11,0,2.8522701263427734,6.15,117,127,5.988872e-03,
33,G,12,0,1.9716929197311401,3.568,123,128,3.149661e-03,
33,G,13,0,3.092834711074829,4.722,121,128,5.681327e-03,
33,G,14,0,3.124027967453003,3.749,125,128,5.106566e-03,
33,G,15,0,3.3043086528778076,4.499,124,128,5.926734e-03,
33,G,16,1,3.1175684928894043,5.2,120,127,6.008273e-03,
33,G,17,1,3.117072105407715,5.003,119,127,5.894729e-03,
33,G,18,1,2.977658271789551,5.69,120,127,6.007236e-03,
33,G,19,1,4.491011619567871,3.592,118,127,7.182109e-03,
33,G,20,1,3.4656472206115723,4.397,117,127,6.142559e-03,
33,G,21,1,3.7144930362701416,4.436,119,127,6.613492e-03,
33,G,22,1,3.275881290435791,5.796,123,128,6.671658e-03,
33,G,23,1,3.7323453426361084,3.927,119,127,6.240530e-03,
33,G,24,1,3.1920077800750732,5.95,123,128,6.581233e-03,
33,G,25,1,3.9660027027130127,3.907,118,126,6.616888e-03,
33,G,26,1,3.081348180770874,5.354,120,128,6.026064e-03,
33,G,27,1,3.36519193649292,5.711,123,128,6.796883e-03,
33,G,28,1,2.986046314239502,6.473,122,127,6.426465e-03,
33,G,29,1,3.6971981525421143,4.348,122,128,6.517752e-03,
33,G,30,1,2.7048356533050537,5.929,120,127,5.579628e-03,
33,G,31,1,3.1128249168395996,5.819,123,128,6.348397e-03,
33,K,0,0,1.7299652099609375,16.515,115,125,5.933722e-03,
33,K,1,1,1.757136583328247,18.186,107,120,6.318785e-03,
33,O,0,0,0.9554299116134644,33.251,125,128,5.968803e-03,
33,O,1,0,0.9062334299087524,32.065,125,128,5.559580e-03,
33,O,2,0,0.771595299243927,50.605,124,127,5.946637e-03,
33,O,3,0,0.9256793260574341,31.371,124,128,5.617027e-03,
33,O,4,0,1.308112621307373,16.493,125,128,5.755484e-03,
33,O,5,0,1.0440245866775513,34.813,124,128,6.673693e-03,
33,O,6,0,1.2753618955612183,28.271,124,128,7.346677e-03,
33,O,7,0,0.9956716299057007,46.496,124,128,7.355460e-03,
33,O,8,0,0.7410560250282288,58.181,124,128,6.123849e-03,
33,O,9,0,0.7756447792053223,52.307,124,128,6.077515e-03,
33,O,10,0,0.8502636551856995,49.849,124,128,6.503759e-03,
33,O,11,0,0.9543868899345398,32.749,124,128,5.917045e-03,
33,O,12,0,0.5641180276870728,82.016,125,128,5.534821e-03,
33,O,13,0,0.7388757467269897,56.121,124,128,5.996792e-03,
33,O,14,0,0.8908717036247253,40.683,125,128,6.156113e-03,
33,O,15,0,0.7053401470184326,66.281,125,128,6.221221e-03,
33,O,16,1,0.8826851844787598,37.613,124,128,5.864877e-03,
33,O,17,1,1.7081830501556396,10.82,124,128,6.087469e-03,
33,O,18,1,0.9589105248451233,37.707,124,128,6.379311e-03,
33,O,19,1,2.479130744934082,5.479,123,128,6.286746e-03,
33,O,20,1,1.3046928644180298,18.109,124,128,6.015015e-03,
33,O,21,1,1.1817762851715088,20.104,125,128,5.740589e-03,
33,O,22,1,1.424787163734436,14.92,124,128,5.962338e-03,
33,O,23,1,1.7792928218841553,9.188,124,128,5.843224e-03,
33,O,24,1,0.8172428607940674,56.156,124,128,6.634861e-03,
33,O,25,1,1.192120909690857,20.949,123,128,5.911326e-03,
33,O,26,1,0.8989436626434326,34.418,124,128,5.713606e-03,
33,O,27,1,1.1294221878051758,26.233,124,128,6.267007e-03,
33,O,28,1,0.8760825991630554,42.225,124,128,6.167579e-03,
33,O,29,1,1.4304381608963013,13.526,124,128,5.699577e-03,
33,O,30,1,2.1406002044677734,6.546,125,128,5.933609e-03,
33,O,31,1,0.8314329981803894,50.492,125,128,6.400647e-03,
33,Q,0,0,1.9844661951065063,12.126,122,128,5.852016e-03,
33,Q,1,0,1.8983677625656128,11.296,113,126,5.387736e-03,
33,Q,2,0,2.1583492755889893,10.922,121,127,6.033227e-03,
33,Q,3,0,1.8501272201538086,11.93,122,127,5.410955e-03,
33,Q,4,0,2.182309150695801,11.24,123,128,6.198633e-03,
33,Q,5,0,2.2242488861083984,10.683,122,128,6.151395e-03,
33,Q,6,0,2.30651593208313,11.19,125,128,6.533465e-03,
33,Q,7,0,2.048593044281006,15.363,124,128,6.804949e-03,
33,Q,8,0,2.354015827178955,8.468,121,127,5.795783e-03,
33,Q,9,0,2.022810935974121,11.333,122,128,5.766684e-03,
33,Q,10,0,2.0913584232330322,12.914,124,128,6.371963e-03,
33,Q,11,0,2.023629903793335,13.088,122,128,6.197496e-03,
33,Q,12,0,1.4585018157958984,16.753,125,128,5.060262e-03,
33,Q,13,0,2.0250518321990967,14.108,122,127,6.436419e-03,
33,Q,14,0,2.4941811561584473,8.41,118,127,6.104476e-03,
33,Q,15,0,2.132152557373047,10.636,121,127,5.891151e-03,
33,Q,16,1,1.9043071269989014,12.362,114,126,5.638799e-03,
33,Q,17,1,2.0246691703796387,11.906,122,128,5.907258e-03,
33,Q,18,1,2.194204092025757,9.469,119,127,5.703187e-03,
33,Q,19,1,2.2542238235473633,11.431,115,126,6.452632e-03,
33,Q,20,1,2.408968448638916,11.531,120,127,6.926200e-03,
33,Q,21,1,2.1636078357696533,11.637,117,127,6.252919e-03,
33,Q,22,1,2.1079955101013184,11.994,118,127,6.178840e-03,
33,Q,23,1,2.3179771900177,9.443,112,126,6.009728e-03,
33,Q,24,1,2.310868740081787,12.596,122,128,6.940336e-03,
33,Q,25,1,2.4290430545806885,10.295,115,127,6.593700e-03,
33,Q,26,1,2.1771488189697266,11.75,117,127,6.295837e-03,
33,Q,27,1,2.0799663066864014,11.1,117,127,5.852888e-03,
33,Q,28,1,2.368544578552246,10.617,118,127,6.528192e-03,
33,Q,29,1,2.1794493198394775,11.419,116,127,6.235114e-03,
33,Q,30,1,1.9895920753479004,10.439,118,127,5.436927e-03,
33,Q,31,1,2.412283420562744,10.597,122,128,6.650399e-03,
33,QK,0,0,0.9336146116256714,18.779,110,123,,0
33,QK,1,0,1.0989819765090942,15.378,93,116,,0
33,QK,2,0,0.9796698689460754,16.344,111,124,,0
33,QK,3,0,1.001662254333496,14.19,110,123,,0
33,QK,4,0,0.9554548263549805,16.537,116,125,,0
33,QK,5,0,1.221777081489563,14.295,105,122,,0
33,QK,6,0,1.3505369424819946,11.86,114,125,,0
33,QK,7,0,1.547410249710083,10.813,111,125,,0
33,QK,8,0,1.4397499561309814,9.371,104,122,,0
33,QK,9,0,1.0633633136749268,15.642,107,123,,0
33,QK,10,0,1.47812819480896,10.115,111,125,,0
33,QK,11,0,0.9549798965454102,18.172,113,124,,0
33,QK,12,0,1.3479976654052734,6.737,115,125,,0
33,QK,13,0,1.1008410453796387,18.456,107,122,,0
33,QK,14,0,1.306277871131897,12.884,99,120,,0
33,QK,15,0,1.1609175205230713,14.551,104,122,,0
33,QK,16,1,1.0695006847381592,17.224,90,111,,0
33,QK,17,1,0.7693976759910583,22.724,108,118,,0
33,QK,18,1,0.887509822845459,23.562,97,114,,0
33,QK,19,1,0.9579521417617798,26.263,92,112,,0
33,QK,20,1,0.9073238968849182,24.546,103,116,,0
33,QK,21,1,1.044424057006836,20.449,95,113,,0
33,QK,22,1,0.9988769292831421,22.057,95,114,,0
33,QK,23,1,1.1009695529937744,18.843,87,110,,0
33,QK,24,1,1.1506563425064087,17.533,103,117,,0
33,QK,25,1,1.1480810642242432,19.234,93,112,,0
33,QK,26,1,1.1041547060012817,18.097,95,114,,0
33,QK,27,1,0.9468667507171631,21.023,95,114,,0
33,QK,28,1,1.1446577310562134,18.566,95,114,,0
33,QK,29,1,1.060444712638855,21.268,92,112,,0
33,QK,30,1,0.8826808333396912,20.591,96,115,,0
33,QK,31,1,1.0176665782928467,19.068,103,117,,0
33,V,0,0,0.9335951805114746,52.639,125,128,5.778974e-03,
33,V,1,1,1.006179690361023,56.773,123,127,6.460899e-03,
33,VO,0,0,0.46395835280418396,49.264,124,128,,
33,VO,1,0,0.4249906837940216,51.256,124,128,,
33,VO,2,0,0.4633018672466278,50.33,123,127,,
33,VO,3,0,0.4189869165420532,52.332,124,127,,
33,VO,4,0,0.4327453672885895,51.125,124,128,,
33,VO,5,0,0.9277548789978027,16.097,122,127,,
33,VO,6,0,1.0958294868469238,14.104,122,127,,
33,VO,7,0,0.6905475854873657,35.511,122,127,,
33,VO,8,0,0.5569695830345154,37.25,122,127,,
33,VO,9,0,0.5593706965446472,35.5,123,128,,
33,VO,10,0,0.5580049157142639,41.97,122,127,,
33,VO,11,0,0.617466926574707,27.583,123,127,,
33,VO,12,0,0.42269793152809143,51.904,124,128,,
33,VO,13,0,0.5057575106620789,41.782,123,127,,
33,VO,14,0,0.49439454078674316,46.932,124,128,,
33,VO,15,0,0.568545401096344,36.902,123,128,,
33,VO,16,1,0.5265869498252869,45.738,123,127,,
33,VO,17,1,0.5593839287757874,40.954,123,127,,
33,VO,18,1,0.6146005988121033,40.627,122,127,,
33,VO,19,1,0.7298442721366882,23.868,122,127,,
33,VO,20,1,0.5829758048057556,39.207,122,127,,
33,VO,21,1,0.5698744654655457,37.624,123,127,,
33,VO,22,1,0.6263854503631592,33.12,122,127,,
33,VO,23,1,0.5957604050636292,33.316,122,127,,
33,VO,24,1,0.6088820695877075,46.308,121,127,,
33,VO,25,1,0.6214480400085449,33.534,121,127,,
33,VO,26,1,0.6476353406906128,28.841,123,127,,
33,VO,27,1,0.6646159291267395,33.322,121,127,,
33,VO,28,1,0.6373924016952515,36.179,121,127,,
33,VO,29,1,0.6148621439933777,30.627,123,127,,
33,VO,30,1,0.5800877809524536,33.808,124,128,,
33,VO,31,1,0.567592203617096,48.223,122,127,,
34,G,0,0,3.364366292953491,9.254,126,128,8.347957e-03,
34,G,1,0,3.3957581520080566,10.195,125,128,8.843475e-03,
34,G,2,0,3.625739574432373,3.409,125,128,5.455003e-03,
34,G,3,0,3.3640024662017822,7.461,124,128,7.515854e-03,
34,G,4,0,3.406139373779297,3.683,126,128,5.334029e-03,
34,G,5,0,3.3962008953094482,5.991,126,128,6.803833e-03,
34,G,6,0,3.3305771350860596,6.781,124,128,7.092210e-03,
34,G,7,0,2.379291296005249,5.17,124,128,4.420726e-03,
34,G,8,0,3.109509229660034,4.267,121,128,5.244682e-03,
34,G,9,0,3.431091070175171,3.951,125,128,5.561776e-03,
34,G,10,0,3.5371146202087402,4.272,125,128,5.975388e-03,
34,G,11,0,3.697442054748535,3.205,124,128,5.393594e-03,
34,G,12,0,2.9395766258239746,5.489,118,127,5.626410e-03,
34,G,13,0,3.1058237552642822,4.0,123,128,5.071367e-03,
34,G,14,0,3.7106518745422363,3.381,125,128,5.565148e-03,
34,G,15,0,3.438042640686035,4.533,124,128,5.980401e-03,
34,G,16,1,3.319652795791626,4.071,124,128,5.453785e-03,
34,G,17,1,3.5490806102752686,4.892,125,128,6.405548e-03,
34,G,18,1,4.013279914855957,3.526,120,127,6.153567e-03,
34,G,19,1,2.645674705505371,4.604,124,128,4.634602e-03,
34,G,20,1,3.7261102199554443,3.473,121,127,5.650471e-03,
34,G,21,1,4.082400321960449,2.709,121,128,5.440914e-03,
34,G,22,1,3.2819101810455322,5.131,119,127,6.071355e-03,
34,G,23,1,3.4130067825317383,4.681,126,128,6.041204e-03,
34,G,24,1,3.6403884887695312,4.576,123,128,6.354133e-03,
34,G,25,1,3.5576162338256836,3.869,125,128,5.711295e-03,
34,G,26,1,3.378720998764038,7.12,123,127,7.377295e-03,
34,G,27,1,3.2218830585479736,5.177,125,128,5.997088e-03,
34,G,28,1,3.720449686050415,4.726,124,128,6.609275e-03,
34,G,29,1,3.393066883087158,4.571,124,128,5.929665e-03,
34,G,30,1,3.1082680225372314,4.527,120,127,5.397066e-03,
34,G,31,1,3.8370277881622314,4.07,124,127,6.321472e-03,
34,K,0,0,1.819726586341858,17.262,115,126,6.101884e-03,
34,K,1,1,1.6152619123458862,22.472,114,125,6.156765e-03,
34,O,0,0,1.1367772817611694,35.951,124,128,7.384364e-03,
34,O,1,0,1.4795361757278442,19.33,123,128,7.047421e-03,
34,O,2,0,0.6507951021194458,75.074,125,128,6.109035e-03,
34,O,3,0,0.8241975903511047,53.112,125,128,6.507442e-03,
34,O,4,0,0.6286562085151672,82.823,124,128,6.198305e-03,
34,O,5,0,0.7225765585899353,65.656,125,128,6.343153e-03,
34,O,6,0,0.7320674657821655,64.873,125,128,6.388016e-03,
34,O,7,0,0.5738300085067749,86.666,125,128,5.787501e-03,
34,O,8,0,0.6469186544418335,72.283,125,128,5.958715e-03,
34,O,9,0,0.6860018372535706,74.869,125,128,6.430719e-03,
34,O,10,0,0.661075234413147,70.37,125,128,6.008005e-03,
34,O,11,0,0.6812005639076233,65.747,125,128,5.984054e-03,
34,O,12,0,0.7388866543769836,56.892,123,128,6.037924e-03,
34,O,13,0,0.6366468667984009,72.897,125,128,5.888963e-03,
34,O,14,0,0.6073943376541138,81.698,125,128,5.947869e-03,
34,O,15,0,0.7457162141799927,55.954,125,128,6.043315e-03,
34,O,16,1,0.6902618408203125,71.441,124,128,6.320811e-03,
34,O,17,1,0.7190582752227783,71.94,124,127,6.607436e-03,
34,O,18,1,1.1299867630004883,22.533,125,128,5.811165e-03,
34,O,19,1,0.8638903498649597,22.461,125,128,4.435665e-03,
34,O,20,1,1.9574459791183472,7.812,124,128,5.927129e-03,
34,O,21,1,1.9020966291427612,5.149,125,128,4.676033e-03,
34,O,22,1,0.7105299234390259,63.948,124,128,6.155730e-03,
34,O,23,1,0.7489845156669617,58.123,123,127,6.186277e-03,
34,O,24,1,0.766286313533783,57.872,124,127,6.315499e-03,
34,O,25,1,0.6824641227722168,68.684,124,128,6.127602e-03,
34,O,26,1,0.7661715745925903,61.661,123,128,6.518026e-03,
34,O,27,1,0.6940933465957642,64.33,124,127,6.031282e-03,
34,O,28,1,0.7681406140327454,55.301,125,128,6.188602e-03,
34,O,29,1,1.384188175201416,14.549,125,128,5.720056e-03,
34,O,30,1,0.7492254972457886,54.378,124,128,5.985607e-03,
34,O,31,1,0.801179826259613,53.421,125,128,6.344126e-03,
34,Q,0,0,1.896220088005066,17.908,124,128,6.563112e-03,
34,Q,1,0,1.9663357734680176,14.681,123,128,6.156784e-03,
34,Q,2,0,2.347414255142212,9.394,117,127,5.874573e-03,
34,Q,3,0,1.971780776977539,16.013,122,127,6.462310e-03,
34,Q,4,0,2.3638055324554443,10.085,120,127,6.131065e-03,
34,Q,5,0,2.0475480556488037,14.405,122,128,6.357442e-03,
34,Q,6,0,2.0542523860931396,15.051,123,128,6.520539e-03,
34,Q,7,0,2.23046612739563,9.424,124,128,5.574213e-03,
34,Q,8,0,1.7330118417739868,12.605,119,127,5.008000e-03,
34,Q,9,0,2.370562791824341,10.106,119,127,6.156261e-03,
34,Q,10,0,2.0892598628997803,11.829,119,127,5.874136e-03,
34,Q,11,0,2.2785487174987793,10.511,120,127,6.036518e-03,
34,Q,12,0,2.579087495803833,9.801,122,128,6.594387e-03,
34,Q,13,0,1.9797807931900024,12.881,123,128,5.807044e-03,
34,Q,14,0,1.9770127534866333,11.712,114,126,5.526344e-03,
34,Q,15,0,1.9742528200149536,13.177,117,127,5.857217e-03,
34,Q,16,1,2.872803211212158,8.871,124,128,6.978983e-03,
34,Q,17,1,2.6592161655426025,9.665,122,128,6.747158e-03,
34,Q,18,1,2.2069509029388428,10.564,116,126,5.868521e-03,
34,Q,19,1,2.222811698913574,8.043,123,128,5.123428e-03,
34,Q,20,1,2.1679208278656006,10.73,110,126,5.801603e-03,
34,Q,21,1,2.411641836166382,9.864,120,127,6.176959e-03,
34,Q,22,1,2.336674690246582,11.471,121,127,6.474446e-03,
34,Q,23,1,2.4340977668762207,8.687,122,128,5.860016e-03,
34,Q,24,1,2.689239025115967,9.25,121,128,6.686764e-03,
34,Q,25,1,2.479639768600464,11.458,123,128,6.858270e-03,
34,Q,26,1,2.403258800506592,10.952,123,128,6.509196e-03,
34,Q,27,1,2.6362369060516357,7.936,122,128,6.068634e-03,
34,Q,28,1,2.4762778282165527,8.986,117,127,6.066406e-03,
34,Q,29,1,1.7694298028945923,12.005,116,127,4.999360e-03,
34,Q,30,1,2.5123376846313477,8.328,119,127,5.912689e-03,
34,Q,31,1,2.937311887741089,8.07,115,127,6.827152e-03,
34,QK,0,0,1.3498700857162476,15.278,111,125,,0
34,QK,1,0,1.3593809604644775,13.827,108,124,,0
34,QK,2,0,1.1567305326461792,17.627,102,120,,0
34,QK,3,0,1.2851043939590454,16.349,108,122,,0
34,QK,4,0,1.3524810075759888,14.37,103,122,,0
34,QK,5,0,1.2822762727737427,17.22,105,122,,0
34,QK,6,0,1.2405439615249634,17.027,110,124,,0
34,QK,7,0,0.9947543740272522,14.448,116,126,,0
34,QK,8,0,1.0553719997406006,15.137,105,122,,0
34,QK,9,0,1.1847643852233887,16.904,106,122,,0
34,QK,10,0,1.176031470298767,17.585,102,121,,0
34,QK,11,0,1.2742431163787842,15.283,104,122,,0
34,QK,12,0,0.9779821634292603,18.564,119,126,,0
34,QK,13,0,0.9118859171867371,20.749,115,125,,0
34,QK,14,0,1.1412785053253174,17.846,95,117,,0
34,QK,15,0,1.1907962560653687,18.084,100,119,,0
34,QK,16,1,1.2040611505508423,17.335,115,125,,0
34,QK,17,1,1.3983263969421387,15.047,106,123,,0
34,QK,18,1,1.0157219171524048,20.211,103,120,,0
34,QK,19,1,0.9427787661552429,15.691,113,123,,0
34,QK,20,1,1.1422371864318848,18.759,93,116,,0
34,QK,21,1,1.2045352458953857,16.622,105,122,,0
34,QK,22,1,1.0443673133850098,21.77,109,123,,0
34,QK,23,1,1.0600539445877075,15.882,113,124,,0
34,QK,24,1,1.2036664485931396,19.083,106,123,,0
34,QK,25,1,1.1294901371002197,19.289,114,125,,0
34,QK,26,1,1.1639366149902344,20.819,106,123,,0
34,QK,27,1,1.0589494705200195,19.273,110,123,,0
34,QK,28,1,1.1710397005081177,18.285,101,120,,0
34,QK,29,1,0.9713776707649231,18.445,100,120,,0
34,QK,30,1,1.0246403217315674,19.554,106,122,,0
34,QK,31,1,1.3033989667892456,18.778,98,119,,0
34,V,0,0,0.945894181728363,81.566,126,128,7.011283e-03,
34,V,1,1,0.8114827871322632,62.16,125,127,5.097464e-03,
34,VO,0,0,0.8318960070610046,38.263,123,127,,
34,VO,1,0,1.1066577434539795,19.899,122,128,,
34,VO,2,0,0.5376037955284119,63.802,123,128,,
34,VO,3,0,0.6748067140579224,46.265,123,128,,
34,VO,4,0,0.521173357963562,69.997,123,128,,
34,VO,5,0,0.588728129863739,57.925,123,128,,
34,VO,6,0,0.600268542766571,56.582,123,128,,
34,VO,7,0,0.4881365895271301,70.305,124,128,,
34,VO,8,0,0.5086345672607422,67.044,124,128,,
34,VO,9,0,0.5608086585998535,65.434,123,128,,
34,VO,10,0,0.5429115891456604,60.593,123,128,,
34,VO,11,0,0.5464828610420227,59.113,123,128,,
34,VO,12,0,0.5534195303916931,57.805,122,127,,
34,VO,13,0,0.5302051305770874,60.958,123,128,,
34,VO,14,0,0.5280890464782715,62.983,124,128,,
34,VO,15,0,0.5850333571434021,52.861,124,128,,
34,VO,16,1,0.432658851146698,56.341,123,127,,
34,VO,17,1,0.5108036398887634,44.67,123,126,,
34,VO,18,1,0.4272784888744354,47.184,124,128,,
34,VO,19,1,0.3492773175239563,42.225,125,128,,
34,VO,20,1,0.4461294412612915,41.835,124,128,,
34,VO,21,1,0.36263516545295715,37.762,125,128,,
34,VO,22,1,0.4638206958770752,46.846,123,127,,
34,VO,23,1,0.4620990455150604,48.14,122,126,,
34,VO,24,1,0.4800533652305603,46.669,123,126,,
34,VO,25,1,0.4529176950454712,48.74,123,127,,
34,VO,26,1,0.5379301905632019,39.741,123,127,,
34,VO,27,1,0.44237077236175537,50.292,123,126,,
34,VO,28,1,0.4772796332836151,45.908,124,127,,
34,VO,29,1,0.48158249258995056,35.278,124,128,,
34,VO,30,1,0.4355390965938568,49.129,124,127,,
34,VO,31,1,0.5157291889190674,41.987,123,127,,
35,G,0,0,3.1024017333984375,7.289,125,128,6.926138e-03,
35,G,1,0,3.6239566802978516,3.336,125,128,5.471827e-03,
35,G,2,0,3.5212936401367188,3.755,126,128,5.647796e-03,
35,G,3,0,2.490994930267334,12.771,125,128,7.374805e-03,
35,G,4,0,2.850520372390747,9.161,124,127,7.129123e-03,
35,G,5,0,3.464778423309326,3.681,123,127,5.497696e-03,
35,G,6,0,3.307692527770996,6.039,126,128,6.747077e-03,
35,G,7,0,3.6032228469848633,2.959,123,128,5.112984e-03,
35,G,8,0,2.9624831676483154,9.855,125,128,7.688118e-03,
35,G,9,0,3.6684563159942627,2.902,125,128,5.149566e-03,
35,G,10,0,3.2113077640533447,5.041,125,128,5.981073e-03,
35,G,11,0,3.1340041160583496,8.403,125,128,7.524853e-03,
35,G,12,0,2.807570695877075,10.657,125,128,7.586222e-03,
35,G,13,0,3.406499147415161,3.694,125,128,5.412120e-03,
35,G,14,0,3.0971617698669434,3.755,126,128,4.965144e-03,
35,G,15,0,3.0348424911499023,10.276,125,128,8.050937e-03,
35,G,16,1,3.6865732669830322,4.363,124,128,6.380325e-03,
35,G,17,1,3.595320224761963,3.557,123,128,5.606599e-03,
35,G,18,1,3.978895902633667,3.132,120,127,5.816248e-03,
35,G,19,1,3.6635525226593018,3.997,124,128,6.053344e-03,
35,G,20,1,3.9953439235687256,3.498,121,128,6.177124e-03,
35,G,21,1,3.652743339538574,4.116,120,127,6.121760e-03,
35,G,22,1,2.8696274757385254,4.967,122,128,5.287562e-03,
35,G,23,1,3.0420315265655518,4.398,117,127,5.279358e-03,
35,G,24,1,4.308073997497559,2.407,117,127,5.505783e-03,
35,G,25,1,3.5999205112457275,3.028,120,128,5.174522e-03,
35,G,26,1,4.425370693206787,2.641,121,128,5.927138e-03,
35,G,27,1,3.711012601852417,3.674,122,128,5.878730e-03,
35,G,28,1,4.013795375823975,3.276,118,126,6.002106e-03,
35,G,29,1,3.3988406658172607,3.752,123,128,5.447929e-03,
35,G,30,1,3.437802314758301,4.3,122,128,5.886959e-03,
35,G,31,1,3.042628526687622,4.718,118,127,5.457932e-03,
35,K,0,0,1.5319291353225708,25.219,124,127,6.328310e-03,
35,K,1,1,0.9821926951408386,54.615,124,127,5.924179e-03,
35,O,0,0,0.8675411343574524,40.851,123,128,6.007276e-03,
35,O,1,0,0.66874098777771,76.642,124,127,6.342726e-03,
35,O,2,0,0.6535812616348267,75.319,124,128,6.145190e-03,
35,O,3,0,1.2417088747024536,26.216,121,127,6.887884e-03,
35,O,4,0,1.2155036926269531,24.806,120,126,6.558779e-03,
35,O,5,0,0.6772851943969727,71.639,124,127,6.210540e-03,
35,O,6,0,0.7795457243919373,68.204,123,127,6.974767e-03,
35,O,7,0,0.6368147730827332,75.867,124,128,6.009285e-03,
35,O,8,0,1.2518737316131592,25.428,121,127,6.839095e-03,
35,O,9,0,0.7060043811798096,68.045,124,128,6.309412e-03,
35,O,10,0,0.7176629304885864,72.822,123,127,6.634911e-03,
35,O,11,0,1.0003663301467896,41.589,123,128,6.989249e-03,
35,O,12,0,1.4827044010162354,17.718,120,127,6.761635e-03,
35,O,13,0,0.9014252424240112,45.53,122,127,6.589631e-03,
35,O,14,0,0.6477954387664795,86.01,124,128,6.508749e-03,
35,O,15,0,1.1059552431106567,32.372,123,127,6.817251e-03,
35,O,16,1,0.8321602940559387,40.937,124,128,5.768336e-03,
35,O,17,1,1.4153690338134766,12.761,124,128,5.477712e-03,
35,O,18,1,0.9261330962181091,29.178,124,128,5.419853e-03,
35,O,19,1,1.0704070329666138,24.104,124,128,5.693501e-03,
35,O,20,1,1.2118957042694092,18.111,124,128,5.587480e-03,
35,O,21,1,1.0655388832092285,23.735,124,128,5.624055e-03,
35,O,22,1,1.3177558183670044,22.268,124,128,6.736877e-03,
35,O,23,1,1.0729094743728638,26.356,125,128,5.967440e-03,
35,O,24,1,1.0176019668579102,24.904,125,128,5.501663e-03,
35,O,25,1,1.128366231918335,18.818,124,128,5.302968e-03,
35,O,26,1,1.3469794988632202,13.722,124,128,5.405637e-03,
35,O,27,1,1.144126057624817,19.691,125,128,5.500409e-03,
35,O,28,1,1.4236763715744019,12.563,124,128,5.466862e-03,
35,O,29,1,0.9647864699363708,31.286,124,128,5.846405e-03,
35,O,30,1,1.6301802396774292,10.703,124,128,5.777806e-03,
35,O,31,1,1.6893799304962158,9.738,124,128,5.711330e-03,
35,Q,0,0,1.5658596754074097,22.445,124,128,6.156120e-03,
35,Q,1,0,2.1466145515441895,13.104,125,128,6.433053e-03,
35,Q,2,0,1.9244955778121948,15.111,125,128,6.195536e-03,
35,Q,3,0,1.4186190366744995,27.765,124,128,6.214173e-03,
35,Q,4,0,1.2802226543426514,36.742,124,128,6.432061e-03,
35,Q,5,0,1.9972596168518066,14.918,125,128,6.386274e-03,
35,Q,6,0,1.8685438632965088,18.772,125,128,6.719403e-03,
35,Q,7,0,1.8476974964141846,16.394,125,128,6.203379e-03,
35,Q,8,0,1.4102951288223267,28.847,124,128,6.289057e-03,
35,Q,9,0,2.230374813079834,12.763,125,128,6.592938e-03,
35,Q,10,0,2.051856756210327,14.583,125,128,6.498434e-03,
35,Q,11,0,1.7990517616271973,18.438,124,128,6.421680e-03,
35,Q,12,0,1.593949556350708,24.845,124,128,6.603273e-03,
35,Q,13,0,2.3760881423950195,11.717,125,128,6.737826e-03,
35,Q,14,0,2.022456645965576,12.247,125,128,5.875795e-03,
35,Q,15,0,1.4769192934036255,27.996,124,128,6.485199e-03,
35,Q,16,1,1.782456636428833,18.392,122,128,6.334671e-03,
35,Q,17,1,1.6419775485992432,20.397,121,128,6.152574e-03,
35,Q,18,1,1.6816924810409546,18.008,124,128,5.915939e-03,
35,Q,19,1,1.8187716007232666,16.518,125,128,6.134643e-03,
35,Q,20,1,1.7237679958343506,19.791,124,128,6.364300e-03,
35,Q,21,1,1.8473279476165771,17.447,125,128,6.385457e-03,
35,Q,22,1,2.1995129585266113,8.616,123,128,5.317234e-03,
35,Q,23,1,1.6887801885604858,13.529,122,128,5.103807e-03,
35,Q,24,1,1.711747646331787,13.417,124,128,5.159990e-03,
35,Q,25,1,1.891710877418518,14.91,125,128,6.045491e-03,
35,Q,26,1,1.6855137348175049,19.61,124,128,6.206525e-03,
35,Q,27,1,1.6785471439361572,18.019,122,128,5.904008e-03,
35,Q,28,1,1.779822587966919,17.601,121,128,6.193879e-03,
35,Q,29,1,1.7789682149887085,11.274,125,128,4.933205e-03,
35,Q,30,1,1.689905047416687,17.0,125,128,5.759357e-03,
35,Q,31,1,1.4807201623916626,19.711,124,128,5.409150e-03,
35,QK,0,0,0.9904189705848694,23.941,123,127,,1
35,QK,1,0,1.013980507850647,24.603,124,128,,1
35,QK,2,0,0.9389340877532959,26.889,123,127,,1
35,QK,3,0,0.8748875260353088,31.457,123,127,,1
35,QK,4,0,0.9221181273460388,30.699,122,127,,1
35,QK,5,0,1.038321852684021,23.447,123,127,,1
35,QK,6,0,1.1625211238861084,21.047,123,127,,1
35,QK,7,0,0.8886621594429016,29.906,123,127,,1
35,QK,8,0,0.9381442070007324,28.511,123,127,,1
35,QK,9,0,1.169900894165039,19.765,123,128,,1
35,QK,10,0,1.2080739736557007,18.11,124,127,,1
35,QK,11,0,0.9178176522254944,29.473,124,127,,1
35,QK,12,0,1.1177325248718262,21.737,123,127,,1
35,QK,13,0,1.258376121520996,17.93,123,128,,1
35,QK,14,0,0.7936058640480042,31.679,124,128,,1
35,QK,15,0,0.927282989025116,30.569,123,127,,1
35,QK,16,1,0.6497431397438049,44.93,123,127,,1
35,QK,17,1,0.5539785027503967,54.998,123,127,,1
35,QK,18,1,0.5910845398902893,52.792,121,127,,1
35,QK,19,1,0.5814610719680786,54.603,123,127,,1
35,QK,20,1,0.60678631067276,54.628,122,127,,1
35,QK,21,1,0.6931402683258057,43.501,123,127,,1
35,QK,22,1,0.49754637479782104,48.887,124,128,,1
35,QK,23,1,0.5659589767456055,39.113,123,128,,1
35,QK,24,1,0.8686468601226807,23.272,119,127,,1
35,QK,25,1,0.8957927823066711,24.36,122,127,,1
35,QK,26,1,0.592595636844635,56.778,121,127,,1
35,QK,27,1,0.6577528715133667,40.16,123,127,,1
35,QK,28,1,0.6154937744140625,48.211,122,127,,1
35,QK,29,1,0.7955365777015686,19.618,124,128,,1
35,QK,30,1,0.5895283222198486,49.094,124,127,,1
35,QK,31,1,0.4742141366004944,62.312,124,127,,1
35,V,0,0,0.9477418065071106,82.366,125,128,7.179552e-03,
35,V,1,1,0.7714629769325256,59.771,124,127,4.857336e-03,
35,VO,0,0,0.6432352662086487,44.542,120,126,,
35,VO,1,0,0.5566885471343994,64.878,121,127,,
35,VO,2,0,0.5339148044586182,66.134,122,127,,
35,VO,3,0,0.8729345798492432,31.243,119,126,,
35,VO,4,0,0.8785041570663452,28.106,118,125,,
35,VO,5,0,0.553505539894104,63.338,122,127,,
35,VO,6,0,0.6236193776130676,62.684,121,126,,
35,VO,7,0,0.5061431527137756,70.368,122,127,,
35,VO,8,0,0.905223548412323,28.663,119,125,,
35,VO,9,0,0.5319827795028687,71.276,120,127,,
35,VO,10,0,0.5849810242652893,64.853,121,126,,
35,VO,11,0,0.7748986482620239,41.216,121,127,,
35,VO,12,0,1.0096601247787476,22.407,118,126,,
35,VO,13,0,0.5959530472755432,61.299,120,126,,
35,VO,14,0,0.534116268157959,75.207,121,127,,
35,VO,15,0,0.8538311123847961,32.25,120,126,,
35,VO,16,1,0.41850218176841736,44.225,123,127,,
35,VO,17,1,0.4518507719039917,32.376,124,128,,
35,VO,18,1,0.4017397463321686,42.276,123,128,,
35,VO,19,1,0.39290475845336914,47.898,123,128,,
35,VO,20,1,0.4031643867492676,43.829,123,128,,
35,VO,21,1,0.5075874328613281,28.753,122,128,,
35,VO,22,1,0.38780567049980164,65.199,124,128,,
35,VO,23,1,0.46714112162590027,37.836,123,127,,
35,VO,24,1,0.4258391261100769,37.235,124,128,,
35,VO,25,1,0.37804654240608215,43.163,124,128,,
35,VO,26,1,0.35597264766693115,50.462,124,128,,
35,VO,27,1,0.42778927087783813,37.872,124,128,,
35,VO,28,1,0.437302827835083,35.045,123,128,,
35,VO,29,1,0.391996830701828,50.34,124,128,,
35,VO,30,1,0.4057292938232422,44.147,124,128,,
35,VO,31,1,0.465433806180954,32.294,123,128,,
36,G,0,0,3.577507257461548,8.575,123,128,7.751839e-03,
36,G,1,0,3.1872057914733887,7.98,124,128,6.679760e-03,
36,G,2,0,2.8809380531311035,10.955,125,128,7.096135e-03,
36,G,3,0,2.567978620529175,10.923,125,128,6.312884e-03,
36,G,4,0,3.0315401554107666,9.706,125,128,7.016993e-03,
36,G,5,0,3.0997118949890137,8.7,124,128,6.772716e-03,
36,G,6,0,2.600541591644287,8.515,125,128,5.650728e-03,
36,G,7,0,2.9167072772979736,8.947,124,128,6.456924e-03,
36,G,8,0,2.122723340988159,8.934,125,128,4.724483e-03,
36,G,9,0,2.9838707447052,8.379,124,128,6.410976e-03,
36,G,10,0,3.5518639087677,4.907,123,128,5.845927e-03,
36,G,11,0,2.76015043258667,11.139,125,128,6.827412e-03,
36,G,12,0,3.0389492511749268,10.049,125,128,7.132733e-03,
36,G,13,0,2.762932300567627,7.941,125,128,5.773599e-03,
36,G,14,0,3.2785494327545166,8.617,124,128,7.152415e-03,
36,G,15,0,2.817490339279175,9.27,125,128,6.339795e-03,
36,G,16,1,2.8496224880218506,8.28,126,128,6.108543e-03,
36,G,17,1,3.802457809448242,4.0,126,128,5.658689e-03,
36,G,18,1,3.1497602462768555,4.122,126,128,4.746921e-03,
36,G,19,1,2.8929665088653564,6.872,126,128,5.642088e-03,
36,G,20,1,3.032240390777588,6.203,126,128,5.629616e-03,
36,G,21,1,2.582916498184204,10.192,126,128,6.144917e-03,
36,G,22,1,2.828432321548462,8.056,126,128,5.978998e-03,
36,G,23,1,3.6098501682281494,3.405,126,128,4.941874e-03,
36,G,24,1,3.761072874069214,4.887,126,128,6.188076e-03,
36,G,25,1,3.302311897277832,5.792,126,128,5.919103e-03,
36,G,26,1,3.133693218231201,4.966,126,128,5.204220e-03,
36,G,27,1,3.3646788597106934,5.223,126,128,5.721522e-03,
36,G,28,1,2.8305742740631104,8.266,126,128,6.067826e-03,
36,G,29,1,3.518155813217163,4.367,126,128,5.467255e-03,
36,G,30,1,3.074985980987549,5.338,126,128,5.296179e-03,
36,G,31,1,3.0159378051757812,7.448,125,128,6.135258e-03,
36,K,0,0,1.942420482635498,21.152,119,126,6.563774e-03,
36,K,1,1,2.275574207305908,11.837,114,126,5.660088e-03,
36,O,0,0,1.3011058568954468,24.158,120,127,6.928273e-03,
36,O,1,0,1.0828131437301636,24.104,124,128,5.759514e-03,
36,O,2,0,0.9788772463798523,29.83,124,128,5.792109e-03,
36,O,3,0,0.7158461213111877,54.106,124,128,5.704601e-03,
36,O,4,0,0.8080320358276367,52.736,125,128,6.357213e-03,
36,O,5,0,1.1523230075836182,20.957,124,128,5.715039e-03,
36,O,6,0,0.7675190567970276,41.887,125,128,5.381614e-03,
36,O,7,0,1.0414025783538818,25.463,124,128,5.693174e-03,
36,O,8,0,0.7814227938652039,34.593,125,128,4.979239e-03,
36,O,9,0,0.8334953784942627,38.006,124,128,5.566875e-03,
36,O,10,0,0.7083643078804016,45.401,125,128,5.170998e-03,
36,O,11,0,1.1059376001358032,24.773,124,128,5.963549e-03,
36,O,12,0,1.1439778804779053,24.311,124,128,6.110909e-03,
36,O,13,0,0.9628681540489197,27.238,125,128,5.444271e-03,
36,O,14,0,0.9389551877975464,32.556,125,128,5.804201e-03,
36,O,15,0,1.643836498260498,10.248,124,128,5.701124e-03,
36,O,16,1,0.7531169056892395,62.958,124,128,6.473973e-03,
36,O,17,1,1.4316596984863281,16.814,125,128,6.359974e-03,
36,O,18,1,0.666970431804657,80.684,125,127,6.490613e-03,
36,O,19,1,0.8476276397705078,51.668,124,128,6.600877e-03,
36,O,20,1,1.4075640439987183,18.095,124,128,6.486835e-03,
36,O,21,1,0.6967998147010803,79.273,125,128,6.721308e-03,
36,O,22,1,0.6553806066513062,83.623,125,128,6.492913e-03,
36,O,23,1,0.6700065732002258,73.168,125,128,6.209022e-03,
36,O,24,1,0.6978165507316589,78.526,125,128,6.699350e-03,
36,O,25,1,1.7721881866455078,11.136,125,128,6.407100e-03,
36,O,26,1,2.984025478363037,4.026,124,128,6.486454e-03,
36,O,27,1,0.8785387277603149,45.738,124,128,6.436988e-03,
36,O,28,1,0.9528918862342834,39.569,125,127,6.493856e-03,
36,O,29,1,0.6829200983047485,79.493,125,127,6.596568e-03,
36,O,30,1,2.636651039123535,4.388,124,128,5.983477e-03,
36,O,31,1,0.7875146269798279,58.073,124,128,6.501753e-03,
36,Q,0,0,2.0248587131500244,17.178,124,128,6.217764e-03,
36,Q,1,0,2.084707498550415,16.339,124,128,6.267568e-03,
36,Q,2,0,1.862428903579712,18.643,125,128,5.988346e-03,
36,Q,3,0,2.16677188873291,13.701,125,128,5.965091e-03,
36,Q,4,0,1.8999947309494019,19.344,125,128,6.224255e-03,
36,Q,5,0,2.035118341445923,15.761,125,128,6.003312e-03,
36,Q,6,0,2.0380349159240723,10.395,118,127,4.881323e-03,
36,Q,7,0,2.030919075012207,17.445,125,128,6.300834e-03,
36,Q,8,0,1.8191548585891724,20.461,125,128,6.121550e-03,
36,Q,9,0,1.9816912412643433,17.933,125,128,6.242360e-03,
36,Q,10,0,1.8989711999893188,16.751,115,127,5.769027e-03,
36,Q,11,0,1.9783951044082642,19.322,126,128,6.460228e-03,
36,Q,12,0,1.971366286277771,18.479,126,128,6.295407e-03,
36,Q,13,0,2.048332929611206,15.997,125,128,6.084676e-03,
36,Q,14,0,2.288029670715332,13.929,122,127,6.351876e-03,
36,Q,15,0,1.969448208808899,16.321,125,128,5.904581e-03,
36,Q,16,1,2.1672396659851074,15.206,122,128,6.284718e-03,
36,Q,17,1,2.378317356109619,11.884,122,128,6.098211e-03,
36,Q,18,1,2.6638717651367188,10.802,124,128,6.481394e-03,
36,Q,19,1,2.011612892150879,19.056,125,128,6.525477e-03,
36,Q,20,1,2.132101535797119,15.179,124,128,6.177076e-03,
36,Q,21,1,1.8277922868728638,23.85,125,128,6.629802e-03,
36,Q,22,1,2.0737156867980957,17.177,124,128,6.388192e-03,
36,Q,23,1,2.2334320545196533,14.003,124,128,6.208206e-03,
36,Q,24,1,2.492400646209717,12.272,123,128,6.498155e-03,
36,Q,25,1,2.1944048404693604,13.883,120,127,6.090077e-03,
36,Q,26,1,1.9101908206939697,14.472,120,127,5.406544e-03,
36,Q,27,1,1.9892433881759644,15.22,122,128,5.771145e-03,
36,Q,28,1,2.2026476860046387,14.301,122,128,6.196162e-03,
36,Q,29,1,2.3332574367523193,13.231,123,128,6.300445e-03,
36,Q,30,1,1.7106808423995972,17.312,119,127,5.297399e-03,
36,Q,31,1,2.0505521297454834,17.284,123,128,6.349124e-03,
36,QK,0,0,1.8178690671920776,13.243,116,126,,0
36,QK,1,0,1.5111730098724365,17.331,118,126,,0
36,QK,2,0,1.3900059461593628,19.156,118,126,,0
36,QK,3,0,1.4098600149154663,18.087,119,126,,0
36,QK,4,0,1.3720887899398804,20.994,119,127,,0
36,QK,5,0,1.4093877077102661,18.121,119,126,,0
36,QK,6,0,1.2292808294296265,17.265,110,123,,0
36,QK,7,0,1.416786551475525,19.68,119,127,,0
36,QK,8,0,1.4713263511657715,17.664,119,126,,0
36,QK,9,0,1.4349337816238403,18.945,119,126,,0
36,QK,10,0,1.8638322353363037,12.163,105,122,,0
36,QK,11,0,1.524198293685913,18.455,119,127,,0
36,QK,12,0,1.4025952816009521,20.321,120,127,,0
36,QK,13,0,1.5252610445022583,16.326,119,126,,0
36,QK,14,0,1.6961393356323242,14.928,115,125,,0
36,QK,15,0,1.3683321475982666,18.626,120,127,,0
36,QK,16,1,2.375842809677124,6.715,106,123,,0
36,QK,17,1,2.4768130779266357,5.778,105,122,,0
36,QK,18,1,2.672308921813965,5.347,109,123,,0
36,QK,19,1,1.8559762239456177,9.191,115,126,,0
36,QK,20,1,2.1197259426116943,6.938,111,124,,0
36,QK,21,1,2.1776750087738037,8.397,110,125,,0
36,QK,22,1,2.407482862472534,6.654,108,124,,0
36,QK,23,1,2.1435866355895996,6.898,111,124,,0
36,QK,24,1,2.3950440883636475,6.694,107,124,,0
36,QK,25,1,2.5218567848205566,5.952,101,122,,0
36,QK,26,1,1.8974106311798096,6.855,107,122,,0
36,QK,27,1,2.0419418811798096,6.943,107,123,,0
36,QK,28,1,2.4339699745178223,6.276,106,123,,0
36,QK,29,1,2.6277308464050293,5.624,106,123,,0
36,QK,30,1,1.9605109691619873,7.279,101,120,,0
36,QK,31,1,2.23718523979187,7.744,106,123,,0
36,V,0,0,1.0917935371398926,71.927,125,128,6.912666e-03,
36,V,1,1,0.9354256987571716,61.694,125,127,5.229046e-03,
36,VO,0,0,1.0445480346679688,24.592,120,127,,
36,VO,1,0,0.804868757724762,29.343,123,128,,
36,VO,2,0,0.693085789680481,39.995,123,128,,
36,VO,3,0,0.6790379285812378,41.142,123,128,,
36,VO,4,0,0.6931232810020447,48.399,124,128,,
36,VO,5,0,0.8149515390396118,28.058,122,128,,
36,VO,6,0,0.580436110496521,48.579,124,128,,
36,VO,7,0,0.7328583002090454,34.151,123,128,,
36,VO,8,0,0.5450007915496826,46.553,124,128,,
36,VO,9,0,0.6354009509086609,44.199,123,128,,
36,VO,10,0,0.6026806831359863,41.832,124,128,,
36,VO,11,0,0.8675912618637085,27.474,123,128,,
36,VO,12,0,0.8723993897438049,28.29,122,128,,
36,VO,13,0,0.6785887479782104,36.523,123,128,,
36,VO,14,0,0.6844689846038818,40.659,123,128,,
36,VO,15,0,1.0290554761886597,17.081,123,128,,
36,VO,16,1,0.5267130732536316,54.693,123,127,,
36,VO,17,1,0.5208802223205566,51.215,124,127,,
36,VO,18,1,0.5065159797668457,57.589,123,126,,
36,VO,19,1,0.7284034490585327,29.522,124,127,,
36,VO,20,1,0.6122980117797852,39.534,123,127,,
36,VO,21,1,0.5442127585411072,54.271,123,127,,
36,VO,22,1,0.522588849067688,55.78,123,127,,
36,VO,23,1,0.4882754981517792,58.302,123,127,,
36,VO,24,1,0.5220829844474792,58.518,124,127,,
36,VO,25,1,0.5301012396812439,49.05,124,127,,
36,VO,26,1,0.4667501747608185,50.33,125,128,,
36,VO,27,1,0.5367099046707153,49.811,123,127,,
36,VO,28,1,0.5226455926895142,54.663,123,127,,
36,VO,29,1,0.5149818658828735,57.096,124,127,,
36,VO,30,1,0.5029541254043579,39.044,125,128,,
36,VO,31,1,0.7150493860244751,29.616,123,127,,
37,G,0,0,2.990274667739868,8.952,124,128,6.600840e-03,
37,G,1,0,2.8411495685577393,13.468,125,128,7.731204e-03,
37,G,2,0,2.948620080947876,8.109,124,128,6.182661e-03,
37,G,3,0,2.896404504776001,9.001,123,128,6.405561e-03,
37,G,4,0,2.9682798385620117,6.811,121,128,5.698343e-03,
37,G,5,0,2.880152702331543,8.833,124,128,6.298142e-03,
37,G,6,0,2.9405629634857178,9.657,124,128,6.755814e-03,
37,G,7,0,2.605820655822754,10.6,124,128,6.284449e-03,
37,G,8,0,2.971506118774414,8.834,124,128,6.521606e-03,
37,G,9,0,2.104494333267212,10.081,125,128,4.953204e-03,
37,G,10,0,3.1409425735473633,6.665,125,128,6.007647e-03,
37,G,11,0,2.8039791584014893,10.867,125,128,6.840523e-03,
37,G,12,0,3.1350605487823486,11.259,124,128,7.785668e-03,
37,G,13,0,2.647118330001831,12.241,126,128,6.861988e-03,
37,G,14,0,2.625542402267456,10.51,125,128,6.294103e-03,
37,G,15,0,2.4671409130096436,11.421,125,128,6.183252e-03,
37,G,16,1,2.611210823059082,9.112,120,127,5.849619e-03,
37,G,17,1,2.9621527194976807,7.509,124,128,6.025825e-03,
37,G,18,1,3.0034830570220947,5.94,119,127,5.418207e-03,
37,G,19,1,2.8429744243621826,6.631,125,128,5.437427e-03,
37,G,20,1,2.2335903644561768,9.124,124,128,5.009131e-03,
37,G,21,1,3.699244737625122,5.456,125,128,6.402285e-03,
37,G,22,1,3.065640926361084,8.298,124,128,6.509365e-03,
37,G,23,1,2.9735357761383057,11.766,122,127,7.507388e-03,
37,G,24,1,3.123453140258789,6.031,125,128,5.693682e-03,
37,G,25,1,3.5056865215301514,4.533,125,128,5.531908e-03,
37,G,26,1,2.960516929626465,4.798,125,128,4.804762e-03,
37,G,27,1,2.456099033355713,9.371,121,128,5.580795e-03,
37,G,28,1,2.852726459503174,5.978,125,128,5.169654e-03,
37,G,29,1,2.8241705894470215,8.935,116,127,6.261526e-03,
37,G,30,1,2.5211942195892334,5.829,118,127,4.511687e-03,
37,G,31,1,3.43705153465271,4.483,125,128,5.391178e-03,
37,K,0,0,2.2544102668762207,15.515,120,126,6.540392e-03,
37,K,1,1,1.6531741619110107,22.599,118,126,5.687289e-03,
37,O,0,0,1.46327543258667,15.975,124,128,6.336161e-03,
37,O,1,0,1.3219419717788696,26.706,124,128,7.401142e-03,
37,O,2,0,1.6042665243148804,12.099,123,128,6.045643e-03,
37,O,3,0,1.2030913829803467,21.28,123,128,6.012721e-03,
37,O,4,0,1.281675934791565,15.888,123,128,5.534814e-03,
37,O,5,0,2.111166477203369,6.899,122,128,6.007420e-03,
37,O,6,0,1.0690722465515137,28.906,123,128,6.227129e-03,
37,O,7,0,0.8372226357460022,50.079,124,128,6.418763e-03,
37,O,8,0,1.1175148487091064,26.103,124,128,6.185581e-03,
37,O,9,0,0.795535147190094,40.512,125,128,5.485744e-03,
37,O,10,0,0.783790111541748,40.515,125,128,5.404941e-03,
37,O,11,0,0.784204363822937,59.912,125,128,6.576113e-03,
37,O,12,0,0.9520547986030579,47.551,124,128,7.112557e-03,
37,O,13,0,0.936337411403656,44.784,125,128,6.788577e-03,
37,O,14,0,1.2548563480377197,18.765,124,128,5.889080e-03,
37,O,15,0,0.7783393859863281,37.808,124,128,5.184940e-03,
37,O,16,1,0.7200877070426941,60.416,123,128,6.063790e-03,
37,O,17,1,0.9847471117973328,30.986,124,128,5.938736e-03,
37,O,18,1,0.9557459354400635,31.874,124,128,5.845798e-03,
37,O,19,1,0.8925586342811584,38.592,125,128,6.007159e-03,
37,O,20,1,0.6830108761787415,67.485,124,127,6.078777e-03,
37,O,21,1,0.769390344619751,61.586,125,128,6.541399e-03,
37,O,22,1,2.8655731678009033,4.429,124,128,6.533206e-03,
37,O,23,1,1.4219155311584473,22.182,117,126,7.255340e-03,
37,O,24,1,0.8164042830467224,47.409,124,128,6.090054e-03,
37,O,25,1,0.8317020535469055,45.406,124,128,6.071684e-03,
37,O,26,1,0.7071716785430908,55.506,125,128,5.707940e-03,
37,O,27,1,0.7411106824874878,51.777,123,128,5.777467e-03,
37,O,28,1,0.69106525182724,57.954,124,128,5.699628e-03,
37,O,29,1,0.7970160245895386,47.132,122,128,5.928014e-03,
37,O,30,1,0.5926092267036438,68.767,123,128,5.324048e-03,
37,O,31,1,0.712760329246521,59.642,125,128,5.963515e-03,
37,Q,0,0,2.016420841217041,19.011,124,128,6.529598e-03,
37,Q,1,0,2.4323253631591797,13.548,122,127,6.657914e-03,
37,Q,2,0,2.0585639476776123,15.173,124,128,5.937794e-03,
37,Q,3,0,2.051750659942627,13.926,124,128,5.660963e-03,
37,Q,4,0,2.0810554027557373,12.783,124,128,5.494941e-03,
37,Q,5,0,1.7516844272613525,19.265,123,128,5.687639e-03,
37,Q,6,0,2.0645911693573,18.313,124,127,6.562185e-03,
37,Q,7,0,2.923088312149048,8.457,121,126,6.304508e-03,
37,Q,8,0,1.9625519514083862,19.294,124,128,6.399096e-03,
37,Q,9,0,1.4422017335891724,35.806,122,127,6.416030e-03,
37,Q,10,0,2.007678508758545,17.434,121,126,6.225224e-03,
37,Q,11,0,1.8338947296142578,23.096,117,125,6.559543e-03,
37,Q,12,0,2.7844371795654297,11.804,118,125,7.113095e-03,
37,Q,13,0,1.9409072399139404,20.23,124,128,6.495174e-03,
37,Q,14,0,2.0025951862335205,18.091,124,128,6.312899e-03,
37,Q,15,0,1.7778277397155762,20.135,124,127,5.925523e-03,
37,Q,16,1,2.1874585151672363,8.552,121,127,4.734211e-03,
37,Q,17,1,1.9950522184371948,15.408,122,127,5.802972e-03,
37,Q,18,1,2.162513256072998,15.073,124,128,6.218191e-03,
37,Q,19,1,1.9349398612976074,13.186,120,127,5.214458e-03,
37,Q,20,1,2.4450881481170654,12.955,124,128,6.515623e-03,
37,Q,21,1,2.608832836151123,12.904,122,128,6.960294e-03,
37,Q,22,1,2.2235076427459717,14.627,124,128,6.313512e-03,
37,Q,23,1,2.3214757442474365,17.354,125,128,7.161467e-03,
37,Q,24,1,2.2937026023864746,14.061,121,127,6.379865e-03,
37,Q,25,1,2.41670298576355,11.226,121,127,6.003485e-03,
37,Q,26,1,2.2806003093719482,13.933,123,128,6.316652e-03,
37,Q,27,1,1.803696870803833,14.937,124,128,5.166536e-03,
37,Q,28,1,2.194681167602539,14.805,124,128,6.265834e-03,
37,Q,29,1,1.8861606121063232,9.98,116,126,4.380510e-03,
37,Q,30,1,2.0562987327575684,12.204,123,128,5.280357e-03,
37,Q,31,1,2.238328695297241,13.476,120,127,6.093108e-03,
37,QK,0,0,1.8384679555892944,13.253,119,125,,0
37,QK,1,0,1.9846662282943726,11.972,116,124,,0
37,QK,2,0,1.6976388692855835,12.481,120,126,,0
37,QK,3,0,1.7182810306549072,10.938,120,126,,0
37,QK,4,0,1.519956350326538,12.547,120,126,,0
37,QK,5,0,1.6486144065856934,12.466,119,125,,0
37,QK,6,0,1.958414912223816,11.992,118,125,,0
37,QK,7,0,1.6894603967666626,13.711,116,125,,0
37,QK,8,0,1.7650678157806396,13.645,119,125,,0
37,QK,9,0,1.9609155654907227,11.925,116,124,,0
37,QK,10,0,2.1158812046051025,9.538,116,124,,0
37,QK,11,0,1.9214121103286743,13.0,111,122,,0
37,QK,12,0,2.3142588138580322,10.302,112,123,,0
37,QK,13,0,1.7235592603683472,15.109,118,125,,0
37,QK,14,0,1.949454426765442,11.067,120,125,,0
37,QK,15,0,1.9548025131225586,9.94,118,125,,0
37,QK,16,1,1.0980193614959717,14.903,113,125,,0
37,QK,17,1,1.3328853845596313,16.555,113,125,,0
37,QK,18,1,1.2142643928527832,18.74,119,126,,0
37,QK,19,1,1.196777582168579,16.516,110,124,,0
37,QK,20,1,1.4404727220535278,15.012,119,126,,0
37,QK,21,1,1.5197267532348633,18.253,111,125,,0
37,QK,22,1,1.252715826034546,18.571,118,126,,0
37,QK,23,1,1.5399703979492188,18.577,117,126,,0
37,QK,24,1,1.5481503009796143,15.271,110,124,,0
37,QK,25,1,1.4222244024276733,15.451,111,124,,0
37,QK,26,1,1.320660948753357,16.412,118,126,,0
37,QK,27,1,1.1052812337875366,16.105,118,126,,0
37,QK,28,1,1.2338632345199585,17.988,119,127,,0
37,QK,29,1,1.2903029918670654,10.826,104,121,,0
37,QK,30,1,1.3952677249908447,11.543,115,125,,0
37,QK,31,1,1.4149813652038574,16.924,110,124,,0
37,V,0,0,1.0748168230056763,66.445,125,128,6.509831e-03,
37,V,1,1,0.9981077313423157,59.405,124,128,5.724431e-03,
37,VO,0,0,1.0207661390304565,20.465,121,127,,
37,VO,1,0,1.094543218612671,23.817,121,128,,
37,VO,2,0,1.2118414640426636,13.203,119,127,,
37,VO,3,0,0.9758411049842834,20.37,120,127,,
37,VO,4,0,1.002687931060791,16.355,119,127,,
37,VO,5,0,1.5868552923202515,7.626,119,127,,
37,VO,6,0,0.8677088618278503,27.764,120,127,,
37,VO,7,0,0.682063639163971,46.357,122,128,,
37,VO,8,0,0.8818225264549255,26.469,121,128,,
37,VO,9,0,0.6566430926322937,36.981,122,127,,
37,VO,10,0,0.5884572863578796,43.204,123,128,,
37,VO,11,0,0.7579630017280579,39.352,123,128,,
37,VO,12,0,0.798728883266449,41.237,122,128,,
37,VO,13,0,0.7606032490730286,42.695,121,127,,
37,VO,14,0,1.0911592245101929,15.818,121,127,,
37,VO,15,0,0.6507589221000671,33.668,122,128,,
37,VO,16,1,0.6063663363456726,43.323,120,127,,
37,VO,17,1,0.6803218722343445,31.489,121,127,,
37,VO,18,1,0.6680266261100769,32.177,121,127,,
37,VO,19,1,0.6044460535049438,40.619,121,127,,
37,VO,20,1,0.5842078328132629,45.763,120,127,,
37,VO,21,1,0.6646891832351685,40.523,121,127,,
37,VO,22,1,1.3304389715194702,8.265,122,128,,
37,VO,23,1,1.0203235149383545,20.221,116,126,,
37,VO,24,1,0.5930346846580505,44.078,120,127,,
37,VO,25,1,0.7290496826171875,29.307,120,127,,
37,VO,26,1,0.5646753311157227,42.099,121,127,,
37,VO,27,1,0.6737819910049438,31.113,120,127,,
37,VO,28,1,0.5417311191558838,45.119,121,127,,
37,VO,29,1,0.6852632761001587,32.078,119,127,,
37,VO,30,1,0.5568432211875916,38.83,120,127,,
37,VO,31,1,0.5882478356361389,42.536,121,127,,
38,G,0,0,3.0142149925231934,9.015,123,128,6.240905e-03,
38,G,1,0,2.8240530490875244,6.426,123,128,4.929839e-03,
38,G,2,0,3.064897298812866,10.187,124,127,6.751863e-03,
38,G,3,0,2.6179726123809814,11.095,125,128,6.016431e-03,
38,G,4,0,3.0369250774383545,11.688,123,127,7.169157e-03,
38,G,5,0,3.140389919281006,10.994,124,127,7.184596e-03,
38,G,6,0,3.0024573802948,10.501,124,128,6.712678e-03,
38,G,7,0,2.6906652450561523,10.516,125,128,6.025153e-03,
38,G,8,0,3.0820820331573486,9.109,125,128,6.429517e-03,
38,G,9,0,2.2184038162231445,7.752,124,128,4.261897e-03,
38,G,10,0,2.849057197570801,9.647,124,128,6.106614e-03,
38,G,11,0,2.866312265396118,9.733,125,128,6.176945e-03,
38,G,12,0,2.959688663482666,12.771,125,128,7.303701e-03,
38,G,13,0,2.830686330795288,8.865,123,128,5.813059e-03,
38,G,14,0,3.6620304584503174,6.265,124,128,6.319125e-03,
38,G,15,0,3.0650038719177246,11.957,124,128,7.315657e-03,
38,G,16,1,3.4679136276245117,4.965,126,128,5.323820e-03,
38,G,17,1,3.0620768070220947,11.348,125,128,7.122065e-03,
38,G,18,1,3.0897421836853027,7.031,126,128,5.648172e-03,
38,G,19,1,3.708285331726074,3.925,126,128,5.057777e-03,
38,G,20,1,3.15505313873291,6.08,125,128,5.360615e-03,
38,G,21,1,3.2920596599578857,4.825,126,128,4.981125e-03,
38,G,22,1,3.176612615585327,4.1,125,128,4.419595e-03,
38,G,23,1,2.868499517440796,13.664,125,128,7.326548e-03,
38,G,24,1,3.40382719039917,5.096,125,128,5.288794e-03,
38,G,25,1,3.7351174354553223,6.772,124,128,6.708230e-03,
38,G,26,1,2.4417641162872314,5.548,126,128,3.965168e-03,
38,G,27,1,2.880679130554199,12.803,125,128,7.123664e-03,
38,G,28,1,3.41274356842041,5.406,125,128,5.465442e-03,
38,G,29,1,3.2800891399383545,4.272,126,128,4.667627e-03,
38,G,30,1,2.8764851093292236,11.538,124,127,6.749077e-03,
38,G,31,1,3.3997175693511963,10.402,124,128,7.569363e-03,
38,K,0,0,2.6144235134124756,11.678,119,126,6.201396e-03,
38,K,1,1,1.8829127550125122,21.484,115,125,6.055167e-03,
38,O,0,0,0.7765621542930603,45.933,124,127,5.701954e-03,
38,O,1,0,0.6561472415924072,51.458,124,127,5.099321e-03,
38,O,2,0,0.7795198559761047,50.08,123,128,5.976425e-03,
38,O,3,0,0.7802374958992004,42.91,125,128,5.537204e-03,
38,O,4,0,0.9226697683334351,41.815,123,127,6.463896e-03,
38,O,5,0,0.8764111399650574,48.013,123,128,6.579153e-03,
38,O,6,0,0.7671937346458435,56.828,124,127,6.265705e-03,
38,O,7,0,0.7598455548286438,53.831,125,128,6.039863e-03,
38,O,8,0,1.1301863193511963,23.794,124,128,5.972633e-03,
38,O,9,0,0.6360082030296326,54.205,125,128,5.073012e-03,
38,O,10,0,0.927824079990387,33.252,125,128,5.796392e-03,
38,O,11,0,1.2297850847244263,17.83,124,128,5.625895e-03,
38,O,12,0,1.1941033601760864,28.754,124,127,6.937036e-03,
38,O,13,0,0.669754683971405,55.528,124,127,5.407005e-03,
38,O,14,0,0.7543447613716125,61.657,123,127,6.417193e-03,
38,O,15,0,1.0456522703170776,35.228,124,127,6.723792e-03,
38,O,16,1,0.61204993724823,84.651,126,128,6.100798e-03,
38,O,17,1,0.9812867045402527,39.889,124,128,6.714357e-03,
38,O,18,1,0.9480104446411133,37.004,126,128,6.247683e-03,
38,O,19,1,0.6147440075874329,83.198,126,128,6.074845e-03,
38,O,20,1,0.6624916791915894,70.512,126,128,6.026901e-03,
38,O,21,1,0.6788432002067566,66.302,126,128,5.988466e-03,
38,O,22,1,0.6523489356040955,66.71,125,128,5.772423e-03,
38,O,23,1,0.8573825359344482,52.804,125,128,6.749813e-03,
38,O,24,1,0.682132363319397,63.177,126,128,5.873971e-03,
38,O,25,1,0.811639130115509,51.83,124,128,6.330482e-03,
38,O,26,1,0.6197267770767212,72.85,126,128,5.730582e-03,
38,O,27,1,1.073919415473938,34.155,123,128,6.799601e-03,
38,O,28,1,0.7068403363227844,64.695,126,128,6.159454e-03,
38,O,29,1,0.664655864238739,67.572,126,128,5.919215e-03,
38,O,30,1,0.7507163882255554,66.812,124,128,6.647919e-03,
38,O,31,1,0.8985483050346375,48.49,125,128,6.778793e-03,
38,Q,0,0,2.1179306507110596,17.214,123,128,6.089503e-03,
38,Q,1,0,1.8595956563949585,18.592,123,128,5.563020e-03,
38,Q,2,0,2.435157537460327,13.369,124,128,6.171854e-03,
38,Q,3,0,1.6885579824447632,25.018,125,128,5.853963e-03,
38,Q,4,0,2.616896867752075,10.829,125,128,5.973271e-03,
38,Q,5,0,2.245640993118286,17.077,124,128,6.430873e-03,
38,Q,6,0,1.8762760162353516,22.472,122,128,6.160853e-03,
38,Q,7,0,1.8585362434387207,20.959,124,128,5.897174e-03,
38,Q,8,0,1.961643934249878,22.65,126,128,6.474594e-03,
38,Q,9,0,1.4512810707092285,39.306,126,128,6.303817e-03,
38,Q,10,0,2.084563732147217,18.088,125,128,6.148423e-03,
38,Q,11,0,2.034982204437256,18.801,125,128,6.123908e-03,
38,Q,12,0,2.804298162460327,10.54,124,128,6.311011e-03,
38,Q,13,0,2.017704486846924,17.783,124,128,5.904863e-03,
38,Q,14,0,1.9026888608932495,22.747,124,128,6.291956e-03,
38,Q,15,0,1.9545954465866089,23.886,125,128,6.618313e-03,
38,Q,16,1,2.3568198680877686,13.525,123,128,6.005782e-03,
38,Q,17,1,2.1048998832702637,21.012,126,128,6.689877e-03,
38,Q,18,1,2.118431329727173,14.637,121,128,5.615872e-03,
38,Q,19,1,2.616624116897583,9.686,120,127,5.643486e-03,
38,Q,20,1,2.1588196754455566,16.268,124,128,6.035058e-03,
38,Q,21,1,2.3836140632629395,12.062,122,128,5.741676e-03,
38,Q,22,1,2.287745237350464,14.283,123,128,5.993410e-03,
38,Q,23,1,1.9518874883651733,24.119,126,128,6.644385e-03,
38,Q,24,1,2.3271398544311523,13.245,122,128,5.866994e-03,
38,Q,25,1,2.151975631713867,17.578,125,128,6.255478e-03,
38,Q,26,1,2.263119697570801,12.97,123,128,5.652101e-03,
38,Q,27,1,1.9741634130477905,23.582,125,128,6.645082e-03,
38,Q,28,1,2.404453754425049,12.896,123,128,5.980315e-03,
38,Q,29,1,2.1198995113372803,15.582,123,128,5.801293e-03,
38,Q,30,1,2.2185676097869873,18.171,125,128,6.550257e-03,
38,Q,31,1,2.179036855697632,18.047,125,128,6.417528e-03,
38,QK,0,0,3.0172839164733887,5.708,114,125,,0
38,QK,1,0,2.9137656688690186,5.218,114,125,,0
38,QK,2,0,2.266841173171997,8.538,118,126,,0
38,QK,3,0,2.3305091857910156,8.023,118,126,,0
38,QK,4,0,2.0340850353240967,9.071,119,126,,0
38,QK,5,0,2.5250325202941895,7.899,117,126,,0
38,QK,6,0,3.1222095489501953,5.887,110,124,,0
38,QK,7,0,2.5161778926849365,7.372,116,126,,0
38,QK,8,0,2.241962432861328,9.908,120,127,,0
38,QK,9,0,2.5531504154205322,7.952,118,126,,0
38,QK,10,0,2.1881701946258545,9.274,120,127,,0
38,QK,11,0,2.2077808380126953,9.035,120,127,,0
38,QK,12,0,3.278238534927368,5.172,114,125,,0
38,QK,13,0,2.835165500640869,5.845,116,126,,0
38,QK,14,0,2.949946880340576,6.501,114,125,,0
38,QK,15,0,2.383775234222412,9.582,119,126,,0
38,QK,16,1,1.5464369058609009,18.142,110,124,,0
38,QK,17,1,1.5708104372024536,20.674,115,126,,0
38,QK,18,1,1.2912359237670898,24.058,107,123,,0
38,QK,19,1,1.684662103652954,14.992,104,122,,0
38,QK,20,1,1.4972355365753174,19.145,113,125,,0
38,QK,21,1,1.505042314529419,17.371,110,124,,0
38,QK,22,1,1.4322714805603027,18.6,114,125,,0
38,QK,23,1,1.5446126461029053,22.003,114,125,,0
38,QK,24,1,1.6277071237564087,16.802,108,123,,0
38,QK,25,1,1.6925561428070068,16.354,114,126,,0
38,QK,26,1,1.3189371824264526,17.849,115,125,,0
38,QK,27,1,1.5673245191574097,22.317,114,126,,0
38,QK,28,1,1.740984320640564,14.74,110,124,,0
38,QK,29,1,1.3895821571350098,19.659,112,125,,0
38,QK,30,1,1.5638056993484497,19.174,114,125,,0
38,QK,31,1,1.7460994720458984,17.147,112,125,,0
38,V,0,0,1.2305899858474731,52.106,124,128,6.157014e-03,
38,V,1,1,0.9829936027526855,80.322,125,128,6.101979e-03,
38,VO,0,0,0.6432677507400513,41.899,121,127,,
38,VO,1,0,0.5051558613777161,53.527,121,127,,
38,VO,2,0,0.6758665442466736,43.298,119,127,,
38,VO,3,0,0.6417590379714966,40.03,121,127,,
38,VO,4,0,0.8459417819976807,32.109,120,126,,
38,VO,5,0,0.7793096303939819,39.101,120,127,,
38,VO,6,0,0.6731446981430054,47.313,120,127,,
38,VO,7,0,0.7802501916885376,32.872,121,127,,
38,VO,8,0,0.8989231586456299,23.732,121,127,,
38,VO,9,0,0.6044079065322876,37.963,121,127,,
38,VO,10,0,0.7854616045951843,29.647,121,127,,
38,VO,11,0,0.957082211971283,18.529,120,127,,
38,VO,12,0,1.3063181638717651,15.468,121,126,,
38,VO,13,0,0.5681275129318237,48.184,121,127,,
38,VO,14,0,0.6169849634170532,57.627,120,126,,
38,VO,15,0,0.826015293598175,35.51,121,127,,
38,VO,16,1,0.5260192155838013,70.031,124,128,,
38,VO,17,1,0.8750666379928589,30.534,123,128,,
38,VO,18,1,0.6272848844528198,51.394,124,128,,
38,VO,19,1,0.5300104022026062,68.601,124,128,,
38,VO,20,1,0.6145514845848083,50.235,125,128,,
38,VO,21,1,0.5772360563278198,56.311,124,128,,
38,VO,22,1,0.5513594150543213,56.272,124,128,,
38,VO,23,1,0.7319095730781555,44.482,124,128,,
38,VO,24,1,0.5736358761787415,54.631,124,128,,
38,VO,25,1,0.6866912841796875,45.103,123,127,,
38,VO,26,1,0.4802956283092499,74.116,124,128,,
38,VO,27,1,0.8409644365310669,34.077,122,127,,
38,VO,28,1,0.6240047216415405,51.12,124,128,,
38,VO,29,1,0.5400220155715942,62.023,124,128,,
38,VO,30,1,0.6106225252151489,61.523,123,128,,
38,VO,31,1,0.7551021575927734,42.665,123,128,,
39,G,0,0,3.1973917484283447,7.995,125,128,8.092017e-03,
39,G,1,0,4.1291046142578125,2.294,123,128,5.512873e-03,
39,G,2,0,2.7850706577301025,4.512,126,128,5.251246e-03,
39,G,3,0,2.8995110988616943,3.728,125,128,4.953172e-03,
39,G,4,0,3.7324252128601074,2.933,124,128,5.634372e-03,
39,G,5,0,2.883765459060669,7.62,122,128,7.102625e-03,
39,G,6,0,2.9340226650238037,4.258,125,128,5.389715e-03,
39,G,7,0,3.26639986038208,7.891,124,128,8.202828e-03,
39,G,8,0,2.911858558654785,4.798,125,128,5.671031e-03,
39,G,9,0,2.8833088874816895,5.045,125,128,5.769946e-03,
39,G,10,0,3.3389344215393066,8.009,124,128,8.424605e-03,
39,G,11,0,2.7516183853149414,3.463,125,128,4.523183e-03,
39,G,12,0,3.3028719425201416,3.171,125,128,5.201954e-03,
39,G,13,0,3.097179412841797,4.15,125,128,5.620507e-03,
39,G,14,0,3.166618585586548,3.339,125,128,5.120651e-03,
39,G,15,0,3.7250349521636963,2.255,124,128,4.888208e-03,
39,G,16,1,2.6743743419647217,6.123,125,128,5.914208e-03,
39,G,17,1,3.132444381713867,9.753,126,128,8.738431e-03,
39,G,18,1,3.210745334625244,4.406,124,128,5.982022e-03,
39,G,19,1,3.000910520553589,4.562,125,128,5.688575e-03,
39,G,20,1,3.7582268714904785,4.437,123,128,7.086184e-03,
39,G,21,1,3.330953598022461,4.31,124,128,6.153215e-03,
39,G,22,1,2.8582653999328613,3.236,122,128,4.505594e-03,
39,G,23,1,3.17205548286438,4.023,124,128,5.641677e-03,
39,G,24,1,2.8752825260162354,5.29,126,128,5.876046e-03,
39,G,25,1,3.2072842121124268,5.134,125,128,6.477213e-03,
39,G,26,1,3.2115824222564697,3.476,121,128,5.284047e-03,
39,G,27,1,3.1770389080047607,4.88,124,128,6.256336e-03,
39,G,28,1,3.103607654571533,4.372,122,128,5.749089e-03,
39,G,29,1,3.372293472290039,4.32,125,128,6.211291e-03,
39,G,30,1,3.1994481086730957,4.995,125,128,6.366582e-03,
39,G,31,1,3.8308489322662354,3.025,124,128,5.876506e-03,
39,K,0,0,1.4683470726013184,26.769,124,127,6.207028e-03,
39,K,1,1,1.3674445152282715,28.575,123,127,6.049722e-03,
39,O,0,0,0.9124884009361267,50.616,122,126,7.033249e-03,
39,O,1,0,0.6740896105766296,67.232,124,128,5.988083e-03,
39,O,2,0,0.6546292901039124,71.7,124,127,6.005360e-03,
39,O,3,0,0.6707776784896851,66.497,124,127,5.926029e-03,
39,O,4,0,0.8769429922103882,41.247,123,127,6.101740e-03,
39,O,5,0,0.859900176525116,53.137,123,127,6.790976e-03,
39,O,6,0,0.7010017037391663,49.236,124,127,5.328982e-03,
39,O,7,0,0.8997288942337036,54.235,124,127,7.178519e-03,
39,O,8,0,0.7471017241477966,59.361,124,127,6.236140e-03,
39,O,9,0,0.7294209599494934,59.73,124,127,6.107436e-03,
39,O,10,0,1.0106898546218872,42.071,122,127,7.102224e-03,
39,O,11,0,0.6293200850486755,70.532,124,128,5.725986e-03,
39,O,12,0,0.7216901183128357,61.497,124,128,6.131426e-03,
39,O,13,0,0.7629354000091553,53.784,123,128,6.061774e-03,
39,O,14,0,0.8385900855064392,45.032,123,127,6.096716e-03,
39,O,15,0,0.5630930662155151,78.943,124,128,5.420264e-03,
39,O,16,1,0.6794437170028687,63.926,125,128,5.885400e-03,
39,O,17,1,1.179139494895935,35.522,125,128,7.613766e-03,
39,O,18,1,1.0720274448394775,26.284,124,128,5.954416e-03,
39,O,19,1,0.935620903968811,33.331,123,128,5.852047e-03,
39,O,20,1,1.0033808946609497,35.143,124,128,6.444217e-03,
39,O,21,1,0.8867472410202026,38.913,124,128,5.992812e-03,
39,O,22,1,1.430707335472107,13.271,123,128,5.646590e-03,
39,O,23,1,0.877898097038269,37.105,124,128,5.793564e-03,
39,O,24,1,0.6976239681243896,64.308,124,128,6.060922e-03,
39,O,25,1,0.7718719244003296,51.272,124,128,5.987839e-03,
39,O,26,1,1.264200210571289,16.635,124,128,5.586174e-03,
39,O,27,1,1.0712703466415405,25.081,123,128,5.812455e-03,
39,O,28,1,1.5161594152450562,13.855,123,128,6.114108e-03,
39,O,29,1,0.7561296820640564,51.436,125,128,5.875054e-03,
39,O,30,1,0.7626230716705322,52.856,124,128,6.006778e-03,
39,O,31,1,1.7347522974014282,8.855,124,128,5.592674e-03,
39,Q,0,0,1.8684860467910767,14.716,125,128,6.410177e-03,
39,Q,1,0,1.8055756092071533,15.96,125,128,6.440965e-03,
39,Q,2,0,1.6510823965072632,19.973,125,128,6.481442e-03,
39,Q,3,0,1.544052004814148,19.921,125,128,6.072831e-03,
39,Q,4,0,1.618996262550354,20.335,125,128,6.405315e-03,
39,Q,5,0,1.6710007190704346,18.296,125,128,6.307434e-03,
39,Q,6,0,1.7096495628356934,13.853,125,128,5.651781e-03,
39,Q,7,0,1.8524893522262573,12.568,124,128,5.872517e-03,
39,Q,8,0,1.7049833536148071,18.892,125,128,6.485614e-03,
39,Q,9,0,1.861098051071167,15.227,125,128,6.399833e-03,
39,Q,10,0,1.867954969406128,14.796,125,128,6.396193e-03,
39,Q,11,0,1.4523056745529175,16.847,125,128,5.228104e-03,
39,Q,12,0,1.7635010480880737,17.572,125,128,6.544958e-03,
39,Q,13,0,1.6149771213531494,20.462,124,128,6.485915e-03,
39,Q,14,0,1.5849695205688477,18.832,124,128,6.056732e-03,
39,Q,15,0,1.8763784170150757,14.312,125,128,6.190835e-03,
39,Q,16,1,1.74038565158844,14.152,125,128,5.828592e-03,
39,Q,17,1,1.6797690391540527,20.284,125,128,6.777595e-03,
39,Q,18,1,1.7824400663375854,15.362,124,128,6.253710e-03,
39,Q,19,1,1.6178967952728271,19.187,125,128,6.301565e-03,
39,Q,20,1,1.4924057722091675,22.862,124,128,6.368558e-03,
39,Q,21,1,1.542609691619873,20.97,124,128,6.303465e-03,
39,Q,22,1,1.2315075397491455,18.666,124,128,4.463302e-03,
39,Q,23,1,1.7918461561203003,14.328,125,128,6.029724e-03,
39,Q,24,1,1.6356979608535767,20.395,125,128,6.503104e-03,
39,Q,25,1,1.7792292833328247,15.56,125,128,6.296107e-03,
39,Q,26,1,1.475031852722168,17.648,124,128,5.441128e-03,
39,Q,27,1,1.3432888984680176,22.876,124,128,5.754204e-03,
39,Q,28,1,1.5540236234664917,22.26,125,128,6.406218e-03,
39,Q,29,1,1.6173374652862549,15.513,125,128,5.678591e-03,
39,Q,30,1,1.7252246141433716,14.208,125,128,5.833585e-03,
39,Q,31,1,1.5172890424728394,18.472,124,128,5.906990e-03,
39,QK,0,0,1.0372415781021118,20.514,123,127,,1
39,QK,1,0,0.9117608666419983,26.317,124,128,,1
39,QK,2,0,0.9242327213287354,27.642,124,127,,1
39,QK,3,0,0.8495349884033203,28.828,123,127,,1
39,QK,4,0,0.7827956080436707,35.552,124,127,,1
39,QK,5,0,0.9383354187011719,25.146,123,127,,1
39,QK,6,0,0.9069337248802185,21.224,123,127,,1
39,QK,7,0,1.1846469640731812,13.99,121,127,,1
39,QK,8,0,1.0302135944366455,22.052,123,127,,1
39,QK,9,0,1.1195224523544312,18.22,123,127,,1
39,QK,10,0,1.320947289466858,12.792,124,127,,1
39,QK,11,0,0.7112438678741455,29.422,124,128,,1
39,QK,12,0,0.9048729538917542,28.216,124,127,,1
39,QK,13,0,0.906658947467804,28.769,122,127,,1
39,QK,14,0,0.9693893790245056,22.238,122,127,,1
39,QK,15,0,1.0982295274734497,17.099,124,127,,1
39,QK,16,1,0.8228084444999695,24.668,123,127,,1
39,QK,17,1,0.9304505586624146,26.124,123,127,,1
39,QK,18,1,0.9321742057800293,22.567,121,127,,1
39,QK,19,1,0.7895768880844116,31.633,123,127,,1
39,QK,20,1,0.765510082244873,34.944,121,127,,1
39,QK,21,1,0.708551287651062,40.069,121,127,,1
39,QK,22,1,0.6107600927352905,27.97,123,127,,1
39,QK,23,1,0.7873837351799011,29.296,122,127,,1
39,QK,24,1,0.8154614567756653,31.702,123,127,,1
39,QK,25,1,0.9018385410308838,24.451,122,127,,1
39,QK,26,1,0.6459405422210693,36.302,121,127,,1
39,QK,27,1,0.691548764705658,35.619,120,127,,1
39,QK,28,1,1.0422197580337524,19.18,123,127,,1
39,QK,29,1,0.7760928869247437,26.645,122,127,,1
39,QK,30,1,0.9031092524528503,20.759,122,127,,1
39,QK,31,1,0.8117004632949829,26.849,120,127,,1
39,V,0,0,0.9552443623542786,65.47,126,128,6.074014e-03,
39,V,1,1,0.9737822413444519,59.422,124,127,6.183612e-03,
39,VO,0,0,0.6503406167030334,46.992,121,126,,
39,VO,1,0,0.48780494928359985,58.694,123,127,,
39,VO,2,0,0.4988476037979126,57.399,123,127,,
39,VO,3,0,0.4960923492908478,56.039,123,127,,
39,VO,4,0,0.5844265222549438,41.524,122,127,,
39,VO,5,0,0.7355050444602966,34.226,122,127,,
39,VO,6,0,0.5792096853256226,33.716,123,127,,
39,VO,7,0,0.6747559309005737,45.419,122,127,,
39,VO,8,0,0.5611588954925537,48.229,123,127,,
39,VO,9,0,0.5889236927032471,42.766,123,127,,
39,VO,10,0,0.7365393042564392,37.908,121,126,,
39,VO,11,0,0.4811294376850128,54.947,123,128,,
39,VO,12,0,0.5269827246665955,52.933,123,128,,
39,VO,13,0,0.6054379343986511,39.546,122,127,,
39,VO,14,0,0.6151424646377563,38.416,122,127,,
39,VO,15,0,0.4585399627685547,55.089,123,128,,
39,VO,16,1,0.545264720916748,44.294,121,127,,
39,VO,17,1,0.7807517647743225,35.774,122,126,,
39,VO,18,1,0.5268389582633972,47.162,121,127,,
39,VO,19,1,0.527039647102356,45.566,120,127,,
39,VO,20,1,0.6664506196975708,35.111,120,127,,
39,VO,21,1,0.5146076083183289,50.99,121,127,,
39,VO,22,1,0.5359918475151062,38.443,122,127,,
39,VO,23,1,0.5047829151153564,49.334,121,127,,
39,VO,24,1,0.5234419703483582,50.564,121,127,,
39,VO,25,1,0.5277726650238037,48.39,121,127,,
39,VO,26,1,0.619601845741272,29.712,121,127,,
39,VO,27,1,0.5424565076828003,42.492,121,127,,
39,VO,28,1,0.6814753413200378,30.519,120,127,,
39,VO,29,1,0.48442766070365906,54.489,122,127,,
39,VO,30,1,0.5966358184814453,38.573,121,127,,
39,VO,31,1,0.46129947900772095,50.671,122,127,,
40,G,0,0,2.80375075340271,9.682,125,128,5.781798e-03,
40,G,1,0,3.0759425163269043,9.137,124,128,6.157966e-03,
40,G,2,0,2.23110294342041,9.577,125,128,4.587008e-03,
40,G,3,0,2.9067277908325195,12.503,125,128,6.808297e-03,
40,G,4,0,3.437042713165283,4.951,124,128,5.065637e-03,
40,G,5,0,2.9814984798431396,9.505,125,128,6.097509e-03,
40,G,6,0,3.5655758380889893,7.253,124,128,6.368658e-03,
40,G,7,0,2.8336122035980225,13.564,125,128,6.916810e-03,
40,G,8,0,2.981090545654297,10.468,125,128,6.391555e-03,
40,G,9,0,2.8928308486938477,13.095,125,128,6.943833e-03,
40,G,10,0,2.9254367351531982,13.052,125,128,7.005602e-03,
40,G,11,0,2.9937665462493896,9.926,124,128,6.252242e-03,
40,G,12,0,2.927401304244995,12.075,125,128,6.736593e-03,
40,G,13,0,2.7718753814697266,13.746,125,128,6.811572e-03,
40,G,14,0,3.076673746109009,10.011,125,128,6.456137e-03,
40,G,15,0,3.092367172241211,10.306,125,128,6.539757e-03,
40,G,16,1,2.88301682472229,12.703,124,128,6.801886e-03,
40,G,17,1,2.7108986377716064,15.132,125,128,6.994918e-03,
40,G,18,1,3.7585439682006836,5.728,123,128,5.946456e-03,
40,G,19,1,3.0748322010040283,11.071,123,128,6.770862e-03,
40,G,20,1,2.9703755378723145,6.081,123,128,4.771363e-03,
40,G,21,1,2.3894190788269043,6.741,124,128,4.110440e-03,
40,G,22,1,3.760324478149414,4.066,122,128,5.007255e-03,
40,G,23,1,3.0585029125213623,9.16,124,128,6.139565e-03,
40,G,24,1,2.3489110469818115,9.551,124,128,4.810724e-03,
40,G,25,1,2.6379051208496094,7.384,124,128,4.751568e-03,
40,G,26,1,3.162189483642578,13.423,125,128,7.683641e-03,
40,G,27,1,3.0655517578125,8.128,123,128,5.739672e-03,
40,G,28,1,2.819045066833496,6.469,122,127,4.733322e-03,
40,G,29,1,2.7918953895568848,8.895,114,126,5.509981e-03,
40,G,30,1,3.1376214027404785,11.8,124,127,7.135635e-03,
40,G,31,1,3.1000587940216064,9.176,119,127,6.219388e-03,
40,K,0,0,2.2324471473693848,21.756,121,127,6.819182e-03,
40,K,1,1,1.7195229530334473,22.985,118,126,5.350256e-03,
40,O,0,0,0.7279343605041504,61.343,125,128,6.176752e-03,
40,O,1,0,0.7706161141395569,55.447,124,128,6.216733e-03,
40,O,2,0,0.8055118918418884,46.091,125,128,5.924641e-03,
40,O,3,0,0.8580458164215088,50.244,124,127,6.589249e-03,
40,O,4,0,0.6630797386169434,74.1,125,128,6.183847e-03,
40,O,5,0,0.7191886305809021,65.277,125,128,6.295165e-03,
40,O,6,0,0.8565692901611328,47.856,125,128,6.419722e-03,
40,O,7,0,0.8736448287963867,48.356,125,128,6.581812e-03,
40,O,8,0,0.8163888454437256,50.061,125,128,6.257921e-03,
40,O,9,0,0.8271626234054565,53.055,124,128,6.527395e-03,
40,O,10,0,0.8575022220611572,53.201,124,127,6.776107e-03,
40,O,11,0,0.8674584031105042,44.309,124,128,6.255757e-03,
40,O,12,0,0.9205275177955627,40.756,124,127,6.366729e-03,
40,O,13,0,0.9587224721908569,39.18,124,127,6.501457e-03,
40,O,14,0,0.8770502805709839,46.713,125,128,6.494237e-03,
40,O,15,0,1.0053209066390991,35.398,120,127,6.480082e-03,
40,O,16,1,0.816776692867279,53.962,125,128,6.500294e-03,
40,O,17,1,0.8542414903640747,52.887,126,128,6.730406e-03,
40,O,18,1,0.7906330227851868,41.656,124,128,5.528346e-03,
40,O,19,1,1.1658179759979248,26.961,123,128,6.558214e-03,
40,O,20,1,2.436199188232422,3.679,117,127,5.062566e-03,
40,O,21,1,0.668394923210144,44.606,125,128,4.836288e-03,
40,O,22,1,0.6187527179718018,56.209,124,128,5.025784e-03,
40,O,23,1,0.8402210474014282,45.149,124,128,6.116480e-03,
40,O,24,1,0.6690772771835327,61.071,126,128,5.664697e-03,
40,O,25,1,0.7852306365966797,33.662,125,128,4.935754e-03,
40,O,26,1,1.0685731172561646,38.697,125,128,7.201575e-03,
40,O,27,1,1.4956971406936646,11.439,122,127,5.480405e-03,
40,O,28,1,0.7428292036056519,38.632,123,128,5.002001e-03,
40,O,29,1,0.8223768472671509,37.003,124,128,5.419641e-03,
40,O,30,1,0.8403056263923645,59.769,125,128,7.038178e-03,
40,O,31,1,0.9050089716911316,36.978,121,127,5.962185e-03,
40,Q,0,0,1.5838648080825806,37.964,126,128,6.470926e-03,
40,Q,1,0,1.6761040687561035,35.223,126,128,6.602701e-03,
40,Q,2,0,1.5801185369491577,37.962,126,128,6.466908e-03,
40,Q,3,0,1.4985147714614868,44.586,126,128,6.649159e-03,
40,Q,4,0,2.290557384490967,15.723,124,128,5.986997e-03,
40,Q,5,0,1.730674386024475,31.153,125,128,6.398104e-03,
40,Q,6,0,2.155087947845459,20.356,125,128,6.439325e-03,
40,Q,7,0,1.635669469833374,37.68,126,128,6.662049e-03,
40,Q,8,0,1.632163405418396,35.219,125,128,6.412427e-03,
40,Q,9,0,1.5294312238693237,43.305,126,128,6.684813e-03,
40,Q,10,0,1.475266456604004,45.865,126,128,6.634400e-03,
40,Q,11,0,1.742546796798706,31.283,126,128,6.471130e-03,
40,Q,12,0,1.6162099838256836,38.126,126,128,6.621154e-03,
40,Q,13,0,1.5456407070159912,40.776,126,128,6.560064e-03,
40,Q,14,0,1.7062565088272095,34.181,126,128,6.620818e-03,
40,Q,15,0,1.5738061666488647,38.737,126,128,6.484082e-03,
40,Q,16,1,2.2610108852386475,17.907,125,128,6.352787e-03,
40,Q,17,1,2.2619009017944336,18.322,125,128,6.421314e-03,
40,Q,18,1,2.3167402744293213,13.578,122,128,5.646778e-03,
40,Q,19,1,2.5581858158111572,14.767,125,128,6.517247e-03,
40,Q,20,1,2.017740249633789,11.795,125,128,4.573459e-03,
40,Q,21,1,1.9864869117736816,20.094,125,128,5.910336e-03,
40,Q,22,1,1.7351611852645874,18.748,109,125,4.920219e-03,
40,Q,23,1,2.26273775100708,16.176,124,128,6.017140e-03,
40,Q,24,1,2.265425682067871,12.02,123,128,5.190583e-03,
40,Q,25,1,2.1007468700408936,9.021,115,126,4.146915e-03,
40,Q,26,1,2.3945517539978027,17.088,123,128,6.572584e-03,
40,Q,27,1,2.2490928173065186,15.681,125,128,5.895781e-03,
40,Q,28,1,2.2699923515319824,12.533,124,128,5.323254e-03,
40,Q,29,1,2.3264002799987793,11.743,123,128,5.259678e-03,
40,Q,30,1,2.4917073249816895,14.559,125,128,6.311776e-03,
40,Q,31,1,2.5211730003356934,11.972,123,128,5.774018e-03,
40,QK,0,0,2.1787643432617188,16.481,121,127,,0
40,QK,1,0,2.645656108856201,12.821,119,127,,0
40,QK,2,0,2.214383840560913,16.005,120,127,,0
40,QK,3,0,2.251081705093384,16.857,120,127,,0
40,QK,4,0,2.9087111949920654,9.055,116,126,,0
40,QK,5,0,2.5094218254089355,12.925,119,127,,0
40,QK,6,0,3.0832152366638184,9.335,118,127,,0
40,QK,7,0,2.3924996852874756,15.193,120,127,,0
40,QK,8,0,2.4702019691467285,13.879,118,127,,0
40,QK,9,0,2.295748472213745,16.721,120,127,,0
40,QK,10,0,2.205376148223877,17.393,120,127,,0
40,QK,11,0,2.5750691890716553,12.924,119,127,,0
40,QK,12,0,2.416598320007324,14.983,120,127,,0
40,QK,13,0,2.0746240615844727,18.329,121,127,,0
40,QK,14,0,2.56146240234375,13.59,119,127,,0
40,QK,15,0,2.1058056354522705,17.744,121,127,,0
40,QK,16,1,1.3708231449127197,22.812,117,126,,0
40,QK,17,1,1.3937262296676636,23.235,117,126,,0
40,QK,18,1,1.5359841585159302,17.047,111,124,,0
40,QK,19,1,1.4515767097473145,20.356,119,127,,0
40,QK,20,1,1.003879189491272,20.711,119,127,,0
40,QK,21,1,1.368722677230835,20.173,118,126,,0
40,QK,22,1,1.5611954927444458,14.953,92,117,,0
40,QK,23,1,1.6141923666000366,16.651,115,126,,0
40,QK,24,1,1.2310059070587158,19.495,115,126,,0
40,QK,25,1,1.3175451755523682,12.653,103,121,,0
40,QK,26,1,1.603517770767212,19.706,113,125,,0
40,QK,27,1,1.266197681427002,21.782,119,127,,0
40,QK,28,1,1.1283077001571655,20.138,120,127,,0
40,QK,29,1,1.3928101062774658,14.931,117,126,,0
40,QK,30,1,1.3298799991607666,21.963,118,127,,0
40,QK,31,1,1.5170581340789795,14.567,117,126,,0
40,V,0,0,1.2449604272842407,62.665,123,128,6.598907e-03,
40,V,1,1,1.0251798629760742,68.247,124,128,5.620892e-03,
40,VO,0,0,0.6969499588012695,51.324,120,126,,
40,VO,1,0,0.7741023302078247,44.247,120,126,,
40,VO,2,0,0.7419062852859497,43.859,120,126,,
40,VO,3,0,0.8999075293540955,36.322,119,126,,
40,VO,4,0,0.6243791580200195,63.097,121,127,,
40,VO,5,0,0.7054337859153748,53.009,121,127,,
40,VO,6,0,0.7439322471618652,50.144,120,127,,
40,VO,7,0,0.8837571144104004,36.987,121,127,,
40,VO,8,0,0.7457730770111084,46.413,121,127,,
40,VO,9,0,0.7758702039718628,47.107,120,126,,
40,VO,10,0,0.8245748281478882,44.634,121,127,,
40,VO,11,0,0.8449695706367493,37.733,119,126,,
40,VO,12,0,0.9059297442436218,33.348,120,126,,
40,VO,13,0,0.8473954200744629,39.065,120,126,,
40,VO,14,0,0.8837289810180664,36.367,120,126,,
40,VO,15,0,0.9178780913352966,32.508,118,126,,
40,VO,16,1,0.6581065058708191,47.594,122,127,,
40,VO,17,1,0.6265755295753479,55.171,123,128,,
40,VO,18,1,0.6178011894226074,39.745,121,127,,
40,VO,19,1,0.7763262391090393,34.728,120,127,,
40,VO,20,1,1.15791916847229,7.969,115,126,,
40,VO,21,1,0.4934849441051483,47.641,122,127,,
40,VO,22,1,0.5053747892379761,48.874,121,127,,
40,VO,23,1,0.6601950526237488,42.418,121,127,,
40,VO,24,1,0.5894034504890442,45.156,123,127,,
40,VO,25,1,0.5556356906890869,39.102,121,127,,
40,VO,26,1,0.9735128283500671,26.788,122,127,,
40,VO,27,1,0.823462724685669,21.014,120,127,,
40,VO,28,1,0.614303708076477,33.237,120,127,,
40,VO,29,1,0.706935703754425,29.583,120,127,,
40,VO,30,1,0.6730092763900757,52.894,122,128,,
40,VO,31,1,0.6878424882888794,36.904,118,127,,
41,G,0,0,3.1749210357666016,10.386,123,128,6.137900e-03,
41,G,1,0,3.3579020500183105,9.47,123,128,6.201281e-03,
41,G,2,0,3.376646041870117,6.491,121,127,5.159684e-03,
41,G,3,0,3.222242593765259,10.627,125,128,6.305816e-03,
41,G,4,0,3.672718048095703,6.991,124,128,5.828461e-03,
41,G,5,0,3.3130364418029785,11.088,121,127,6.627678e-03,
41,G,6,0,3.343747138977051,4.161,123,128,4.082483e-03,
41,G,7,0,3.1838736534118652,10.026,123,128,6.047156e-03,
41,G,8,0,3.249725341796875,9.189,124,128,5.906294e-03,
41,G,9,0,3.2126517295837402,11.209,121,127,6.458659e-03,
41,G,10,0,3.072951555252075,12.628,124,128,6.558559e-03,
41,G,11,0,3.1542258262634277,12.597,125,128,6.721100e-03,
41,G,12,0,3.4336330890655518,5.901,125,128,4.999885e-03,
41,G,13,0,3.116720676422119,12.032,125,128,6.492480e-03,
41,G,14,0,2.645815134048462,7.01,125,128,4.206653e-03,
41,G,15,0,3.0239474773406982,12.209,122,127,6.344814e-03,
41,G,16,1,3.3831117153167725,12.349,125,128,7.147217e-03,
41,G,17,1,2.5301876068115234,7.687,125,128,4.212423e-03,
41,G,18,1,3.2224478721618652,12.756,125,128,6.916039e-03,
41,G,19,1,3.4795658588409424,9.82,122,128,6.529393e-03,
41,G,20,1,3.3066062927246094,11.669,125,128,6.785791e-03,
41,G,21,1,3.0912652015686035,12.272,125,128,6.498412e-03,
41,G,22,1,3.0611960887908936,6.218,123,128,4.575462e-03,
41,G,23,1,3.6527018547058105,8.382,125,128,6.352162e-03,
41,G,24,1,3.3058648109436035,10.332,122,128,6.383268e-03,
41,G,25,1,3.07442045211792,12.687,125,128,6.577553e-03,
41,G,26,1,3.807774782180786,8.527,122,126,6.667013e-03,
41,G,27,1,3.346783399581909,10.622,125,128,6.544989e-03,
41,G,28,1,3.380544662475586,10.611,122,127,6.600008e-03,
41,G,29,1,3.2207016944885254,6.088,125,128,4.766078e-03,
41,G,30,1,3.0933151245117188,13.393,124,128,6.798392e-03,
41,G,31,1,3.399214267730713,11.08,121,126,6.791269e-03,
41,K,0,0,2.5269596576690674,17.053,121,127,6.243738e-03,
41,K,1,1,2.594212293624878,15.006,119,126,6.011751e-03,
41,O,0,0,1.2404078245162964,20.596,123,128,6.098754e-03,
41,O,1,0,0.8258184790611267,45.494,125,128,6.034594e-03,
41,O,2,0,0.7814241647720337,41.422,123,127,5.448607e-03,
41,O,3,0,0.9074154496192932,39.239,125,128,6.158140e-03,
41,O,4,0,0.7529245018959045,54.034,124,128,5.996077e-03,
41,O,5,0,1.1442550420761108,27.77,121,127,6.532775e-03,
41,O,6,0,0.6640193462371826,54.881,124,128,5.329367e-03,
41,O,7,0,1.0061805248260498,28.603,124,128,5.829994e-03,
41,O,8,0,1.6295796632766724,11.101,124,128,5.882118e-03,
41,O,9,0,1.2351139783859253,22.459,120,127,6.341484e-03,
41,O,10,0,1.0101314783096313,33.876,124,128,6.369513e-03,
41,O,11,0,1.0305060148239136,34.99,125,128,6.603997e-03,
41,O,12,0,0.6808703541755676,59.492,125,128,5.689561e-03,
41,O,13,0,0.8995922803878784,41.757,125,128,6.297864e-03,
41,O,14,0,0.5780191421508789,78.436,126,128,5.546069e-03,
41,O,15,0,0.9660822749137878,35.656,124,128,6.249796e-03,
41,O,16,1,1.0108299255371094,40.091,124,127,6.934066e-03,
41,O,17,1,0.6231167912483215,66.418,125,128,5.501681e-03,
41,O,18,1,0.9360129237174988,45.16,125,127,6.814667e-03,
41,O,19,1,1.2155262231826782,19.379,124,127,5.797128e-03,
41,O,20,1,0.9528446197509766,41.008,125,127,6.610561e-03,
41,O,21,1,0.848857581615448,50.455,125,127,6.532406e-03,
41,O,22,1,0.6433989405632019,51.461,125,128,5.000385e-03,
41,O,23,1,0.7789190411567688,60.68,125,128,6.573559e-03,
41,O,24,1,0.8427167534828186,40.363,123,127,5.800390e-03,
41,O,25,1,0.8905304670333862,45.532,124,128,6.510164e-03,
41,O,26,1,1.0117712020874023,36.172,123,128,6.592534e-03,
41,O,27,1,1.1320109367370605,21.572,125,128,5.696194e-03,
41,O,28,1,1.1713449954986572,22.647,123,128,6.039063e-03,
41,O,29,1,0.6097119450569153,73.249,125,128,5.653381e-03,
41,O,30,1,0.8952426910400391,48.798,125,128,6.775243e-03,
41,O,31,1,0.8904120922088623,42.807,123,128,6.311466e-03,
41,Q,0,0,1.8994439840316772,31.733,126,128,6.444419e-03,
41,Q,1,0,1.8874375820159912,31.317,126,128,6.363793e-03,
41,Q,2,0,2.302018165588379,19.652,125,128,6.140215e-03,
41,Q,3,0,1.7072563171386719,40.594,126,128,6.551162e-03,
41,Q,4,0,2.0196642875671387,21.249,122,128,5.602486e-03,
41,Q,5,0,2.6219425201416016,13.812,120,127,5.859070e-03,
41,Q,6,0,2.2001235485076904,18.259,125,128,5.654625e-03,
41,Q,7,0,1.8858619928359985,29.851,126,128,6.207023e-03,
41,Q,8,0,1.9215576648712158,31.333,126,128,6.476910e-03,
41,Q,9,0,2.5326132774353027,16.482,123,128,6.188480e-03,
41,Q,10,0,1.7084451913833618,40.566,126,128,6.552600e-03,
41,Q,11,0,1.6950637102127075,40.854,126,128,6.525265e-03,
41,Q,12,0,2.1295218467712402,22.252,124,128,6.027990e-03,
41,Q,13,0,1.6944780349731445,39.549,125,128,6.405469e-03,
41,Q,14,0,2.081296682357788,20.01,125,128,5.609099e-03,
41,Q,15,0,2.1199193000793457,23.708,125,128,6.214479e-03,
41,Q,16,1,1.561442494392395,47.15,126,128,6.453816e-03,
41,Q,17,1,2.098238945007324,16.052,123,128,5.060357e-03,
41,Q,18,1,1.6116679906845093,46.01,126,128,6.573441e-03,
41,Q,19,1,2.1701204776763916,21.011,125,128,5.987999e-03,
41,Q,20,1,1.6464347839355469,44.114,126,128,6.584060e-03,
41,Q,21,1,1.7942825555801392,36.156,125,128,6.493405e-03,
41,Q,22,1,2.3929922580718994,12.95,123,128,5.175245e-03,
41,Q,23,1,1.7458844184875488,37.891,125,128,6.464362e-03,
41,Q,24,1,2.557553291320801,14.09,124,128,5.779944e-03,
41,Q,25,1,1.9521729946136475,26.799,126,128,6.090993e-03,
41,Q,26,1,3.108011245727539,10.591,124,128,6.075308e-03,
41,Q,27,1,2.2858633995056152,19.346,125,128,6.052836e-03,
41,Q,28,1,2.1077699661254883,22.877,125,128,6.067002e-03,
41,Q,29,1,1.9416180849075317,22.569,121,127,5.524276e-03,
41,Q,30,1,1.6715428829193115,42.788,125,128,6.580740e-03,
41,Q,31,1,2.7130842208862305,13.09,125,128,5.905742e-03,
41,QK,0,0,2.6131646633148193,13.746,121,127,,0
41,QK,1,0,2.6179299354553223,13.882,120,127,,0
41,QK,2,0,3.069425582885742,9.356,119,127,,0
41,QK,3,0,2.4751927852630615,16.079,120,127,,0
41,QK,4,0,2.909684181213379,9.15,114,125,,0
41,QK,5,0,3.6495938301086426,7.043,112,124,,0
41,QK,6,0,3.02134108543396,8.04,120,127,,0
41,QK,7,0,2.4829370975494385,13.906,121,127,,0
41,QK,8,0,2.503054141998291,14.914,121,127,,0
41,QK,9,0,3.41282320022583,8.65,116,126,,0
41,QK,10,0,2.6466894149780273,14.574,119,127,,0
41,QK,11,0,2.5555317401885986,15.32,120,127,,0
41,QK,12,0,3.4342756271362305,7.843,117,126,,0
41,QK,13,0,2.743840456008911,13.288,119,127,,0
41,QK,14,0,2.8900976181030273,8.719,120,127,,0
41,QK,15,0,2.594709873199463,13.564,119,127,,0
41,QK,16,1,2.8078222274780273,11.963,117,126,,0
41,QK,17,1,3.3607261180877686,5.356,114,125,,0
41,QK,18,1,2.873488426208496,11.966,117,126,,0
41,QK,19,1,2.6767561435699463,10.022,119,127,,0
41,QK,20,1,2.537574291229248,14.806,118,126,,0
41,QK,21,1,2.9171817302703857,11.147,117,126,,0
41,QK,22,1,3.6247682571411133,4.888,114,125,,0
41,QK,23,1,3.0874826908111572,10.133,116,126,,0
41,QK,24,1,3.1930620670318604,7.105,117,126,,0
41,QK,25,1,2.462892532348633,12.891,118,127,,0
41,QK,26,1,2.7804529666900635,8.973,118,126,,0
41,QK,27,1,2.8262550830841064,9.465,119,127,,0
41,QK,28,1,2.5417773723602295,11.009,120,127,,0
41,QK,29,1,3.6751999855041504,5.815,110,124,,0
41,QK,30,1,2.646613359451294,13.668,116,126,,0
41,QK,31,1,2.3642959594726562,11.778,119,127,,0
41,V,0,0,1.2934050559997559,57.635,125,128,5.940242e-03,
41,V,1,1,1.192543625831604,76.539,123,127,6.313172e-03,
41,VO,0,0,1.0318334102630615,22.353,121,127,,
41,VO,1,0,0.8217977285385132,35.612,122,127,,
41,VO,2,0,0.7560270428657532,34.095,121,127,,
41,VO,3,0,0.9984987378120422,24.916,123,128,,
41,VO,4,0,0.6795771718025208,50.504,122,127,,
41,VO,5,0,1.0339804887771606,26.726,117,126,,
41,VO,6,0,0.6348626613616943,43.416,123,128,,
41,VO,7,0,0.8853497505187988,28.512,122,128,,
41,VO,8,0,1.3374449014663696,12.465,122,128,,
41,VO,9,0,1.1256673336029053,21.577,117,126,,
41,VO,10,0,1.0880546569824219,22.63,122,127,,
41,VO,11,0,1.0473886728286743,25.875,123,127,,
41,VO,12,0,0.7011305689811707,42.331,123,128,,
41,VO,13,0,0.8922779560089111,32.861,123,127,,
41,VO,14,0,0.6258330941200256,51.167,123,128,,
41,VO,15,0,1.0247787237167358,24.592,121,127,,
41,VO,16,1,0.947805643081665,39.448,122,126,,
41,VO,17,1,0.5589674711227417,71.853,121,126,,
41,VO,18,1,0.8496584892272949,47.282,122,126,,
41,VO,19,1,1.0968002080917358,20.552,121,126,,
41,VO,20,1,0.8610394597053528,43.203,122,126,,
41,VO,21,1,0.8191779255867004,46.933,121,126,,
41,VO,22,1,0.6458237171173096,44.245,122,126,,
41,VO,23,1,0.7136930227279663,62.182,122,126,,
41,VO,24,1,0.807774543762207,38.508,121,126,,
41,VO,25,1,0.8380699157714844,44.995,121,126,,
41,VO,26,1,0.941785991191864,36.42,120,126,,
41,VO,27,1,0.9678894877433777,25.028,122,126,,
41,VO,28,1,1.0518232583999634,24.505,120,126,,
41,VO,29,1,0.6496186852455139,55.293,122,127,,
41,VO,30,1,0.8217624425888062,49.942,122,126,,
41,VO,31,1,0.8396080136299133,42.379,119,126,,
42,G,0,0,2.899718761444092,11.48,122,127,6.879156e-03,
42,G,1,0,2.990093946456909,9.687,124,128,6.510612e-03,
42,G,2,0,3.060061454772949,10.986,124,128,7.090826e-03,
42,G,3,0,2.69921612739563,6.429,110,126,4.759426e-03,
42,G,4,0,2.9101784229278564,6.539,125,128,5.197971e-03,
42,G,5,0,3.263577699661255,7.257,115,127,6.176226e-03,
42,G,6,0,2.842022657394409,11.218,125,128,6.667846e-03,
42,G,7,0,2.8207342624664307,11.022,125,128,6.562013e-03,
42,G,8,0,2.964003086090088,10.743,125,128,6.803303e-03,
42,G,9,0,2.900315523147583,11.092,124,127,6.769714e-03,
42,G,10,0,2.8390719890594482,8.299,122,128,5.697738e-03,
42,G,11,0,2.644040107727051,10.974,110,125,6.136262e-03,
42,G,12,0,2.9371087551116943,11.38,123,127,6.938877e-03,
42,G,13,0,2.7671937942504883,5.313,101,122,4.446619e-03,
42,G,14,0,2.930030584335327,10.796,125,128,6.748504e-03,
42,G,15,0,2.6624763011932373,12.286,124,128,6.541607e-03,
42,G,16,1,2.8897533416748047,7.542,122,128,5.555083e-03,
42,G,17,1,2.7175190448760986,9.561,123,128,5.879492e-03,
42,G,18,1,2.867885112762451,10.071,123,128,6.373522e-03,
42,G,19,1,2.7154664993286133,9.324,124,128,5.809627e-03,
42,G,20,1,2.1960456371307373,9.136,124,128,4.671158e-03,
42,G,21,1,2.946437358856201,8.989,123,128,6.181100e-03,
42,G,22,1,2.872838258743286,6.985,122,127,5.286574e-03,
42,G,23,1,2.7923245429992676,9.797,124,128,6.124582e-03,
42,G,24,1,2.768810272216797,9.242,124,128,5.887465e-03,
42,G,25,1,3.0129222869873047,8.554,120,127,6.147509e-03,
42,G,26,1,2.9975173473358154,8.24,125,128,6.049960e-03,
42,G,27,1,3.014427423477173,8.289,121,127,6.061565e-03,
42,G,28,1,2.8665106296539307,10.791,125,128,6.599796e-03,
42,G,29,1,2.9582860469818115,9.84,125,128,6.485890e-03,
42,G,30,1,2.765963077545166,8.924,120,126,5.777202e-03,
42,G,31,1,2.78322696685791,10.083,122,128,6.183022e-03,
42,K,0,0,2.432668447494507,12.457,121,127,5.987961e-03,
42,K,1,1,2.631248950958252,11.871,120,127,6.267302e-03,
42,O,0,0,0.9879470467567444,37.77,122,127,6.577992e-03,
42,O,1,0,0.907564103603363,38.241,124,128,6.080301e-03,
42,O,2,0,0.9683988094329834,41.199,124,128,6.734127e-03,
42,O,3,0,0.7516621947288513,41.801,123,127,5.265039e-03,
42,O,4,0,1.0264312028884888,29.25,123,128,6.014145e-03,
42,O,5,0,0.7879043221473694,53.917,123,128,6.267892e-03,
42,O,6,0,0.9885271787643433,38.05,124,127,6.606177e-03,
42,O,7,0,0.9491351246833801,40.074,123,128,6.509431e-03,
42,O,8,0,1.0073347091674805,35.36,124,127,6.489516e-03,
42,O,9,0,0.9803501963615417,36.354,124,128,6.403856e-03,
42,O,10,0,1.1858657598495483,21.595,122,128,5.970237e-03,
42,O,11,0,0.8804824352264404,41.139,123,128,6.118338e-03,
42,O,12,0,0.892071008682251,46.48,124,128,6.588971e-03,
42,O,13,0,0.6596999168395996,55.24,122,127,5.311986e-03,
42,O,14,0,0.9455867409706116,40.539,124,128,6.522603e-03,
42,O,15,0,0.9447715878486633,41.133,123,127,6.564541e-03,
42,O,16,1,0.7686938047409058,45.791,124,128,5.635457e-03,
42,O,17,1,0.8188555836677551,45.841,124,128,6.006425e-03,
42,O,18,1,1.0005465745925903,36.177,124,128,6.519835e-03,
42,O,19,1,0.7715173363685608,44.221,124,128,5.558349e-03,
42,O,20,1,0.6841820478439331,56.708,125,128,5.581852e-03,
42,O,21,1,0.8780921101570129,41.271,122,128,6.111521e-03,
42,O,22,1,0.7782738208770752,41.622,124,128,5.439745e-03,
42,O,23,1,0.9411441087722778,34.651,124,128,6.002041e-03,
42,O,24,1,0.8329756855964661,41.929,124,128,5.843474e-03,
42,O,25,1,1.045164704322815,26.533,122,127,5.832569e-03,
42,O,26,1,0.9277985692024231,42.749,124,128,6.572077e-03,
42,O,27,1,0.9118607044219971,38.581,123,128,6.136221e-03,
42,O,28,1,1.0528068542480469,31.889,124,128,6.441043e-03,
42,O,29,1,0.9660927057266235,36.418,124,128,6.316227e-03,
42,O,30,1,0.7782197594642639,43.933,123,128,5.588345e-03,
42,O,31,1,1.0247535705566406,29.9,124,128,6.070743e-03,
42,Q,0,0,2.4062063694000244,13.451,125,128,6.195908e-03,
42,Q,1,0,1.518782138824463,35.27,126,128,6.369091e-03,
42,Q,2,0,1.7316256761550903,29.541,126,128,6.636333e-03,
42,Q,3,0,2.310668468475342,12.529,125,128,5.697403e-03,
42,Q,4,0,1.5891896486282349,32.805,125,128,6.338458e-03,
42,Q,5,0,1.3420530557632446,30.341,122,128,5.146419e-03,
42,Q,6,0,1.5668381452560425,28.473,125,128,5.839234e-03,
42,Q,7,0,1.2887965440750122,50.28,126,128,6.456845e-03,
42,Q,8,0,1.264257788658142,49.376,126,128,6.276885e-03,
42,Q,9,0,1.357111930847168,45.82,126,128,6.486967e-03,
42,Q,10,0,1.9198352098464966,20.225,125,128,6.010596e-03,
42,Q,11,0,1.5133453607559204,31.363,125,128,5.963322e-03,
42,Q,12,0,1.5920765399932861,32.207,126,128,6.372018e-03,
42,Q,13,0,2.0662543773651123,13.05,124,128,5.187705e-03,
42,Q,14,0,1.3373101949691772,38.263,126,128,5.852740e-03,
42,Q,15,0,1.6137773990631104,27.381,125,128,5.909076e-03,
42,Q,16,1,1.7052149772644043,26.439,125,128,6.161953e-03,
42,Q,17,1,1.504396915435791,34.116,126,128,6.190434e-03,
42,Q,18,1,1.4956061840057373,38.436,126,128,6.527921e-03,
42,Q,19,1,1.3153858184814453,46.417,126,128,6.321785e-03,
42,Q,20,1,1.6903133392333984,24.159,125,128,5.850792e-03,
42,Q,21,1,1.6374918222427368,26.053,125,128,5.879506e-03,
42,Q,22,1,1.4757349491119385,36.124,126,128,6.240582e-03,
42,Q,23,1,1.3962079286575317,37.465,125,128,6.026572e-03,
42,Q,24,1,1.3234368562698364,43.979,126,128,6.185842e-03,
42,Q,25,1,1.9210385084152222,20.444,125,128,6.085658e-03,
42,Q,26,1,1.5368698835372925,34.74,125,128,6.337277e-03,
42,Q,27,1,1.9225131273269653,22.362,125,128,6.375807e-03,
42,Q,28,1,1.4336222410202026,37.313,125,128,6.158703e-03,
42,Q,29,1,1.3260579109191895,46.062,126,128,6.353154e-03,
42,Q,30,1,1.7995009422302246,24.618,125,128,6.242846e-03,
42,Q,31,1,1.4848641157150269,34.686,126,128,6.162720e-03,
42,QK,0,0,2.29610538482666,8.039,120,127,,0
42,QK,1,0,2.3680574893951416,8.816,120,127,,0
42,QK,2,0,2.3510704040527344,9.249,120,127,,0
42,QK,3,0,2.339538335800171,6.485,121,127,,0
42,QK,4,0,3.0655570030212402,5.705,117,126,,0
42,QK,5,0,2.5786662101745605,5.574,113,125,,0
42,QK,6,0,2.0543949604034424,9.528,120,127,,0
42,QK,7,0,2.416006326675415,8.459,121,127,,0
42,QK,8,0,2.429616689682007,8.018,120,127,,0
42,QK,9,0,2.40610933303833,8.65,120,127,,0
42,QK,10,0,2.512857437133789,6.907,120,127,,0
42,QK,11,0,2.4643733501434326,7.017,121,127,,0
42,QK,12,0,2.9132723808288574,6.026,120,127,,0
42,QK,13,0,2.3937594890594482,5.48,119,127,,0
42,QK,14,0,2.4307971000671387,7.077,120,127,,0
42,QK,15,0,2.631173849105835,6.216,119,127,,0
42,QK,16,1,3.2694482803344727,5.254,117,126,,0
42,QK,17,1,2.7209084033966064,7.103,119,127,,0
42,QK,18,1,2.6880218982696533,8.038,118,127,,0
42,QK,19,1,2.5066192150115967,8.313,119,127,,0
42,QK,20,1,2.5682578086853027,6.815,119,127,,0
42,QK,21,1,2.5910019874572754,7.14,118,127,,0
42,QK,22,1,2.4589405059814453,8.164,120,127,,0
42,QK,23,1,2.6140458583831787,7.083,118,127,,0
42,QK,24,1,2.6682167053222656,7.223,119,127,,0
42,QK,25,1,3.187600612640381,5.456,117,126,,0
42,QK,26,1,2.7621028423309326,7.331,117,126,,0
42,QK,27,1,2.7522644996643066,7.011,119,127,,0
42,QK,28,1,2.508208990097046,8.237,119,127,,0
42,QK,29,1,2.3661105632781982,9.199,120,127,,0
42,QK,30,1,3.4320008754730225,5.017,117,126,,0
42,QK,31,1,2.6715052127838135,7.108,118,127,,0
42,V,0,0,1.7830851078033447,24.616,123,128,6.184991e-03,
42,V,1,1,1.5316780805587769,32.096,123,127,6.073149e-03,
42,VO,0,0,1.0955908298492432,19.837,116,125,,
42,VO,1,0,1.0496368408203125,18.231,118,127,,
42,VO,2,0,1.1437088251113892,18.38,119,126,,
42,VO,3,0,0.8504971861839294,22.246,116,126,,
42,VO,4,0,0.9106044769287109,23.462,117,126,,
42,VO,5,0,1.0234144926071167,21.708,116,126,,
42,VO,6,0,1.2454900741577148,15.303,118,126,,
42,VO,7,0,1.189672827720642,16.546,117,126,,
42,VO,8,0,1.1940199136734009,15.925,118,126,,
42,VO,9,0,1.0916876792907715,18.425,119,126,,
42,VO,10,0,1.0926460027694702,17.182,115,126,,
42,VO,11,0,0.9897111058235168,22.19,116,126,,
42,VO,12,0,1.126349925994873,18.383,118,126,,
42,VO,13,0,0.7052466869354248,30.697,116,126,,
42,VO,14,0,1.0692033767700195,20.408,117,126,,
42,VO,15,0,1.140671968460083,18.048,118,126,,
42,VO,16,1,0.9334378242492676,19.8,119,126,,
42,VO,17,1,1.127520203590393,15.281,118,126,,
42,VO,18,1,1.037351369857788,20.736,119,127,,
42,VO,19,1,1.0437718629837036,15.212,120,127,,
42,VO,20,1,0.8273048400878906,24.61,120,127,,
42,VO,21,1,0.9439520835876465,22.288,119,126,,
42,VO,22,1,1.0901641845703125,13.527,119,126,,
42,VO,23,1,1.1683586835861206,14.336,119,126,,
42,VO,24,1,1.0815891027450562,16.142,118,126,,
42,VO,25,1,1.035936951637268,16.982,118,126,,
42,VO,26,1,0.9006295800209045,27.54,120,126,,
42,VO,27,1,1.1174230575561523,16.324,119,126,,
42,VO,28,1,1.2642897367477417,13.727,120,126,,
42,VO,29,1,1.0532854795455933,18.386,121,127,,
42,VO,30,1,0.8771030902862549,21.98,118,126,,
42,VO,31,1,1.3301081657409668,11.516,119,126,,
43,G,0,0,2.6603994369506836,7.915,124,127,7.465778e-03,
43,G,1,0,2.9950623512268066,7.492,125,128,8.191011e-03,
43,G,2,0,2.0801033973693848,8.087,125,128,5.911904e-03,
43,G,3,0,2.6065564155578613,8.964,124,128,7.798796e-03,
43,G,4,0,3.4313387870788574,3.847,123,128,6.663179e-03,
43,G,5,0,2.8552181720733643,6.098,125,128,7.046004e-03,
43,G,6,0,2.4295568466186523,6.213,120,127,6.021961e-03,
43,G,7,0,2.872603416442871,7.57,124,128,7.946787e-03,
43,G,8,0,2.720266103744507,7.597,123,128,7.425942e-03,
43,G,9,0,2.7984964847564697,7.977,123,128,7.871340e-03,
43,G,10,0,2.953158378601074,5.107,122,128,6.642239e-03,
43,G,11,0,2.724818229675293,7.668,123,128,7.517612e-03,
43,G,12,0,2.9908931255340576,4.364,124,128,6.209465e-03,
43,G,13,0,2.268242835998535,8.98,124,128,6.766420e-03,
43,G,14,0,2.831056594848633,6.553,123,128,7.250692e-03,
43,G,15,0,2.9165258407592773,5.103,123,128,6.533285e-03,
43,G,16,1,2.7108302116394043,3.32,125,128,4.855326e-03,
43,G,17,1,2.647139072418213,3.442,126,128,4.825784e-03,
43,G,18,1,3.3076889514923096,3.392,126,128,6.058306e-03,
43,G,19,1,2.6467642784118652,3.437,125,128,4.845239e-03,
43,G,20,1,2.6671626567840576,3.421,126,128,4.840585e-03,
43,G,21,1,2.5904080867767334,3.796,126,128,5.006639e-03,
43,G,22,1,2.6397876739501953,3.471,125,128,4.866483e-03,
43,G,23,1,2.6665854454040527,3.442,126,128,4.863239e-03,
43,G,24,1,2.676860809326172,3.318,126,128,4.783261e-03,
43,G,25,1,2.6801555156707764,3.269,126,128,4.741697e-03,
43,G,26,1,2.5841925144195557,3.652,125,128,4.882848e-03,
43,G,27,1,2.532064199447632,4.48,125,128,4.875148e-03,
43,G,28,1,2.726254463195801,3.243,126,128,4.818250e-03,
43,G,29,1,2.737647533416748,3.59,125,128,5.139727e-03,
43,G,30,1,2.6142916679382324,3.527,125,128,4.848672e-03,
43,G,31,1,2.652923583984375,3.471,126,128,4.859518e-03,
43,K,0,0,1.3462718725204468,24.822,124,127,5.825129e-03,
43,K,1,1,1.747431993484497,19.109,124,127,6.418276e-03,
43,O,0,0,1.2775025367736816,22.401,120,127,6.550529e-03,
43,O,1,0,1.1769505739212036,27.344,122,127,6.667685e-03,
43,O,2,0,0.944328248500824,27.849,123,127,5.399027e-03,
43,O,3,0,1.2859420776367188,23.208,123,127,6.711503e-03,
43,O,4,0,1.002597451210022,25.217,122,128,5.454513e-03,
43,O,5,0,0.9380424618721008,35.134,123,128,6.023805e-03,
43,O,6,0,0.8274731636047363,38.778,122,127,5.582542e-03,
43,O,7,0,1.133751630783081,27.927,123,127,6.491054e-03,
43,O,8,0,0.9634507298469543,36.705,122,127,6.323802e-03,
43,O,9,0,1.2130061388015747,24.141,122,127,6.456968e-03,
43,O,10,0,0.8356338143348694,40.997,122,128,5.796658e-03,
43,O,11,0,1.2550393342971802,22.64,120,127,6.469628e-03,
43,O,12,0,0.9687350988388062,26.769,123,128,5.430023e-03,
43,O,13,0,0.9251730442047119,35.062,122,127,5.935075e-03,
43,O,14,0,0.9424229264259338,37.407,122,127,6.244658e-03,
43,O,15,0,1.0928102731704712,23.164,122,127,5.698219e-03,
43,O,16,1,1.1116329431533813,26.906,126,128,6.246938e-03,
43,O,17,1,0.9216090440750122,36.845,126,128,6.060665e-03,
43,O,18,1,0.9509762525558472,36.026,126,128,6.183932e-03,
43,O,19,1,1.3238321542739868,18.86,126,128,6.228595e-03,
43,O,20,1,0.8830997943878174,42.289,126,128,6.221699e-03,
43,O,21,1,1.3439854383468628,17.926,125,128,6.164837e-03,
43,O,22,1,1.4438942670822144,15.988,126,128,6.254757e-03,
43,O,23,1,0.8830956220626831,42.598,126,128,6.244328e-03,
43,O,24,1,1.023660659790039,31.798,126,128,6.253750e-03,
43,O,25,1,0.9573742151260376,35.692,126,128,6.196604e-03,
43,O,26,1,1.3009248971939087,19.432,125,128,6.212835e-03,
43,O,27,1,2.8281145095825195,3.039,124,128,5.341564e-03,
43,O,28,1,0.9249584674835205,39.06,126,128,6.262825e-03,
43,O,29,1,1.2085373401641846,22.025,125,128,6.144737e-03,
43,O,30,1,1.3028135299682617,19.449,125,128,6.224712e-03,
43,O,31,1,0.8347132802009583,48.798,126,128,6.317166e-03,
43,Q,0,0,1.292602777481079,20.859,125,128,5.952077e-03,
43,Q,1,0,1.796302318572998,12.431,124,128,6.366158e-03,
43,Q,2,0,1.4665677547454834,8.447,125,128,4.155038e-03,
43,Q,3,0,1.3607443571090698,20.038,125,128,6.046847e-03,
43,Q,4,0,1.2823902368545532,24.56,122,128,6.606769e-03,
43,Q,5,0,1.4589132070541382,20.746,124,128,6.541979e-03,
43,Q,6,0,1.2596712112426758,15.684,124,128,4.581705e-03,
43,Q,7,0,1.2894291877746582,24.83,124,128,6.493550e-03,
43,Q,8,0,1.5093494653701782,16.479,123,128,6.035303e-03,
43,Q,9,0,1.3974248170852661,18.293,124,128,6.011743e-03,
43,Q,10,0,1.284144639968872,21.526,124,128,5.872930e-03,
43,Q,11,0,1.517398476600647,18.962,124,128,6.482388e-03,
43,Q,12,0,1.4967362880706787,18.347,124,128,6.346545e-03,
43,Q,13,0,1.4168468713760376,15.45,125,128,5.439834e-03,
43,Q,14,0,1.174206256866455,26.786,124,128,5.946825e-03,
43,Q,15,0,1.4536861181259155,18.202,123,128,6.144083e-03,
43,Q,16,1,1.6935876607894897,16.869,124,128,6.467494e-03,
43,Q,17,1,1.6790058612823486,17.68,124,128,6.558313e-03,
43,Q,18,1,1.7639082670211792,13.006,125,128,6.414314e-03,
43,Q,19,1,1.7217774391174316,16.377,124,128,6.465361e-03,
43,Q,20,1,1.6593343019485474,16.543,124,128,6.260551e-03,
43,Q,21,1,1.724875807762146,16.105,124,128,6.428317e-03,
43,Q,22,1,1.7553383111953735,16.125,123,128,6.529050e-03,
43,Q,23,1,1.658092975616455,16.423,124,128,6.236338e-03,
43,Q,24,1,1.6933664083480835,16.606,123,128,6.424435e-03,
43,Q,25,1,1.7078818082809448,16.422,123,128,6.427180e-03,
43,Q,26,1,1.7530308961868286,15.971,124,128,6.476666e-03,
43,Q,27,1,1.4842581748962402,8.529,125,128,3.919113e-03,
43,Q,28,1,1.6472927331924438,16.518,123,128,6.244802e-03,
43,Q,29,1,1.7024481296539307,16.073,124,128,6.381973e-03,
43,Q,30,1,1.735715389251709,16.259,124,128,6.487877e-03,
43,Q,31,1,1.6742876768112183,16.045,123,128,6.248370e-03,
43,QK,0,0,0.7651748061180115,20.584,122,127,,1
43,QK,1,0,0.9466327428817749,15.114,122,127,,1
43,QK,2,0,0.5715707540512085,17.354,123,127,,1
43,QK,3,0,0.7311598062515259,23.406,123,127,,1
43,QK,4,0,0.6536417007446289,30.384,120,126,,1
43,QK,5,0,0.7761151790618896,24.699,122,127,,1
43,QK,6,0,0.5721465945243835,23.151,122,127,,1
43,QK,7,0,0.6816917061805725,30.136,122,127,,1
43,QK,8,0,0.9075496792793274,16.522,121,127,,1
43,QK,9,0,0.8236478567123413,18.329,121,127,,1
43,QK,10,0,0.6179949641227722,30.031,122,127,,1
43,QK,11,0,0.7956153154373169,23.359,122,127,,1
43,QK,12,0,0.752691924571991,24.667,122,127,,1
43,QK,13,0,0.7944989800453186,17.02,123,127,,1
43,QK,14,0,0.6495112776756287,29.027,122,127,,1
43,QK,15,0,0.8303177952766418,20.761,119,127,,1
43,QK,16,1,1.0983399152755737,17.173,122,127,,1
43,QK,17,1,1.0876339673995972,17.999,122,127,,1
43,QK,18,1,0.9186806678771973,18.152,124,128,,1
43,QK,19,1,1.100680947303772,16.994,122,127,,1
43,QK,20,1,1.0706591606140137,17.0,122,127,,1
43,QK,21,1,1.102874755859375,16.693,122,127,,1
43,QK,22,1,1.1251181364059448,16.651,122,127,,1
43,QK,23,1,1.0691347122192383,16.947,122,127,,1
43,QK,24,1,1.0763859748840332,17.531,122,127,,1
43,QK,25,1,1.073303461074829,17.836,122,127,,1
43,QK,26,1,1.1059387922286987,17.069,122,127,,1
43,QK,27,1,1.0686882734298706,6.99,122,128,,1
43,QK,28,1,1.021511197090149,18.462,122,127,,1
43,QK,29,1,1.0794955492019653,16.877,123,128,,1
43,QK,30,1,1.1037741899490356,17.112,122,127,,1
43,QK,31,1,1.0596917867660522,17.142,122,127,,1
43,V,0,0,1.0712782144546509,49.881,123,128,7.026245e-03,
43,V,1,1,0.736534833908081,70.551,125,127,5.075867e-03,
43,VO,0,0,0.7989339828491211,26.155,117,124,,
43,VO,1,0,1.0671309232711792,15.843,117,126,,
43,VO,2,0,0.5751731395721436,34.249,118,126,,
43,VO,3,0,0.789879560470581,28.026,118,126,,
43,VO,4,0,0.6263048052787781,28.546,118,126,,
43,VO,5,0,0.6229443550109863,35.82,120,126,,
43,VO,6,0,0.7054323554039001,24.897,117,126,,
43,VO,7,0,0.8177552819252014,24.772,118,125,,
43,VO,8,0,0.6694858074188232,34.849,118,126,,
43,VO,9,0,0.8475064635276794,23.122,117,126,,
43,VO,10,0,0.5852190852165222,38.332,118,126,,
43,VO,11,0,0.8022667169570923,24.815,117,125,,
43,VO,12,0,0.6137171983718872,29.864,119,126,,
43,VO,13,0,0.6063629388809204,37.39,117,126,,
43,VO,14,0,0.7029684782028198,30.43,119,125,,
43,VO,15,0,0.7367022037506104,23.507,117,126,,
43,VO,16,1,0.3955225944519043,61.318,124,128,,
43,VO,17,1,0.3753615617752075,64.472,124,127,,
43,VO,18,1,0.37320676445961,68.209,125,128,,
43,VO,19,1,0.374790221452713,66.16,125,128,,
43,VO,20,1,0.39598584175109863,61.265,124,127,,
43,VO,21,1,0.39921197295188904,56.907,125,128,,
43,VO,22,1,0.4124460816383362,54.562,125,128,,
43,VO,23,1,0.41224417090415955,57.124,124,127,,
43,VO,24,1,0.4004545211791992,60.06,124,128,,
43,VO,25,1,0.39685675501823425,60.171,124,128,,
43,VO,26,1,0.38843491673469543,61.571,124,128,,
43,VO,27,1,0.4356306195259094,26.842,125,128,,
43,VO,28,1,0.38382914662361145,66.593,124,127,,
43,VO,29,1,0.39750954508781433,57.413,124,128,,
43,VO,30,1,0.412308007478714,54.557,125,128,,
43,VO,31,1,0.3997633159160614,62.735,124,127,,
44,G,0,0,2.6994643211364746,9.745,125,128,6.583343e-03,
44,G,1,0,3.163694143295288,7.792,124,128,6.787112e-03,
44,G,2,0,3.01455020904541,8.802,124,128,6.993524e-03,
44,G,3,0,2.9768950939178467,8.064,123,128,6.612177e-03,
44,G,4,0,3.120356559753418,9.324,124,128,7.417429e-03,
44,G,5,0,3.1998891830444336,8.393,124,128,7.142109e-03,
44,G,6,0,3.577049493789673,6.501,110,125,6.932053e-03,
44,G,7,0,2.685946226119995,8.794,123,128,6.224747e-03,
44,G,8,0,3.1062192916870117,9.457,124,128,7.461040e-03,
44,G,9,0,2.696690797805786,6.083,122,128,5.202690e-03,
44,G,10,0,3.1518807411193848,8.329,122,127,7.050855e-03,
44,G,11,0,3.1483867168426514,9.179,124,128,7.441173e-03,
44,G,12,0,3.373884916305542,8.278,124,128,7.632957e-03,
44,G,13,0,3.1004512310028076,9.484,123,128,7.430310e-03,
44,G,14,0,2.9802393913269043,10.368,124,127,7.510590e-03,
44,G,15,0,3.102728843688965,8.628,123,128,7.073062e-03,
44,G,16,1,2.947115898132324,4.354,126,128,4.826381e-03,
44,G,17,1,3.3952367305755615,3.489,126,128,4.911355e-03,
44,G,18,1,2.829965114593506,4.788,126,128,4.861070e-03,
44,G,19,1,3.378485918045044,3.462,126,128,4.865573e-03,
44,G,20,1,3.2986371517181396,3.555,126,128,4.829953e-03,
44,G,21,1,3.5468263626098633,3.193,126,128,4.901144e-03,
44,G,22,1,2.746462345123291,4.52,126,128,4.564843e-03,
44,G,23,1,2.7384984493255615,5.289,126,128,4.975243e-03,
44,G,24,1,2.8060507774353027,5.391,126,128,5.141168e-03,
44,G,25,1,2.907069206237793,4.846,125,128,5.063769e-03,
44,G,26,1,2.8712306022644043,4.66,126,128,4.877773e-03,
44,G,27,1,2.591503858566284,5.422,126,128,4.757843e-03,
44,G,28,1,3.2184464931488037,9.704,123,128,7.743683e-03,
44,G,29,1,2.844580888748169,4.795,125,128,4.924926e-03,
44,G,30,1,2.999734878540039,3.994,125,128,4.699396e-03,
44,G,31,1,2.8904809951782227,5.186,125,128,5.212925e-03,
44,K,0,0,2.428384304046631,15.241,120,126,7.239423e-03,
44,K,1,1,2.297058582305908,10.174,101,121,4.765796e-03,
44,O,0,0,0.8502108454704285,45.333,123,128,6.201805e-03,
44,O,1,0,1.0170003175735474,31.51,124,128,6.184877e-03,
44,O,2,0,0.7844746112823486,49.379,124,128,5.972215e-03,
44,O,3,0,0.8246528506278992,34.955,123,128,5.282117e-03,
44,O,4,0,0.8898221850395203,43.437,124,128,6.353564e-03,
44,O,5,0,0.8841719627380371,41.071,124,128,6.138883e-03,
44,O,6,0,1.0416903495788574,27.346,121,127,5.901580e-03,
44,O,7,0,0.8545700311660767,41.654,123,128,5.975291e-03,
44,O,8,0,1.0945500135421753,31.347,124,128,6.639235e-03,
44,O,9,0,0.6883677244186401,47.549,123,128,5.142492e-03,
44,O,10,0,1.1235090494155884,27.501,122,128,6.383156e-03,
44,O,11,0,0.827296793460846,46.756,124,128,6.128623e-03,
44,O,12,0,0.8984079360961914,47.589,124,128,6.714428e-03,
44,O,13,0,1.2648903131484985,22.654,122,128,6.522495e-03,
44,O,14,0,1.0763952732086182,32.895,123,127,6.688410e-03,
44,O,15,0,0.9621828198432922,37.173,123,128,6.355622e-03,
44,O,16,1,1.6075468063354492,10.364,125,128,5.606658e-03,
44,O,17,1,0.7791670560836792,54.042,125,128,6.205571e-03,
44,O,18,1,1.253054141998291,17.977,125,128,5.755957e-03,
44,O,19,1,0.9801393747329712,34.013,125,128,6.192905e-03,
44,O,20,1,1.9091978073120117,8.872,125,128,6.160882e-03,
44,O,21,1,1.8045648336410522,10.134,125,128,6.223565e-03,
44,O,22,1,1.5732539892196655,10.885,125,128,5.623500e-03,
44,O,23,1,1.948885202407837,7.83,124,128,5.908306e-03,
44,O,24,1,1.5681673288345337,12.325,125,128,5.964477e-03,
44,O,25,1,2.151024341583252,6.757,124,128,6.057775e-03,
44,O,26,1,1.6780513525009155,10.542,124,128,5.902610e-03,
44,O,27,1,1.619976282119751,10.743,125,128,5.752511e-03,
44,O,28,1,1.5705969333648682,20.159,119,127,7.639776e-03,
44,O,29,1,2.106663703918457,6.991,124,128,6.034697e-03,
44,O,30,1,1.9118027687072754,8.377,124,128,5.994627e-03,
44,O,31,1,1.3878587484359741,15.987,124,128,6.011984e-03,
44,Q,0,0,1.7352670431137085,20.726,123,127,6.164157e-03,
44,Q,1,0,1.7415484189987183,23.373,124,128,6.579379e-03,
44,Q,2,0,2.048819065093994,16.009,123,127,6.419194e-03,
44,Q,3,0,1.4831701517105103,28.561,125,128,6.266880e-03,
44,Q,4,0,1.6363067626953125,25.682,124,128,6.534708e-03,
44,Q,5,0,1.7856314182281494,20.673,123,128,6.359586e-03,
44,Q,6,0,1.8550938367843628,17.558,124,128,5.974237e-03,
44,Q,7,0,1.6309481859207153,22.474,124,128,6.082856e-03,
44,Q,8,0,1.6801605224609375,26.58,124,128,6.815591e-03,
44,Q,9,0,1.8818211555480957,15.051,120,127,5.668436e-03,
44,Q,10,0,1.730871558189392,18.777,121,126,5.771920e-03,
44,Q,11,0,1.5355721712112427,28.575,124,128,6.493233e-03,
44,Q,12,0,1.47317636013031,29.905,124,128,6.325721e-03,
44,Q,13,0,1.6267203092575073,22.376,123,127,5.986791e-03,
44,Q,14,0,1.7657256126403809,22.546,123,127,6.589441e-03,
44,Q,15,0,1.6764143705368042,23.625,123,127,6.333661e-03,
44,Q,16,1,2.1560072898864746,12.351,119,127,5.658442e-03,
44,Q,17,1,2.270721435546875,12.654,121,127,6.196057e-03,
44,Q,18,1,2.186457633972168,13.038,119,127,5.855100e-03,
44,Q,19,1,2.2107322216033936,12.441,121,127,5.989133e-03,
44,Q,20,1,2.2654857635498047,13.085,121,128,6.299307e-03,
44,Q,21,1,2.1684985160827637,12.669,122,128,5.924831e-03,
44,Q,22,1,2.160675048828125,15.161,121,127,6.212624e-03,
44,Q,23,1,2.243041515350342,12.954,118,127,5.956210e-03,
44,Q,24,1,2.2247819900512695,13.029,119,127,5.938391e-03,
44,Q,25,1,2.3407862186431885,11.805,116,127,5.915169e-03,
44,Q,26,1,2.2230966091156006,12.369,119,127,5.791522e-03,
44,Q,27,1,2.257497549057007,11.72,118,127,5.723897e-03,
44,Q,28,1,2.215772867202759,14.665,124,128,6.583707e-03,
44,Q,29,1,2.2279138565063477,12.195,116,127,5.700162e-03,
44,Q,30,1,2.2673797607421875,12.021,117,127,5.787160e-03,
44,Q,31,1,2.305776834487915,12.342,118,127,5.971036e-03,
44,QK,0,0,2.66796875,7.285,113,125,,0
44,QK,1,0,2.174511194229126,9.681,119,127,,0
44,QK,2,0,2.2410314083099365,8.933,117,126,,0
44,QK,3,0,2.2512288093566895,8.559,119,127,,0
44,QK,4,0,2.0371484756469727,10.806,119,126,,0
44,QK,5,0,1.986950397491455,10.396,120,126,,0
44,QK,6,0,1.9253456592559814,9.109,121,127,,0
44,QK,7,0,2.1511998176574707,8.531,119,127,,0
44,QK,8,0,1.968063473701477,12.954,118,126,,0
44,QK,9,0,2.405405044555664,6.286,116,125,,0
44,QK,10,0,2.8705544471740723,6.751,108,123,,0
44,QK,11,0,1.982112169265747,11.441,118,126,,0
44,QK,12,0,2.285646915435791,9.728,116,125,,0
44,QK,13,0,2.528292179107666,7.953,114,125,,0
44,QK,14,0,2.2521116733551025,9.684,116,125,,0
44,QK,15,0,2.650392532348633,8.078,114,125,,0
44,QK,16,1,1.875268816947937,6.907,93,116,,0
44,QK,17,1,2.167288064956665,5.161,97,117,,0
44,QK,18,1,1.9120099544525146,7.288,92,116,,0
44,QK,19,1,2.1273136138916016,4.852,98,118,,0
44,QK,20,1,2.1325504779815674,5.357,98,117,,0
44,QK,21,1,1.980449914932251,5.439,99,117,,0
44,QK,22,1,2.040418863296509,7.331,93,117,,0
44,QK,23,1,2.0826873779296875,6.582,91,116,,0
44,QK,24,1,2.127472162246704,6.234,92,116,,0
44,QK,25,1,2.1441760063171387,6.431,88,114,,0
44,QK,26,1,1.9250011444091797,7.021,93,116,,0
44,QK,27,1,2.1301279067993164,5.715,92,116,,0
44,QK,28,1,2.0620522499084473,7.011,97,120,,0
44,QK,29,1,2.1054553985595703,6.249,88,114,,0
44,QK,30,1,1.978234887123108,6.984,90,115,,0
44,QK,31,1,2.07723331451416,6.805,90,116,,0
44,V,0,0,1.2313803434371948,60.96,124,127,7.618685e-03,
44,V,1,1,0.7442893385887146,72.384,124,127,4.133809e-03,
44,VO,0,0,0.7475132942199707,43.417,120,126,,
44,VO,1,0,0.8409743905067444,33.495,121,126,,
44,VO,2,0,0.6842117309570312,47.157,121,126,,
44,VO,3,0,0.7068940997123718,35.354,120,126,,
44,VO,4,0,0.7822282910346985,41.685,120,126,,
44,VO,5,0,0.7936438322067261,38.139,121,126,,
44,VO,6,0,0.882558286190033,28.06,118,126,,
44,VO,7,0,0.8112807273864746,34.998,120,126,,
44,VO,8,0,0.9515151381492615,30.33,121,126,,
44,VO,9,0,0.6657034158706665,36.311,121,126,,
44,VO,10,0,0.9764571785926819,27.206,117,125,,
44,VO,11,0,0.7976770401000977,37.755,120,126,,
44,VO,12,0,0.7835549712181091,46.332,119,126,,
44,VO,13,0,1.0600601434707642,23.821,118,125,,
44,VO,14,0,0.9482736587524414,30.852,121,126,,
44,VO,15,0,0.8448911309242249,35.857,119,125,,
44,VO,16,1,0.34085118770599365,65.553,124,127,,
44,VO,17,1,0.388649582862854,67.129,124,127,,
44,VO,18,1,0.36253833770751953,64.009,123,127,,
44,VO,19,1,0.40314343571662903,61.508,124,127,,
44,VO,20,1,0.37394365668296814,64.522,124,127,,
44,VO,21,1,0.3642609119415283,69.583,124,127,,
44,VO,22,1,0.3464553654193878,64.615,123,127,,
44,VO,23,1,0.3648648262023926,61.763,123,127,,
44,VO,24,1,0.3886468708515167,59.157,123,127,,
44,VO,25,1,0.379906564950943,58.499,123,127,,
44,VO,26,1,0.35838544368743896,65.797,123,127,,
44,VO,27,1,0.362699031829834,61.77,123,127,,
44,VO,28,1,0.8352721929550171,22.586,117,126,,
44,VO,29,1,0.38203907012939453,58.066,123,127,,
44,VO,30,1,0.37624239921569824,60.012,123,127,,
44,VO,31,1,0.4976292550563812,37.426,123,126,,
45,G,0,0,3.5054008960723877,8.179,120,127,6.565852e-03,
45,G,1,0,3.4268972873687744,7.541,123,128,6.169842e-03,
45,G,2,0,3.463352680206299,8.834,124,128,6.738938e-03,
45,G,3,0,3.0557010173797607,6.085,125,128,4.957193e-03,
45,G,4,0,3.250950336456299,7.342,123,128,5.780130e-03,
45,G,5,0,3.2772057056427,9.287,124,128,6.574723e-03,
45,G,6,0,3.1165544986724854,9.969,125,128,6.475404e-03,
45,G,7,0,3.4715006351470947,8.851,123,128,6.792189e-03,
45,G,8,0,3.448615550994873,9.159,124,128,6.873881e-03,
45,G,9,0,3.663388252258301,8.184,124,128,6.897438e-03,
45,G,10,0,3.371356964111328,7.519,122,127,6.045956e-03,
45,G,11,0,3.6245996952056885,5.322,124,128,5.485708e-03,
45,G,12,0,3.238659381866455,8.874,124,128,6.339388e-03,
45,G,13,0,3.594245433807373,7.966,124,128,6.692734e-03,
45,G,14,0,3.09837007522583,7.5,123,128,5.568739e-03,
45,G,15,0,3.552520275115967,9.692,124,128,7.287581e-03,
45,G,16,1,2.4849345684051514,8.774,124,128,4.845521e-03,
45,G,17,1,2.95656156539917,5.573,122,128,4.576583e-03,
45,G,18,1,2.3495843410491943,4.961,120,127,3.428768e-03,
45,G,19,1,3.4693026542663574,8.22,122,128,6.493553e-03,
45,G,20,1,3.4317572116851807,7.743,119,127,6.239641e-03,
45,G,21,1,3.1742653846740723,8.338,123,128,6.009756e-03,
45,G,22,1,3.3138766288757324,8.011,121,127,6.123267e-03,
45,G,23,1,3.555781364440918,7.612,123,128,6.377794e-03,
45,G,24,1,3.4408411979675293,8.607,122,127,6.610265e-03,
45,G,25,1,3.325968027114868,7.471,123,128,5.928482e-03,
45,G,26,1,3.0147478580474854,7.293,121,128,5.325556e-03,
45,G,27,1,3.4199202060699463,8.908,122,127,6.698887e-03,
45,G,28,1,3.263615608215332,9.138,124,128,6.476990e-03,
45,G,29,1,3.317542552947998,7.075,119,127,5.776663e-03,
45,G,30,1,3.2942886352539062,8.239,120,127,6.199429e-03,
45,G,31,1,3.2946596145629883,8.263,122,127,6.193326e-03,
45,K,0,0,2.647836208343506,11.888,107,125,5.726788e-03,
45,K,1,1,2.822110414505005,12.825,117,126,6.506051e-03,
45,O,0,0,1.1247864961624146,27.234,121,127,6.359342e-03,
45,O,1,0,0.9708918333053589,35.825,123,128,6.295720e-03,
45,O,2,0,1.0278117656707764,33.94,124,128,6.487146e-03,
45,O,3,0,0.8252502679824829,39.083,125,128,5.589367e-03,
45,O,4,0,0.8755040764808655,38.744,124,128,5.903949e-03,
45,O,5,0,0.9568589925765991,38.377,123,128,6.421935e-03,
45,O,6,0,0.9928861260414124,36.748,124,128,6.520769e-03,
45,O,7,0,1.0538763999938965,32.894,123,127,6.548316e-03,
45,O,8,0,0.952583909034729,40.93,124,128,6.602514e-03,
45,O,9,0,1.0228270292282104,37.654,123,128,6.799744e-03,
45,O,10,0,0.9913593530654907,31.303,124,128,6.009117e-03,
45,O,11,0,0.979880690574646,28.21,124,128,5.638470e-03,
45,O,12,0,0.885966956615448,42.721,124,128,6.273705e-03,
45,O,13,0,1.0528302192687988,33.225,124,128,6.574683e-03,
45,O,14,0,0.7485999464988708,58.067,125,128,6.180165e-03,
45,O,15,0,1.094457983970642,33.266,124,128,6.838852e-03,
45,O,16,1,0.8921131491661072,34.247,125,128,5.656106e-03,
45,O,17,1,0.8041147589683533,36.793,124,128,5.284248e-03,
45,O,18,1,0.7160654067993164,40.355,124,128,4.928184e-03,
45,O,19,1,1.013035774230957,32.54,122,128,6.260582e-03,
45,O,20,1,0.961340606212616,32.276,121,127,5.916994e-03,
45,O,21,1,0.9220066070556641,36.357,124,128,6.022980e-03,
45,O,22,1,1.1456694602966309,23.63,122,128,6.033545e-03,
45,O,23,1,1.0121570825576782,31.713,124,128,6.175190e-03,
45,O,24,1,0.9749845266342163,35.917,122,128,6.330392e-03,
45,O,25,1,1.1912891864776611,21.085,123,128,5.926370e-03,
45,O,26,1,0.9180814623832703,31.726,124,128,5.602406e-03,
45,O,27,1,0.954057514667511,38.143,122,127,6.383591e-03,
45,O,28,1,0.9791898131370544,35.398,124,128,6.311598e-03,
45,O,29,1,0.9189831018447876,32.759,123,128,5.698495e-03,
45,O,30,1,0.8659613132476807,42.417,123,128,6.110181e-03,
45,O,31,1,0.9026577472686768,37.34,123,127,5.975780e-03,
45,Q,0,0,2.0395359992980957,21.115,125,128,6.180639e-03,
45,Q,1,0,2.418506622314453,15.495,124,128,6.240571e-03,
45,Q,2,0,2.3798651695251465,15.206,124,128,6.070638e-03,
45,Q,3,0,2.1144726276397705,22.033,124,128,6.506898e-03,
45,Q,4,0,2.1449172496795654,18.023,124,128,5.955317e-03,
45,Q,5,0,2.1770172119140625,18.417,125,128,6.147271e-03,
45,Q,6,0,1.725846529006958,30.096,126,128,6.273325e-03,
45,Q,7,0,1.8169554471969604,28.731,126,128,6.439389e-03,
45,Q,8,0,2.3713035583496094,17.615,125,128,6.560616e-03,
45,Q,9,0,2.107435941696167,20.894,125,128,6.343677e-03,
45,Q,10,0,1.9123479127883911,19.078,124,128,5.472828e-03,
45,Q,11,0,2.0312976837158203,14.008,122,128,4.916211e-03,
45,Q,12,0,1.9197138547897339,26.338,125,128,6.492399e-03,
45,Q,13,0,2.459684133529663,16.306,124,128,6.535261e-03,
45,Q,14,0,2.318516969680786,13.986,125,128,5.664106e-03,
45,Q,15,0,2.2293484210968018,20.056,125,128,6.585231e-03,
45,Q,16,1,1.9314515590667725,16.239,124,128,5.144896e-03,
45,Q,17,1,2.3275177478790283,15.607,120,127,5.986279e-03,
45,Q,18,1,1.5270402431488037,41.917,126,128,6.567086e-03,
45,Q,19,1,2.0143494606018066,20.065,125,128,5.942848e-03,
45,Q,20,1,2.769352912902832,11.98,124,128,6.290711e-03,
45,Q,21,1,2.1368026733398438,18.124,125,128,6.011447e-03,
45,Q,22,1,2.1855931282043457,15.857,125,128,5.730692e-03,
45,Q,23,1,1.8996562957763672,22.15,125,128,5.897894e-03,
45,Q,24,1,2.46114444732666,16.176,124,128,6.497920e-03,
45,Q,25,1,1.764643907546997,27.336,125,128,6.102532e-03,
45,Q,26,1,1.7948969602584839,23.369,125,128,5.712620e-03,
45,Q,27,1,2.4672393798828125,16.214,125,128,6.558000e-03,
45,Q,28,1,1.9847970008850098,21.394,125,128,6.086159e-03,
45,Q,29,1,2.1207916736602783,17.759,125,128,5.895831e-03,
45,Q,30,1,2.1667892932891846,21.326,125,128,6.578628e-03,
45,Q,31,1,1.9151272773742676,24.988,125,128,6.297086e-03,
45,QK,0,0,2.6934218406677246,7.692,106,125,,0
45,QK,1,0,3.2213962078094482,6.159,102,123,,0
45,QK,2,0,3.4275755882263184,5.429,101,123,,0
45,QK,3,0,2.0771992206573486,9.848,113,126,,0
45,QK,4,0,2.5521492958068848,7.737,104,124,,0
45,QK,5,0,3.2156741619110107,5.903,103,124,,0
45,QK,6,0,2.309476613998413,10.073,108,125,,0
45,QK,7,0,2.810466766357422,7.891,105,124,,0
45,QK,8,0,2.6361446380615234,7.566,109,125,,0
45,QK,9,0,2.97468638420105,6.931,104,124,,0
45,QK,10,0,2.7738728523254395,6.488,102,124,,0
45,QK,11,0,2.9760262966156006,5.137,94,118,,0
45,QK,12,0,2.849675416946411,7.814,105,124,,0
45,QK,13,0,3.469092845916748,5.827,101,123,,0
45,QK,14,0,2.1976678371429443,7.923,108,124,,0
45,QK,15,0,3.1579527854919434,7.097,102,123,,0
45,QK,16,1,2.149135112762451,9.927,114,126,,0
45,QK,17,1,3.864060640335083,5.8,102,123,,0
45,QK,18,1,2.595167875289917,11.237,116,126,,0
45,QK,19,1,2.5283851623535156,8.984,117,127,,0
45,QK,20,1,3.8178694248199463,5.474,113,126,,0
45,QK,21,1,2.6953001022338867,8.427,117,127,,0
45,QK,22,1,2.362189292907715,9.12,118,127,,0
45,QK,23,1,2.4016566276550293,9.909,116,126,,0
45,QK,24,1,3.2281970977783203,7.365,115,126,,0
45,QK,25,1,2.292036533355713,11.26,119,127,,0
45,QK,26,1,2.6331119537353516,8.264,116,126,,0
45,QK,27,1,2.9752283096313477,8.444,115,126,,0
45,QK,28,1,2.4983630180358887,9.904,117,127,,0
45,QK,29,1,2.9949986934661865,6.898,116,126,,0
45,QK,30,1,3.0485382080078125,8.354,116,126,,0
45,QK,31,1,2.9021241664886475,8.454,116,126,,0
45,V,0,0,1.489503264427185,44.604,123,127,6.380911e-03,
45,V,1,1,1.2571499347686768,49.517,123,127,5.866351e-03,
45,VO,0,0,1.019814372062683,26.015,116,126,,
45,VO,1,0,0.967350423336029,29.111,117,126,,
45,VO,2,0,1.1249186992645264,23.361,117,126,,
45,VO,3,0,0.732567548751831,36.948,121,127,,
45,VO,4,0,0.8965907096862793,29.099,119,126,,
45,VO,5,0,0.998436450958252,28.874,118,126,,
45,VO,6,0,0.9557555317878723,31.973,119,126,,
45,VO,7,0,0.9998353719711304,28.711,118,126,,
45,VO,8,0,0.9493478536605835,33.254,118,126,,
45,VO,9,0,1.1516493558883667,23.683,119,126,,
45,VO,10,0,1.015889048576355,24.349,118,126,,
45,VO,11,0,0.8847671747207642,27.812,119,126,,
45,VO,12,0,0.900601863861084,32.87,120,126,,
45,VO,13,0,1.0765763521194458,25.618,119,126,,
45,VO,14,0,0.8837141990661621,33.414,120,127,,
45,VO,15,0,1.159151554107666,24.0,118,126,,
45,VO,16,1,0.7181842923164368,33.311,120,127,,
45,VO,17,1,0.6159175038337708,37.83,120,127,,
45,VO,18,1,0.6902554035186768,28.943,118,126,,
45,VO,19,1,0.8661141991615295,28.836,117,126,,
45,VO,20,1,0.7902666330337524,30.505,116,126,,
45,VO,21,1,0.7906139492988586,31.609,119,126,,
45,VO,22,1,0.9410553574562073,22.705,117,126,,
45,VO,23,1,0.9702756404876709,22.129,119,126,,
45,VO,24,1,0.8767660856246948,28.474,118,126,,
45,VO,25,1,0.8637611865997314,25.29,119,127,,
45,VO,26,1,0.8081088662147522,25.781,120,127,,
45,VO,27,1,0.8117993474006653,33.317,119,126,,
45,VO,28,1,0.8755619525909424,28.236,120,127,,
45,VO,29,1,0.7977573871612549,27.898,119,126,,
45,VO,30,1,0.7587460279464722,34.587,119,126,,
45,VO,31,1,0.7382513284683228,34.965,119,126,,
46,G,0,0,2.6322481632232666,5.707,125,128,4.933782e-03,
46,G,1,0,3.113551378250122,3.463,125,128,4.530997e-03,
46,G,2,0,2.4301505088806152,4.06,125,128,3.819966e-03,
46,G,3,0,3.3503589630126953,2.604,125,128,4.183052e-03,
46,G,4,0,2.9041717052459717,4.801,126,128,5.006616e-03,
46,G,5,0,3.13371205329895,6.509,124,128,6.304643e-03,
46,G,6,0,3.200031042098999,5.113,125,128,5.221799e-03,
46,G,7,0,3.3489108085632324,9.213,124,128,7.957466e-03,
46,G,8,0,3.5281198024749756,3.229,125,128,4.926260e-03,
46,G,9,0,3.1805365085601807,6.99,125,128,6.635816e-03,
46,G,10,0,3.8346471786499023,7.643,125,128,8.285426e-03,
46,G,11,0,2.980091094970703,4.039,126,128,4.465697e-03,
46,G,12,0,2.5412027835845947,8.203,125,128,5.727679e-03,
46,G,13,0,3.137613296508789,3.053,125,128,4.263684e-03,
46,G,14,0,3.5330214500427246,8.781,124,128,8.169596e-03,
46,G,15,0,2.73628830909729,6.33,125,128,4.637373e-03,
46,G,16,1,3.668942451477051,6.214,121,127,6.764655e-03,
46,G,17,1,2.7799646854400635,8.068,125,128,6.236346e-03,
46,G,18,1,2.88820481300354,7.426,122,127,6.020388e-03,
46,G,19,1,3.1686971187591553,8.004,123,128,6.888409e-03,
46,G,20,1,2.8018887042999268,8.239,122,128,6.238361e-03,
46,G,21,1,3.291705369949341,7.726,123,128,7.144288e-03,
46,G,22,1,3.4378132820129395,4.29,124,128,5.512421e-03,
46,G,23,1,3.3195242881774902,7.084,122,128,6.876376e-03,
46,G,24,1,3.028247117996216,7.971,122,128,6.676708e-03,
46,G,25,1,3.007760763168335,7.84,123,128,6.596616e-03,
46,G,26,1,3.025759696960449,7.382,124,128,6.452610e-03,
46,G,27,1,3.112001657485962,6.258,121,127,6.036186e-03,
46,G,28,1,3.2678585052490234,6.957,122,128,6.750843e-03,
46,G,29,1,3.0328686237335205,7.972,125,128,6.716517e-03,
46,G,30,1,2.305112600326538,8.123,125,128,5.109541e-03,
46,G,31,1,3.783719539642334,6.688,121,127,7.391857e-03,
46,K,0,0,2.59249210357666,12.165,114,125,6.553431e-03,
46,K,1,1,2.546912670135498,9.798,118,126,5.673572e-03,
46,O,0,0,1.7988284826278687,8.902,125,128,5.814648e-03,
46,O,1,0,1.4098575115203857,13.191,125,128,5.547581e-03,
46,O,2,0,0.6731765866279602,54.56,125,128,5.387039e-03,
46,O,3,0,1.3895128965377808,13.854,125,128,5.603236e-03,
46,O,4,0,2.178280830383301,6.029,125,128,5.794504e-03,
46,O,5,0,0.8315356373786926,52.792,126,128,6.545568e-03,
46,O,6,0,2.570988416671753,4.231,124,128,5.729095e-03,
46,O,7,0,1.153505563735962,33.82,124,128,7.267570e-03,
46,O,8,0,0.7701759934425354,47.454,125,128,5.747909e-03,
46,O,9,0,1.908719778060913,8.518,124,128,6.035333e-03,
46,O,10,0,1.2069932222366333,31.529,123,127,7.342499e-03,
46,O,11,0,1.8050299882888794,7.264,125,128,5.270536e-03,
46,O,12,0,1.0794733762741089,30.349,125,128,6.442717e-03,
46,O,13,0,1.3644276857376099,14.728,125,128,5.672934e-03,
46,O,14,0,1.268029808998108,31.501,123,127,7.710318e-03,
46,O,15,0,3.5866401195526123,1.766,114,127,5.164281e-03,
46,O,16,1,2.4151155948638916,5.617,118,127,6.200962e-03,
46,O,17,1,0.7965420484542847,46.027,124,128,5.854622e-03,
46,O,18,1,0.9097675681114197,34.026,123,127,5.749394e-03,
46,O,19,1,1.2909053564071655,21.79,123,128,6.528380e-03,
46,O,20,1,1.500314474105835,12.504,122,128,5.747598e-03,
46,O,21,1,0.9326133131980896,44.09,123,128,6.708987e-03,
46,O,22,1,0.9829335808753967,31.021,124,128,5.931067e-03,
46,O,23,1,0.868651807308197,51.7,124,127,6.766677e-03,
46,O,24,1,0.8431517481803894,39.367,122,128,5.731328e-03,
46,O,25,1,0.9564325213432312,36.52,123,128,6.261907e-03,
46,O,26,1,0.8455997109413147,44.953,123,128,6.142278e-03,
46,O,27,1,0.8067208528518677,43.001,124,128,5.731246e-03,
46,O,28,1,0.8466047048568726,47.079,123,128,6.293285e-03,
46,O,29,1,0.8245227932929993,47.046,125,128,6.126980e-03,
46,O,30,1,0.7828601002693176,46.06,124,128,5.756099e-03,
46,O,31,1,1.661863923072815,13.512,121,127,6.618088e-03,
46,Q,0,0,2.5342535972595215,8.923,123,128,5.756189e-03,
46,Q,1,0,2.2498533725738525,11.982,122,127,5.964440e-03,
46,Q,2,0,2.8926150798797607,8.094,124,128,6.265390e-03,
46,Q,3,0,2.425713062286377,9.42,119,127,5.592620e-03,
46,Q,4,0,2.830381155014038,6.694,118,127,5.492856e-03,
46,Q,5,0,2.1681699752807617,16.804,123,128,6.904650e-03,
46,Q,6,0,2.2415952682495117,11.812,124,128,5.830885e-03,
46,Q,7,0,2.049110174179077,19.462,125,128,7.076408e-03,
46,Q,8,0,2.6321828365325928,8.467,117,126,5.726676e-03,
46,Q,9,0,2.3428239822387695,11.293,123,128,6.001633e-03,
46,Q,10,0,2.7747204303741455,11.686,125,128,7.414889e-03,
46,Q,11,0,2.2385008335113525,8.719,122,128,5.043677e-03,
46,Q,12,0,2.2774806022644043,14.587,123,128,6.708376e-03,
46,Q,13,0,2.45625901222229,10.676,121,127,6.106535e-03,
46,Q,14,0,2.247790575027466,17.899,125,128,7.430291e-03,
46,Q,15,0,2.2345306873321533,10.208,124,128,5.256746e-03,
46,Q,16,1,1.8476628065109253,13.182,123,128,4.978949e-03,
46,Q,17,1,2.113173484802246,15.347,120,127,6.227812e-03,
46,Q,18,1,1.8885053396224976,16.589,124,128,5.967139e-03,
46,Q,19,1,2.2952663898468018,12.956,125,128,6.345456e-03,
46,Q,20,1,1.977173924446106,12.828,123,128,5.472653e-03,
46,Q,21,1,2.098572254180908,16.032,122,127,6.496260e-03,
46,Q,22,1,2.4118616580963135,11.152,119,127,5.920509e-03,
46,Q,23,1,2.6039743423461914,11.305,119,126,6.653191e-03,
46,Q,24,1,2.20111083984375,12.833,119,127,5.943403e-03,
46,Q,25,1,2.1872944831848145,14.466,115,126,6.166700e-03,
46,Q,26,1,2.1870663166046143,14.102,113,125,6.127372e-03,
46,Q,27,1,2.127638816833496,13.394,122,127,5.967762e-03,
46,Q,28,1,2.268726110458374,14.1,118,126,6.494407e-03,
46,Q,29,1,1.981616497039795,19.44,120,127,6.606368e-03,
46,Q,30,1,2.1478490829467773,10.767,122,128,5.337666e-03,
46,Q,31,1,1.905122995376587,16.392,124,128,5.898591e-03,
46,QK,0,0,2.9446871280670166,3.579,114,124,,0
46,QK,1,0,2.382692337036133,6.698,107,122,,0
46,QK,2,0,2.457878589630127,5.905,113,124,,0
46,QK,3,0,1.919093132019043,9.654,103,121,,0
46,QK,4,0,2.1131131649017334,7.864,99,119,,0
46,QK,5,0,2.1951005458831787,8.526,112,124,,0
46,QK,6,0,2.118663787841797,6.484,115,125,,0
46,QK,7,0,2.031757116317749,10.784,114,125,,0
46,QK,8,0,2.8448333740234375,5.787,94,117,,0
46,QK,9,0,2.296429395675659,7.022,109,124,,0
46,QK,10,0,2.4830996990203857,8.42,112,125,,0
46,QK,11,0,1.7196592092514038,7.805,110,123,,0
46,QK,12,0,2.440495491027832,6.97,111,123,,0
46,QK,13,0,2.2837021350860596,7.671,105,122,,0
46,QK,14,0,2.2027649879455566,10.248,114,125,,0
46,QK,15,0,2.4366767406463623,5.175,111,124,,0
46,QK,16,1,1.7908446788787842,5.438,118,126,,0
46,QK,17,1,2.381638526916504,6.664,109,123,,0
46,QK,18,1,2.0950841903686523,6.082,118,126,,0
46,QK,19,1,2.4077138900756836,5.217,118,126,,0
46,QK,20,1,2.3732070922851562,4.187,117,126,,0
46,QK,21,1,2.4252448081970215,5.959,113,124,,0
46,QK,22,1,2.666755437850952,5.226,107,123,,0
46,QK,23,1,2.5623443126678467,5.841,110,123,,0
46,QK,24,1,3.1811609268188477,3.898,105,123,,0
46,QK,25,1,2.587989330291748,6.049,101,120,,0
46,QK,26,1,2.4289252758026123,6.623,98,119,,0
46,QK,27,1,2.3788609504699707,5.065,115,125,,0
46,QK,28,1,2.4228227138519287,6.678,107,122,,0
46,QK,29,1,2.962411880493164,5.068,109,123,,0
46,QK,30,1,2.2268965244293213,5.141,112,125,,0
46,QK,31,1,1.80363130569458,7.248,120,127,,0
46,V,0,0,0.8288673162460327,78.747,124,127,5.957902e-03,
46,V,1,1,1.0605499744415283,57.584,124,128,6.295471e-03,
46,VO,0,0,0.5252262949943542,40.73,123,127,,
46,VO,1,0,0.4149304926395416,59.801,124,127,,
46,VO,2,0,0.42305371165275574,59.144,123,127,,
46,VO,3,0,0.40591204166412354,62.167,124,127,,
46,VO,4,0,0.4580002427101135,49.715,123,127,,
46,VO,5,0,0.5286500453948975,55.447,123,127,,
46,VO,6,0,0.7558628916740417,16.921,122,127,,
46,VO,7,0,0.7300922870635986,35.697,122,126,,
46,VO,8,0,0.4314064681529999,63.493,123,127,,
46,VO,9,0,0.5612556338310242,37.734,123,127,,
46,VO,10,0,0.7730153799057007,32.596,120,126,,
46,VO,11,0,0.41700541973114014,49.945,124,127,,
46,VO,12,0,0.5321738123893738,52.427,123,127,,
46,VO,13,0,0.5133920311927795,40.179,124,127,,
46,VO,14,0,0.8192020654678345,31.8,121,126,,
46,VO,15,0,0.9044957756996155,5.905,120,127,,
46,VO,16,1,1.397598147392273,8.291,114,126,,
46,VO,17,1,0.5480184555053711,49.369,122,127,,
46,VO,18,1,0.6931236386299133,30.794,119,126,,
46,VO,19,1,0.9245825409889221,22.042,120,126,,
46,VO,20,1,0.9162303805351257,17.375,118,127,,
46,VO,21,1,0.6549166440963745,45.543,121,127,,
46,VO,22,1,0.6649534702301025,34.264,121,127,,
46,VO,23,1,0.617193341255188,51.853,122,127,,
46,VO,24,1,0.6257562041282654,37.642,119,127,,
46,VO,25,1,0.6680895090103149,38.013,120,127,,
46,VO,26,1,0.5816249251365662,48.1,121,127,,
46,VO,27,1,0.6302483081817627,36.535,121,127,,
46,VO,28,1,0.5822266936302185,50.282,121,127,,
46,VO,29,1,0.5762895345687866,49.074,122,127,,
46,VO,30,1,0.583513081073761,43.101,122,127,,
46,VO,31,1,1.1507656574249268,14.708,118,126,,
47,G,0,0,3.3261992931365967,7.066,125,128,7.188515e-03,
47,G,1,0,3.1150448322296143,6.655,124,128,6.499379e-03,
47,G,2,0,3.078383207321167,4.442,122,128,5.222414e-03,
47,G,3,0,3.4128165245056152,7.346,122,128,7.521459e-03,
47,G,4,0,3.093356132507324,7.273,124,128,6.765942e-03,
47,G,5,0,3.01832914352417,6.918,123,128,6.454823e-03,
47,G,6,0,3.315471887588501,6.732,123,128,7.008019e-03,
47,G,7,0,3.1780805587768555,6.32,123,128,6.485297e-03,
47,G,8,0,3.2459802627563477,7.552,125,128,7.238895e-03,
47,G,9,0,3.245814323425293,6.79,122,127,6.852177e-03,
47,G,10,0,3.1542303562164307,6.794,124,128,6.692531e-03,
47,G,11,0,3.2077534198760986,7.069,124,128,6.934425e-03,
47,G,12,0,3.1826555728912354,6.446,124,128,6.563112e-03,
47,G,13,0,3.2177255153656006,7.164,122,128,6.988295e-03,
47,G,14,0,2.8640472888946533,6.623,121,128,5.962109e-03,
47,G,15,0,3.1651763916015625,7.593,122,128,7.098583e-03,
47,G,16,1,2.8880198001861572,4.587,124,128,5.021096e-03,
47,G,17,1,3.1768782138824463,2.461,123,128,3.977934e-03,
47,G,18,1,3.1139354705810547,2.923,123,128,4.268230e-03,
47,G,19,1,3.070758819580078,3.679,123,128,4.733798e-03,
47,G,20,1,2.9669687747955322,7.379,124,128,6.609342e-03,
47,G,21,1,3.0090293884277344,8.811,123,128,7.287350e-03,
47,G,22,1,3.285977602005005,2.256,122,128,3.915367e-03,
47,G,23,1,3.229947090148926,8.447,122,127,7.642877e-03,
47,G,24,1,3.078582525253296,4.037,123,128,5.013572e-03,
47,G,25,1,3.495068311691284,2.105,122,128,4.049040e-03,
47,G,26,1,3.105522632598877,3.951,123,128,4.984288e-03,
47,G,27,1,3.1174798011779785,8.473,123,128,7.400558e-03,
47,G,28,1,3.2491087913513184,2.179,122,128,3.800936e-03,
47,G,29,1,3.0621542930603027,4.141,123,128,5.015580e-03,
47,G,30,1,2.6163511276245117,4.924,125,128,4.707674e-03,
47,G,31,1,3.656553030014038,4.553,124,128,6.377412e-03,
47,K,0,0,1.957911491394043,15.612,123,127,5.887670e-03,
47,K,1,1,1.8495885133743286,22.901,123,127,6.361421e-03,
47,O,0,0,0.9699987769126892,33.55,125,128,6.087015e-03,
47,O,1,0,0.9809973239898682,32.059,125,128,6.017631e-03,
47,O,2,0,0.7901739478111267,37.467,123,128,5.240031e-03,
47,O,3,0,1.163617491722107,24.198,121,127,6.201341e-03,
47,O,4,0,0.9918158054351807,30.697,124,128,5.953356e-03,
47,O,5,0,0.8856990933418274,37.046,123,128,5.840365e-03,
47,O,6,0,0.9390918016433716,36.864,125,128,6.177200e-03,
47,O,7,0,0.9539015889167786,35.416,124,128,6.150176e-03,
47,O,8,0,1.023878574371338,32.99,124,128,6.371199e-03,
47,O,9,0,1.0574111938476562,27.576,122,127,6.015806e-03,
47,O,10,0,0.9359225630760193,33.529,123,127,5.871302e-03,
47,O,11,0,0.9782766699790955,35.411,125,128,6.306852e-03,
47,O,12,0,0.8967961668968201,39.843,125,128,6.132734e-03,
47,O,13,0,1.1963995695114136,23.678,122,128,6.307147e-03,
47,O,14,0,0.8702200651168823,33.705,123,127,5.473405e-03,
47,O,15,0,0.9176808595657349,38.573,122,127,6.174723e-03,
47,O,16,1,0.9108838438987732,35.541,123,128,5.883161e-03,
47,O,17,1,0.746735155582428,51.223,124,128,5.790039e-03,
47,O,18,1,0.8409911394119263,43.755,125,128,6.026858e-03,
47,O,19,1,0.87005215883255,41.387,124,128,6.063998e-03,
47,O,20,1,0.9254083037376404,44.351,123,127,6.676837e-03,
47,O,21,1,1.056838035583496,35.91,123,128,6.861170e-03,
47,O,22,1,0.8224964737892151,45.51,123,128,6.011318e-03,
47,O,23,1,1.1257926225662231,31.484,121,127,6.843640e-03,
47,O,24,1,1.8954806327819824,9.082,123,128,6.188520e-03,
47,O,25,1,1.6296193599700928,10.037,123,128,5.593476e-03,
47,O,26,1,1.318055272102356,18.956,123,127,6.217164e-03,
47,O,27,1,1.228304386138916,26.896,123,127,6.901364e-03,
47,O,28,1,0.860146701335907,43.614,123,128,6.154192e-03,
47,O,29,1,0.9029834866523743,34.195,123,127,5.720611e-03,
47,O,30,1,0.9498750567436218,31.159,124,128,5.744366e-03,
47,O,31,1,1.0382732152938843,35.965,123,127,6.745818e-03,
47,Q,0,0,1.4017587900161743,30.083,125,128,6.351511e-03,
47,Q,1,0,1.6940444707870483,20.619,124,128,6.256241e-03,
47,Q,2,0,2.0804250240325928,12.767,125,128,5.741549e-03,
47,Q,3,0,1.8010921478271484,22.101,124,128,6.935852e-03,
47,Q,4,0,1.7090742588043213,16.708,125,128,5.728838e-03,
47,Q,5,0,2.026512861251831,13.068,124,128,5.887439e-03,
47,Q,6,0,1.4789239168167114,24.809,125,128,6.020948e-03,
47,Q,7,0,1.8395284414291382,17.095,125,128,6.083367e-03,
47,Q,8,0,1.674599051475525,24.104,125,128,6.697874e-03,
47,Q,9,0,1.7615830898284912,21.779,124,128,6.674570e-03,
47,Q,10,0,2.250338315963745,10.53,124,128,5.997848e-03,
47,Q,11,0,1.5765382051467896,25.575,125,128,6.520661e-03,
47,Q,12,0,1.6191617250442505,17.065,124,128,5.459494e-03,
47,Q,13,0,1.7640851736068726,21.499,124,128,6.636151e-03,
47,Q,14,0,1.706121802330017,13.281,126,128,5.030136e-03,
47,Q,15,0,1.819020390510559,20.37,125,128,6.672132e-03,
47,Q,16,1,2.1897568702697754,14.178,124,128,6.512459e-03,
47,Q,17,1,1.9556235074996948,17.135,124,128,6.203253e-03,
47,Q,18,1,1.9021178483963013,17.715,124,128,6.067713e-03,
47,Q,19,1,1.930435299873352,14.434,124,128,5.681903e-03,
47,Q,20,1,1.8184159994125366,20.158,125,128,6.592358e-03,
47,Q,21,1,1.8587456941604614,16.396,125,128,6.095158e-03,
47,Q,22,1,1.9436231851577759,18.238,123,128,6.252011e-03,
47,Q,23,1,2.1095170974731445,15.262,125,128,6.646304e-03,
47,Q,24,1,2.0840415954589844,15.755,123,128,6.242736e-03,
47,Q,25,1,1.6627774238586426,15.288,123,128,5.074344e-03,
47,Q,26,1,2.112093925476074,15.323,123,128,6.248774e-03,
47,Q,27,1,2.0461087226867676,14.025,124,128,6.040621e-03,
47,Q,28,1,1.9971203804016113,17.375,123,128,6.279889e-03,
47,Q,29,1,1.944106936454773,12.883,122,128,5.510237e-03,
47,Q,30,1,1.6173566579818726,14.388,125,128,4.746062e-03,
47,Q,31,1,2.2091593742370605,12.999,123,128,6.534498e-03,
47,QK,0,0,1.136375904083252,19.262,123,127,,1
47,QK,1,0,1.5210403203964233,11.439,122,127,,1
47,QK,2,0,1.4179233312606812,11.514,122,127,,1
47,QK,3,0,1.5247539281845093,13.242,122,127,,1
47,QK,4,0,1.2693449258804321,12.96,123,127,,1
47,QK,5,0,1.5985147953033447,10.022,121,127,,1
47,QK,6,0,1.3377715349197388,13.216,122,127,,1
47,QK,7,0,1.626908302307129,10.3,122,127,,1
47,QK,8,0,1.4277600049972534,14.486,123,127,,1
47,QK,9,0,1.3640552759170532,15.783,122,127,,1
47,QK,10,0,1.4612640142440796,10.513,122,127,,1
47,QK,11,0,1.4306771755218506,13.623,123,127,,1
47,QK,12,0,1.2478222846984863,12.675,122,127,,1
47,QK,13,0,1.5599581003189087,12.255,122,127,,1
47,QK,14,0,1.132283091545105,12.206,124,128,,1
47,QK,15,0,1.5292353630065918,13.008,123,127,,1
47,QK,16,1,1.4814965724945068,17.274,121,127,,1
47,QK,17,1,1.3794142007827759,19.633,121,127,,1
47,QK,18,1,1.220113754272461,23.418,121,127,,1
47,QK,19,1,1.2383946180343628,19.539,122,127,,1
47,QK,20,1,1.3857035636901855,20.12,122,127,,1
47,QK,21,1,1.2666754722595215,19.327,122,127,,1
47,QK,22,1,1.2953870296478271,22.604,120,127,,1
47,QK,23,1,1.4683650732040405,17.681,122,127,,1
47,QK,24,1,1.2589070796966553,22.501,121,127,,1
47,QK,25,1,1.194437861442566,17.045,120,127,,1
47,QK,26,1,1.1964222192764282,24.837,121,127,,1
47,QK,27,1,1.2583285570144653,19.665,122,127,,1
47,QK,28,1,1.2772879600524902,23.305,120,127,,1
47,QK,29,1,1.5015796422958374,14.485,118,127,,1
47,QK,30,1,0.964532196521759,22.055,122,127,,1
47,QK,31,1,1.4083592891693115,16.942,121,127,,1
47,V,0,0,1.6924121379852295,24.128,124,128,6.680716e-03,
47,V,1,1,1.1662814617156982,49.22,123,126,5.522144e-03,
47,VO,0,0,0.7698651552200317,28.705,121,127,,
47,VO,1,0,0.8772202134132385,21.766,122,128,,
47,VO,2,0,0.6737152934074402,26.656,122,128,,
47,VO,3,0,1.0887635946273804,14.722,119,127,,
47,VO,4,0,0.7789970636367798,27.34,120,127,,
47,VO,5,0,0.7237868309020996,29.312,121,127,,
47,VO,6,0,0.7848984003067017,28.128,122,128,,
47,VO,7,0,0.7760401368141174,28.816,121,128,,
47,VO,8,0,0.8072364926338196,27.986,122,128,,
47,VO,9,0,0.8694797158241272,20.923,120,127,,
47,VO,10,0,0.8031222224235535,24.509,120,127,,
47,VO,11,0,0.9066290855407715,21.905,123,128,,
47,VO,12,0,0.7896261811256409,27.829,122,127,,
47,VO,13,0,0.9335800409317017,20.571,120,127,,
47,VO,14,0,0.7752722501754761,23.866,119,127,,
47,VO,15,0,0.764369785785675,28.689,121,127,,
47,VO,16,1,0.6101793646812439,41.144,119,125,,
47,VO,17,1,0.5159007906913757,54.853,120,125,,
47,VO,18,1,0.7304744124412537,30.155,121,126,,
47,VO,19,1,0.7248719930648804,31.191,121,126,,
47,VO,20,1,0.7214601635932922,38.471,120,125,,
47,VO,21,1,0.76788729429245,35.606,118,125,,
47,VO,22,1,0.567383348941803,49.564,120,125,,
47,VO,23,1,0.8602887392044067,28.382,118,125,,
47,VO,24,1,0.6361974477767944,38.585,121,126,,
47,VO,25,1,0.4900992214679718,51.742,120,126,,
47,VO,26,1,0.6535604000091553,38.91,120,126,,
47,VO,27,1,0.9191102981567383,25.485,119,125,,
47,VO,28,1,0.5821657776832581,49.639,119,125,,
47,VO,29,1,0.6422291994094849,35.028,119,125,,
47,VO,30,1,0.6972466111183167,30.397,120,125,,
47,VO,31,1,0.8246920704841614,30.725,118,125,,
48,G,0,0,3.328184127807617,2.815,125,128,4.947951e-03,
48,G,1,0,2.6786105632781982,4.059,125,128,4.959282e-03,
48,G,2,0,2.713266611099243,3.429,125,128,4.552018e-03,
48,G,3,0,2.713629961013794,4.58,125,128,5.336087e-03,
48,G,4,0,3.2723355293273926,2.875,125,128,4.952418e-03,
48,G,5,0,3.519155740737915,2.81,125,128,5.199228e-03,
48,G,6,0,2.650341033935547,4.732,125,128,5.307165e-03,
48,G,7,0,3.3216729164123535,2.732,124,128,4.847810e-03,
48,G,8,0,2.7650277614593506,3.356,125,128,4.609546e-03,
48,G,9,0,2.707003593444824,4.521,125,128,5.287912e-03,
48,G,10,0,2.542954683303833,5.804,125,128,5.673978e-03,
48,G,11,0,2.422700881958008,3.891,125,128,4.327838e-03,
48,G,12,0,2.6960530281066895,4.561,125,128,5.295873e-03,
48,G,13,0,2.68479061126709,4.296,125,128,5.124767e-03,
48,G,14,0,2.8327581882476807,3.628,126,128,4.890166e-03,
48,G,15,0,3.0728859901428223,7.636,124,128,7.711588e-03,
48,G,16,1,2.9588325023651123,7.832,124,128,7.443952e-03,
48,G,17,1,2.485621929168701,3.313,125,128,4.053531e-03,
48,G,18,1,3.2406177520751953,6.541,124,128,7.161958e-03,
48,G,19,1,3.0307343006134033,7.047,123,127,7.180851e-03,
48,G,20,1,3.2521536350250244,7.059,125,128,7.818571e-03,
48,G,21,1,3.1490049362182617,7.344,124,128,7.741102e-03,
48,G,22,1,3.20245099067688,7.612,125,128,7.958883e-03,
48,G,23,1,2.9881811141967773,3.777,125,128,5.147617e-03,
48,G,24,1,2.9610178470611572,7.451,124,128,7.364328e-03,
48,G,25,1,2.9577345848083496,8.632,125,128,7.831200e-03,
48,G,26,1,3.001612663269043,1.981,120,127,3.725165e-03,
48,G,27,1,2.869769334793091,8.912,124,128,7.740957e-03,
48,G,28,1,3.05314564704895,7.7,124,128,7.678064e-03,
48,G,29,1,3.1625561714172363,6.719,125,128,7.183635e-03,
48,G,30,1,2.9407739639282227,8.9,125,128,7.937273e-03,
48,G,31,1,2.9216396808624268,2.12,122,128,3.773667e-03,
48,K,0,0,2.3929238319396973,10.845,98,118,5.452779e-03,
48,K,1,1,2.324143886566162,12.671,117,126,6.738052e-03,
48,O,0,0,2.030186891555786,7.952,124,127,6.202396e-03,
48,O,1,0,2.177422285079956,6.588,124,128,6.054927e-03,
48,O,2,0,1.7168747186660767,9.639,124,128,5.774847e-03,
48,O,3,0,1.7886234521865845,8.994,124,128,5.811332e-03,
48,O,4,0,2.4917171001434326,4.139,125,128,5.491754e-03,
48,O,5,0,1.0880082845687866,27.953,123,128,6.232041e-03,
48,O,6,0,1.6562788486480713,10.718,124,128,5.874624e-03,
48,O,7,0,0.8381714224815369,44.443,124,128,6.053694e-03,
48,O,8,0,1.5657296180725098,12.374,124,128,5.967060e-03,
48,O,9,0,1.7442727088928223,9.535,124,128,5.835312e-03,
48,O,10,0,2.182138204574585,6.265,124,128,5.917250e-03,
48,O,11,0,1.698793888092041,9.138,125,128,5.563410e-03,
48,O,12,0,1.8148529529571533,8.802,123,128,5.833336e-03,
48,O,13,0,2.149406671524048,6.596,124,127,5.980592e-03,
48,O,14,0,1.0969122648239136,22.69,125,128,5.660740e-03,
48,O,15,0,1.1077587604522705,37.842,123,128,7.382742e-03,
48,O,16,1,0.9359761476516724,38.89,123,127,6.323687e-03,
48,O,17,1,0.5564788579940796,86.293,124,127,5.600405e-03,
48,O,18,1,2.481541633605957,5.02,123,128,6.023823e-03,
48,O,19,1,1.004172444343567,31.772,124,128,6.132151e-03,
48,O,20,1,1.243111491203308,24.719,123,127,6.695936e-03,
48,O,21,1,0.9612076282501221,41.355,124,128,6.696756e-03,
48,O,22,1,1.1367155313491821,29.172,124,128,6.651517e-03,
48,O,23,1,0.6664988398551941,67.483,124,128,5.931724e-03,
48,O,24,1,0.8942615985870361,41.676,124,128,6.254478e-03,
48,O,25,1,0.9293496608734131,42.244,124,128,6.544068e-03,
48,O,26,1,0.583768367767334,81.76,123,127,5.718669e-03,
48,O,27,1,0.8736013174057007,44.968,123,127,6.346737e-03,
48,O,28,1,1.1224627494812012,30.424,124,128,6.707500e-03,
48,O,29,1,1.7736313343048096,10.173,124,128,6.128609e-03,
48,O,30,1,0.9469336867332458,40.283,124,128,6.511237e-03,
48,O,31,1,0.5853542685508728,83.602,123,127,5.798436e-03,
48,Q,0,0,2.391735315322876,10.379,119,127,6.749943e-03,
48,Q,1,0,2.2356574535369873,10.043,111,125,5.904649e-03,
48,Q,2,0,2.099578380584717,12.668,111,125,6.220791e-03,
48,Q,3,0,2.5148024559020996,8.953,112,126,6.179907e-03,
48,Q,4,0,1.8296561241149902,10.327,117,127,5.066558e-03,
48,Q,5,0,2.317288875579834,11.426,119,127,6.891289e-03,
48,Q,6,0,2.359271287918091,9.58,113,126,6.009269e-03,
48,Q,7,0,2.5015809535980225,8.969,118,127,6.490015e-03,
48,Q,8,0,2.0359561443328857,13.725,111,126,6.309089e-03,
48,Q,9,0,2.433053731918335,9.43,113,126,6.130771e-03,
48,Q,10,0,2.5744450092315674,8.661,111,125,6.213441e-03,
48,Q,11,0,1.8695751428604126,9.517,114,126,4.772746e-03,
48,Q,12,0,2.363959789276123,9.41,112,126,5.958088e-03,
48,Q,13,0,2.319769859313965,10.527,112,125,6.297446e-03,
48,Q,14,0,2.0957982540130615,9.975,117,127,5.584260e-03,
48,Q,15,0,1.9316954612731934,17.173,125,128,7.206275e-03,
48,Q,16,1,1.6792351007461548,17.357,124,128,6.340555e-03,
48,Q,17,1,1.978503704071045,10.823,122,127,5.705705e-03,
48,Q,18,1,1.6449335813522339,16.945,124,128,5.765652e-03,
48,Q,19,1,1.1304324865341187,25.263,122,128,4.655226e-03,
48,Q,20,1,1.8594300746917725,15.589,124,128,6.585980e-03,
48,Q,21,1,1.9838942289352417,11.574,124,128,5.953176e-03,
48,Q,22,1,1.7644320726394653,18.542,125,128,6.838038e-03,
48,Q,23,1,1.6892824172973633,17.213,124,128,6.107556e-03,
48,Q,24,1,1.8088170289993286,15.695,125,128,6.380147e-03,
48,Q,25,1,1.9681426286697388,14.721,124,128,6.736008e-03,
48,Q,26,1,1.7878797054290771,12.331,117,126,5.224774e-03,
48,Q,27,1,2.162041664123535,10.694,124,128,6.218872e-03,
48,Q,28,1,1.9223601818084717,13.626,124,128,6.315415e-03,
48,Q,29,1,1.9964609146118164,11.564,124,128,5.830207e-03,
48,Q,30,1,1.6920363903045654,20.643,125,128,6.970113e-03,
48,Q,31,1,2.0843586921691895,10.69,116,126,5.589886e-03,
48,QK,0,0,1.748124599456787,6.432,94,113,,0
48,QK,1,0,1.790134310722351,8.232,79,103,,0
48,QK,2,0,1.8508795499801636,8.645,79,103,,0
48,QK,3,0,1.9529601335525513,7.816,79,105,,0
48,QK,4,0,1.4908390045166016,7.308,87,108,,0
48,QK,5,0,1.7212475538253784,6.8,94,113,,0
48,QK,6,0,1.9429291486740112,7.548,80,106,,0
48,QK,7,0,1.2626852989196777,7.329,104,118,,0
48,QK,8,0,1.8451793193817139,8.697,79,104,,0
48,QK,9,0,1.9414523839950562,7.886,79,105,,0
48,QK,10,0,2.0211398601531982,7.498,78,105,,0
48,QK,11,0,1.3842418193817139,8.178,84,106,,0
48,QK,12,0,1.848357081413269,8.19,79,105,,0
48,QK,13,0,1.9139784574508667,7.947,80,104,,0
48,QK,14,0,1.5207127332687378,8.794,85,108,,0
48,QK,15,0,1.8021376132965088,8.157,95,117,,0
48,QK,16,1,1.8830180168151855,7.14,116,126,,0
48,QK,17,1,1.9157295227050781,5.909,111,125,,0
48,QK,18,1,1.7007235288619995,8.081,115,126,,0
48,QK,19,1,1.5795129537582397,7.886,111,124,,0
48,QK,20,1,2.3672995567321777,5.392,113,126,,0
48,QK,21,1,2.031944990158081,5.831,114,126,,0
48,QK,22,1,1.9187533855438232,7.944,116,126,,0
48,QK,23,1,1.6037274599075317,8.324,117,126,,0
48,QK,24,1,2.1436052322387695,5.993,115,126,,0
48,QK,25,1,1.9856146574020386,7.263,115,126,,0
48,QK,26,1,1.56979238986969,9.598,102,121,,0
48,QK,27,1,2.311889886856079,4.899,114,126,,0
48,QK,28,1,2.0646657943725586,6.119,115,126,,0
48,QK,29,1,1.8621389865875244,6.548,116,126,,0
48,QK,30,1,1.884313702583313,8.371,117,127,,0
48,QK,31,1,1.981698989868164,7.612,99,120,,0
48,V,0,0,0.6863053441047668,75.171,122,125,3.858309e-03,
48,V,1,1,1.6570934057235718,23.41,122,128,7.762332e-03,
48,VO,0,0,0.3660745620727539,60.236,121,125,,
48,VO,1,0,0.39317256212234497,48.992,121,125,,
48,VO,2,0,0.33491724729537964,63.91,121,125,,
48,VO,3,0,0.3551768958568573,57.728,121,125,,
48,VO,4,0,0.2993241250514984,59.979,122,126,,
48,VO,5,0,0.39443913102149963,57.658,120,125,,
48,VO,6,0,0.35850486159324646,58.192,121,125,,
48,VO,7,0,0.4664344787597656,39.813,120,125,,
48,VO,8,0,0.34254536032676697,66.563,121,125,,
48,VO,9,0,0.35282444953918457,58.952,120,125,,
48,VO,10,0,0.6084399819374084,19.604,120,125,,
48,VO,11,0,0.31277579069137573,66.35,121,125,,
48,VO,12,0,0.3538597524166107,57.959,120,125,,
48,VO,13,0,0.3788745701313019,51.246,121,125,,
48,VO,14,0,0.3272639214992523,67.433,121,125,,
48,VO,15,0,0.5956640839576721,36.479,120,124,,
48,VO,16,1,0.8571224808692932,23.814,118,126,,
48,VO,17,1,0.399880051612854,81.043,121,127,,
48,VO,18,1,1.4722739458084106,6.641,119,127,,
48,VO,19,1,0.6712091565132141,36.031,118,126,,
48,VO,20,1,0.910362720489502,23.41,119,126,,
48,VO,21,1,0.8814157247543335,25.239,119,127,,
48,VO,22,1,0.8243535757064819,28.134,119,127,,
48,VO,23,1,0.5394314527511597,50.036,121,127,,
48,VO,24,1,0.9053642153739929,20.995,119,127,,
48,VO,25,1,0.8064249753952026,28.434,120,127,,
48,VO,26,1,0.40073251724243164,82.458,121,126,,
48,VO,27,1,0.889910876750946,22.058,119,126,,
48,VO,28,1,0.8676081299781799,25.898,119,127,,
48,VO,29,1,1.2461702823638916,10.331,120,127,,
48,VO,30,1,0.7605077624320984,31.404,120,127,,
48,VO,31,1,0.4135424792766571,79.637,122,127,,
49,G,0,0,3.5258491039276123,2.719,124,128,4.290516e-03,
49,G,1,0,2.7926955223083496,4.92,125,128,4.608103e-03,
49,G,2,0,3.2034599781036377,9.474,122,128,7.428657e-03,
49,G,3,0,3.2687344551086426,9.203,125,128,7.477744e-03,
49,G,4,0,3.3061134815216064,8.459,124,128,6.937730e-03,
49,G,5,0,3.5666778087615967,5.603,123,128,6.117874e-03,
49,G,6,0,3.50384783744812,7.249,123,128,6.501111e-03,
49,G,7,0,2.7518699169158936,5.848,125,128,4.945155e-03,
49,G,8,0,3.274120807647705,8.265,122,128,6.995649e-03,
49,G,9,0,3.2220354080200195,3.868,125,128,4.712495e-03,
49,G,10,0,2.2647900581359863,7.336,125,128,4.607205e-03,
49,G,11,0,3.067473888397217,3.489,125,128,4.237751e-03,
49,G,12,0,3.6116271018981934,6.786,124,128,6.389248e-03,
49,G,13,0,3.2228214740753174,8.574,124,128,7.058630e-03,
49,G,14,0,3.161388397216797,9.466,125,128,7.287243e-03,
49,G,15,0,3.436347246170044,8.446,123,128,7.437317e-03,
49,G,16,1,2.973524570465088,4.87,123,128,4.841357e-03,
49,G,17,1,2.8500888347625732,9.048,124,128,6.418324e-03,
49,G,18,1,3.120971202850342,6.113,122,128,5.759351e-03,
49,G,19,1,3.8600027561187744,6.957,123,128,6.600989e-03,
49,G,20,1,2.9444873332977295,9.874,124,128,6.872060e-03,
49,G,21,1,3.4069058895111084,8.142,123,128,6.910453e-03,
49,G,22,1,2.8536782264709473,4.746,125,128,4.616715e-03,
49,G,23,1,3.3957135677337646,4.219,124,128,5.171776e-03,
49,G,24,1,3.2371833324432373,4.212,124,128,4.965401e-03,
49,G,25,1,3.1386256217956543,10.908,122,127,7.681983e-03,
49,G,26,1,2.3764488697052,7.018,124,128,4.717992e-03,
49,G,27,1,2.6482958793640137,10.052,123,128,6.292243e-03,
49,G,28,1,3.3637659549713135,9.592,124,128,7.786188e-03,
49,G,29,1,3.0168583393096924,10.903,124,128,7.494614e-03,
49,G,30,1,2.8360791206359863,4.801,125,128,4.630395e-03,
49,G,31,1,3.1625430583953857,3.926,125,128,4.652873e-03,
49,K,0,0,2.1413087844848633,17.478,120,126,6.141424e-03,
49,K,1,1,2.130220413208008,18.179,116,125,6.117995e-03,
49,O,0,0,0.7205460667610168,55.086,123,127,5.793863e-03,
49,O,1,0,0.7437635660171509,49.207,125,128,5.652396e-03,
49,O,2,0,1.1351341009140015,25.96,123,127,6.265854e-03,
49,O,3,0,1.0460706949234009,30.81,123,128,6.290614e-03,
49,O,4,0,1.9848355054855347,9.635,123,127,6.674724e-03,
49,O,5,0,1.1146843433380127,25.246,122,127,6.067821e-03,
49,O,6,0,2.8054893016815186,3.987,120,127,6.069122e-03,
49,O,7,0,0.7906197309494019,47.531,124,128,5.905285e-03,
49,O,8,0,0.9555176496505737,40.525,123,128,6.590003e-03,
49,O,9,0,0.6060677766799927,74.292,125,128,5.659487e-03,
49,O,10,0,0.5826194882392883,73.65,125,128,5.416968e-03,
49,O,11,0,0.5969570279121399,73.079,125,128,5.528709e-03,
49,O,12,0,3.2059597969055176,3.05,122,128,6.065744e-03,
49,O,13,0,0.9505096673965454,41.06,125,128,6.598542e-03,
49,O,14,0,0.8520418405532837,55.319,123,128,6.865677e-03,
49,O,15,0,0.9643687009811401,43.765,123,128,6.911783e-03,
49,O,16,1,0.7637007236480713,47.461,124,128,5.699984e-03,
49,O,17,1,0.8773377537727356,41.187,124,128,6.100005e-03,
49,O,18,1,0.8230012059211731,43.131,123,128,5.855676e-03,
49,O,19,1,4.278892993927002,1.708,116,127,6.058140e-03,
49,O,20,1,1.1866707801818848,24.934,124,128,6.419698e-03,
49,O,21,1,1.521305799484253,16.388,123,128,6.672033e-03,
49,O,22,1,0.6896897554397583,57.821,125,128,5.681724e-03,
49,O,23,1,0.7373634576797485,47.223,125,128,5.489631e-03,
49,O,24,1,1.2278178930282593,19.679,124,128,5.900862e-03,
49,O,25,1,1.0090574026107788,40.171,124,128,6.928805e-03,
49,O,26,1,0.786440372467041,42.3,125,128,5.541418e-03,
49,O,27,1,1.1803123950958252,22.518,124,128,6.067951e-03,
49,O,28,1,1.5003852844238281,18.527,122,127,6.996665e-03,
49,O,29,1,1.6605584621429443,12.431,121,127,6.342885e-03,
49,O,30,1,0.8446291089057922,39.668,125,128,5.763274e-03,
49,O,31,1,0.8364365696907043,39.684,125,128,5.708501e-03,
49,Q,0,0,2.5086095333099365,9.313,114,126,5.230764e-03,
49,Q,1,0,2.9109947681427,6.85,119,127,5.473085e-03,
49,Q,2,0,1.8499835729599,22.512,125,128,6.486684e-03,
49,Q,3,0,1.9057824611663818,22.389,124,128,6.676248e-03,
49,Q,4,0,2.0014383792877197,17.711,125,128,6.084928e-03,
49,Q,5,0,2.8458545207977295,11.024,123,128,6.466920e-03,
49,Q,6,0,2.6338255405426025,10.48,124,128,5.959934e-03,
49,Q,7,0,2.6159276962280273,10.583,122,128,6.070385e-03,
49,Q,8,0,2.0064775943756104,17.023,124,128,6.011109e-03,
49,Q,9,0,2.634857177734375,10.563,116,126,6.000753e-03,
49,Q,10,0,1.9016401767730713,21.219,123,128,6.411500e-03,
49,Q,11,0,2.4554283618927,10.733,118,126,5.694138e-03,
49,Q,12,0,2.32637619972229,12.921,123,128,5.781006e-03,
49,Q,13,0,1.6595988273620605,24.694,124,128,6.111065e-03,
49,Q,14,0,2.2958695888519287,16.701,124,128,6.955257e-03,
49,Q,15,0,2.2651994228363037,15.203,124,128,6.469906e-03,
49,Q,16,1,2.3450331687927246,13.347,123,128,6.158130e-03,
49,Q,17,1,2.213430404663086,15.607,124,128,6.346751e-03,
49,Q,18,1,2.656336545944214,10.908,120,127,6.252304e-03,
49,Q,19,1,3.0079689025878906,7.299,123,128,5.646523e-03,
49,Q,20,1,2.338536024093628,14.378,124,128,6.398940e-03,
49,Q,21,1,2.3497393131256104,14.501,125,128,6.440659e-03,
49,Q,22,1,2.911634683609009,6.928,121,127,5.465917e-03,
49,Q,23,1,2.6386544704437256,9.371,116,126,5.647727e-03,
49,Q,24,1,2.630230665206909,10.076,121,127,5.908687e-03,
49,Q,25,1,2.1287903785705566,18.053,124,128,6.484400e-03,
49,Q,26,1,2.255066394805908,13.596,124,128,6.006408e-03,
49,Q,27,1,2.2005763053894043,17.173,124,128,6.620097e-03,
49,Q,28,1,2.309396982192993,14.567,124,128,6.481885e-03,
49,Q,29,1,2.3030710220336914,14.304,124,128,6.353307e-03,
49,Q,30,1,2.3243374824523926,11.81,123,128,5.686794e-03,
49,Q,31,1,2.510923147201538,11.47,120,127,5.940548e-03,
49,QK,0,0,1.8542282581329346,12.783,101,121,,0
49,QK,1,0,1.812430739402771,10.254,110,124,,0
49,QK,2,0,1.8057587146759033,12.124,120,126,,0
49,QK,3,0,1.794306993484497,13.962,119,126,,0
49,QK,4,0,1.7302772998809814,12.267,121,126,,0
49,QK,5,0,2.038511276245117,12.317,116,126,,0
49,QK,6,0,1.9628313779830933,9.842,120,126,,0
49,QK,7,0,2.4304871559143066,7.8,114,125,,0
49,QK,8,0,1.6600855588912964,11.91,121,127,,0
49,QK,9,0,2.255871295928955,10.748,103,122,,0
49,QK,10,0,1.9422173500061035,11.357,118,125,,0
49,QK,11,0,1.7620002031326294,14.215,108,123,,0
49,QK,12,0,1.7401067018508911,10.876,119,126,,0
49,QK,13,0,1.8060576915740967,11.418,118,126,,0
49,QK,14,0,1.9212397336959839,12.488,119,126,,0
49,QK,15,0,1.7941148281097412,12.235,119,126,,0
49,QK,16,1,1.803394079208374,11.223,115,125,,0
49,QK,17,1,1.7640568017959595,14.557,113,124,,0
49,QK,18,1,2.0458309650421143,13.172,101,121,,0
49,QK,19,1,2.0378684997558594,9.174,112,124,,0
49,QK,20,1,1.9513744115829468,10.46,117,125,,0
49,QK,21,1,1.8158320188522339,12.87,116,125,,0
49,QK,22,1,1.7891159057617188,10.763,107,122,,0
49,QK,23,1,2.3027331829071045,9.646,94,118,,0
49,QK,24,1,1.971282720565796,12.223,105,122,,0
49,QK,25,1,1.8055870532989502,13.184,116,125,,0
49,QK,26,1,1.9357333183288574,10.741,113,124,,0
49,QK,27,1,2.0869174003601074,10.055,116,125,,0
49,QK,28,1,1.8314340114593506,13.586,113,124,,0
49,QK,29,1,2.1847448348999023,8.485,116,125,,0
49,QK,30,1,1.7252660989761353,13.402,109,123,,0
49,QK,31,1,1.8362051248550415,15.223,103,121,,0
49,V,0,0,0.9283325672149658,75.442,125,128,6.241909e-03,
49,V,1,1,0.9930381774902344,61.728,124,127,6.015022e-03,
49,VO,0,0,0.4496481716632843,71.039,122,127,,
49,VO,1,0,0.44884297251701355,68.134,123,128,,
49,VO,2,0,0.7273289561271667,32.648,121,127,,
49,VO,3,0,0.6714511513710022,38.204,122,127,,
49,VO,4,0,1.2102687358856201,12.997,121,127,,
49,VO,5,0,0.7795482873916626,26.065,121,127,,
49,VO,6,0,1.7761274576187134,4.85,118,126,,
49,VO,7,0,0.5696913599967957,46.542,123,127,,
49,VO,8,0,0.745215892791748,34.355,121,127,,
49,VO,9,0,0.4621526896953583,64.804,123,128,,
49,VO,10,0,0.4208114445209503,71.962,123,127,,
49,VO,11,0,0.4422898292541504,67.241,123,128,,
49,VO,12,0,1.9092639684677124,3.911,121,127,,
49,VO,13,0,0.7307808995246887,35.543,123,127,,
49,VO,14,0,0.5897007584571838,58.928,121,127,,
49,VO,15,0,0.644599437713623,49.534,122,127,,
49,VO,16,1,0.5239913463592529,47.518,123,127,,
49,VO,17,1,0.5577713847160339,48.933,122,127,,
49,VO,18,1,0.5423890352249146,47.832,121,127,,
49,VO,19,1,1.5449020862579346,3.476,120,127,,
49,VO,20,1,0.6765987277030945,36.449,122,127,,
49,VO,21,1,0.9117895364761353,21.429,121,127,,
49,VO,22,1,0.46065691113471985,60.673,123,127,,
49,VO,23,1,0.47286564111709595,53.504,123,127,,
49,VO,24,1,0.45420876145362854,64.742,123,127,,
49,VO,25,1,0.6841288208961487,41.938,122,127,,
49,VO,26,1,0.4831621050834656,53.081,123,127,,
49,VO,27,1,0.7365517020225525,27.57,122,127,,
49,VO,28,1,0.8769990801811218,25.538,120,126,,
49,VO,29,1,0.800495445728302,24.395,121,127,,
49,VO,30,1,0.45999911427497864,62.337,123,127,,
49,VO,31,1,0.42352747917175293,71.846,123,127,,
50,G,0,0,3.0355539321899414,8.548,124,128,7.992753e-03,
50,G,1,0,3.344965696334839,4.719,124,128,6.436017e-03,
50,G,2,0,3.0280447006225586,6.89,124,128,7.117305e-03,
50,G,3,0,2.427302837371826,7.028,123,128,5.796929e-03,
50,G,4,0,3.0705292224884033,2.68,121,127,4.445407e-03,
50,G,5,0,2.7707388401031494,7.651,124,128,6.874311e-03,
50,G,6,0,3.264392137527466,3.903,123,128,5.764648e-03,
50,G,7,0,2.622140645980835,6.939,123,128,6.217724e-03,
50,G,8,0,3.169105291366577,6.287,123,128,7.099439e-03,
50,G,9,0,2.406215190887451,6.711,124,128,5.616405e-03,
50,G,10,0,2.860257863998413,7.945,124,128,7.268683e-03,
50,G,11,0,3.2387876510620117,4.931,124,128,6.292370e-03,
50,G,12,0,2.92714786529541,7.419,125,128,7.148656e-03,
50,G,13,0,3.500321626663208,5.513,125,128,7.328473e-03,
50,G,14,0,2.7584547996520996,4.611,125,128,5.299453e-03,
50,G,15,0,3.5790488719940186,3.334,123,128,5.849394e-03,
50,G,16,1,3.325577974319458,4.499,125,128,6.401128e-03,
50,G,17,1,3.6244845390319824,3.105,124,128,5.746798e-03,
50,G,18,1,2.8462700843811035,4.175,125,128,5.268734e-03,
50,G,19,1,2.9813008308410645,4.726,124,128,5.867289e-03,
50,G,20,1,2.9329991340637207,3.336,125,128,4.861081e-03,
50,G,21,1,2.7876739501953125,5.249,126,128,5.776831e-03,
50,G,22,1,3.0132617950439453,5.778,125,128,6.567009e-03,
50,G,23,1,2.077233076095581,5.254,124,128,4.337792e-03,
50,G,24,1,2.8309478759765625,3.756,125,128,4.983442e-03,
50,G,25,1,2.767277240753174,4.706,124,128,5.448255e-03,
50,G,26,1,3.229215145111084,4.201,125,128,6.019442e-03,
50,G,27,1,3.0450961589813232,6.877,122,128,7.280877e-03,
50,G,28,1,3.025583505630493,4.426,125,128,5.779373e-03,
50,G,29,1,3.123042345046997,3.816,125,128,5.547751e-03,
50,G,30,1,3.1585776805877686,3.711,125,128,5.496326e-03,
50,G,31,1,3.1163337230682373,6.202,125,128,6.231627e-03,
50,K,0,0,2.3143537044525146,9.341,121,126,5.910547e-03,
50,K,1,1,2.1692399978637695,12.772,113,124,6.340666e-03,
50,O,0,0,1.2455332279205322,26.792,122,127,6.984618e-03,
50,O,1,0,1.0145071744918823,27.795,123,128,5.794573e-03,
50,O,2,0,0.9792513847351074,34.873,123,127,6.264988e-03,
50,O,3,0,0.8600603342056274,32.474,123,128,5.309805e-03,
50,O,4,0,0.6460385918617249,54.269,121,127,5.156059e-03,
50,O,5,0,0.9242920279502869,32.801,124,128,5.735010e-03,
50,O,6,0,1.2242798805236816,18.053,123,128,5.635527e-03,
50,O,7,0,0.8866300582885742,30.223,123,127,5.280734e-03,
50,O,8,0,0.8710232377052307,39.058,123,128,5.897484e-03,
50,O,9,0,0.785465657711029,37.99,124,128,5.244981e-03,
50,O,10,0,0.825194239616394,45.208,123,128,6.011020e-03,
50,O,11,0,1.001935362815857,25.616,123,128,5.493870e-03,
50,O,12,0,0.8667301535606384,40.843,123,128,6.001077e-03,
50,O,13,0,0.9844574928283691,40.411,124,128,6.780032e-03,
50,O,14,0,0.7457704544067383,45.907,124,128,5.474309e-03,
50,O,15,0,0.8873404264450073,34.517,123,128,5.647966e-03,
50,O,16,1,1.3230035305023193,23.36,125,128,6.927612e-03,
50,O,17,1,0.8357281684875488,57.789,124,128,6.882921e-03,
50,O,18,1,0.9378926157951355,35.621,124,128,6.064397e-03,
50,O,19,1,1.016699194908142,34.579,125,128,6.477085e-03,
50,O,20,1,0.8881059288978577,46.174,124,127,6.538020e-03,
50,O,21,1,1.1354327201843262,28.238,124,128,6.536763e-03,
50,O,22,1,1.6626898050308228,10.996,124,128,5.973374e-03,
50,O,23,1,0.7237511277198792,60.466,125,128,6.097189e-03,
50,O,24,1,0.7294783592224121,61.899,125,128,6.217837e-03,
50,O,25,1,1.1147937774658203,23.433,125,128,5.846517e-03,
50,O,26,1,1.4078654050827026,19.022,124,128,6.652277e-03,
50,O,27,1,1.970795750617981,8.877,124,128,6.361394e-03,
50,O,28,1,0.8065530061721802,55.066,125,128,6.484215e-03,
50,O,29,1,0.7816547155380249,57.68,124,128,6.431501e-03,
50,O,30,1,0.7340906262397766,63.896,125,128,6.357265e-03,
50,O,31,1,5.032204627990723,1.58,119,127,6.853061e-03,
50,Q,0,0,2.9650843143463135,4.632,118,126,5.406769e-03,
50,Q,1,0,2.062389612197876,12.878,125,128,6.588772e-03,
50,Q,2,0,2.3502211570739746,8.841,120,127,6.088771e-03,
50,Q,3,0,1.1226879358291626,42.967,125,128,6.678532e-03,
50,Q,4,0,1.672717809677124,13.951,119,127,5.345319e-03,
50,Q,5,0,1.4128727912902832,28.854,125,128,6.862173e-03,
50,Q,6,0,2.1053614616394043,11.735,121,127,6.361078e-03,
50,Q,7,0,1.2459535598754883,31.581,125,128,6.323382e-03,
50,Q,8,0,1.77195143699646,17.375,125,128,6.602473e-03,
50,Q,9,0,1.1752386093139648,42.853,126,128,6.967266e-03,
50,Q,10,0,1.700714349746704,11.53,124,128,5.181261e-03,
50,Q,11,0,2.1121273040771484,12.177,125,128,6.562911e-03,
50,Q,12,0,1.5906037092208862,24.11,125,128,7.068878e-03,
50,Q,13,0,2.0175812244415283,14.564,125,128,6.934092e-03,
50,Q,14,0,1.8445183038711548,14.073,124,128,6.185958e-03,
50,Q,15,0,2.1576836109161377,10.591,117,126,5.918041e-03,
50,Q,16,1,2.0830206871032715,12.837,123,128,6.520431e-03,
50,Q,17,1,2.266557455062866,8.873,118,127,5.589180e-03,
50,Q,18,1,2.1353280544281006,9.321,121,127,5.465607e-03,
50,Q,19,1,1.9862515926361084,11.311,123,128,5.740469e-03,
50,Q,20,1,2.113053560256958,10.961,121,127,5.931840e-03,
50,Q,21,1,2.374739408493042,7.333,122,128,5.574158e-03,
50,Q,22,1,2.1835291385650635,8.756,123,128,5.564609e-03,
50,Q,23,1,1.8756181001663208,14.284,124,128,6.153903e-03,
50,Q,24,1,2.020744562149048,11.338,121,127,5.788292e-03,
50,Q,25,1,1.3301995992660522,17.17,122,127,4.755165e-03,
50,Q,26,1,2.2363343238830566,11.865,123,127,6.684125e-03,
50,Q,27,1,2.092463493347168,12.268,123,128,6.329920e-03,
50,Q,28,1,2.018224000930786,12.892,123,127,6.240555e-03,
50,Q,29,1,2.1438071727752686,12.798,122,127,6.561668e-03,
50,Q,30,1,2.0706403255462646,13.061,121,127,6.397936e-03,
50,Q,31,1,1.9281256198883057,8.72,123,128,4.776515e-03,
50,QK,0,0,2.937743902206421,2.342,108,123,,0
50,QK,1,0,1.5744062662124634,7.489,121,126,,0
50,QK,2,0,2.736666440963745,3.25,111,124,,0
50,QK,3,0,1.6348873376846313,7.464,120,126,,0
50,QK,4,0,2.0847575664520264,4.277,110,123,,0
50,QK,5,0,1.723892331123352,7.068,120,126,,0
50,QK,6,0,2.1974830627441406,4.606,115,124,,0
50,QK,7,0,1.753981590270996,5.946,120,126,,0
50,QK,8,0,1.685638189315796,6.706,121,126,,0
50,QK,9,0,1.7721192836761475,7.077,120,126,,0
50,QK,10,0,1.6225831508636475,5.008,118,125,,0
50,QK,11,0,1.4898993968963623,7.762,122,127,,0
50,QK,12,0,1.788233757019043,6.889,121,126,,0
50,QK,13,0,2.0290310382843018,5.397,120,126,,0
50,QK,14,0,2.2500994205474854,3.934,118,125,,0
50,QK,15,0,2.4359588623046875,4.178,106,122,,0
50,QK,16,1,1.7519023418426514,7.939,108,123,,0
50,QK,17,1,1.7538689374923706,8.332,94,118,,0
50,QK,18,1,1.6842201948165894,7.303,104,121,,0
50,QK,19,1,1.630659580230713,7.461,109,123,,0
50,QK,20,1,1.8838200569152832,7.166,102,120,,0
50,QK,21,1,1.5834431648254395,6.632,107,122,,0
50,QK,22,1,1.7178047895431519,5.199,113,124,,0
50,QK,23,1,1.9309518337249756,5.663,112,123,,0
50,QK,24,1,1.6676251888275146,8.285,103,121,,0
50,QK,25,1,1.3905783891677856,7.03,107,122,,0
50,QK,26,1,1.9536219835281372,7.35,106,122,,0
50,QK,27,1,2.2014031410217285,5.298,108,122,,0
50,QK,28,1,1.8416898250579834,7.195,107,122,,0
50,QK,29,1,1.964487910270691,7.508,105,121,,0
50,QK,30,1,1.8438316583633423,8.345,102,120,,0
50,QK,31,1,1.4351776838302612,6.227,110,123,,0
50,V,0,0,1.4556195735931396,17.763,124,128,5.517279e-03,
50,V,1,1,0.890851616859436,62.867,124,126,6.685500e-03,
50,VO,0,0,1.5158637762069702,6.039,118,126,,
50,VO,1,0,0.753829300403595,15.171,120,127,,
50,VO,2,0,0.9875363707542419,10.923,119,127,,
50,VO,3,0,0.8966267108917236,9.857,118,127,,
50,VO,4,0,0.46323344111442566,27.175,121,127,,
50,VO,5,0,0.9247017502784729,10.39,120,127,,
50,VO,6,0,0.8367010354995728,11.406,120,127,,
50,VO,7,0,0.8684421181678772,9.97,119,127,,
50,VO,8,0,0.8872742056846619,11.54,120,127,,
50,VO,9,0,0.8173291087150574,11.172,119,127,,
50,VO,10,0,0.9274415373802185,11.479,119,127,,
50,VO,11,0,0.7584341764450073,13.31,120,127,,
50,VO,12,0,0.908495306968689,11.558,120,127,,
50,VO,13,0,0.8370167016983032,16.422,121,127,,
50,VO,14,0,0.6768366098403931,16.327,121,127,,
50,VO,15,0,0.8607244491577148,10.521,121,127,,
50,VO,16,1,0.7054713368415833,31.697,122,126,,
50,VO,17,1,0.4660254716873169,71.332,122,126,,
50,VO,18,1,0.4174138009548187,68.492,122,126,,
50,VO,19,1,0.5567694306373596,44.661,122,126,,
50,VO,20,1,0.43352770805358887,74.562,121,125,,
50,VO,21,1,0.4693800210952759,62.479,122,126,,
50,VO,22,1,0.4851677119731903,46.03,122,127,,
50,VO,23,1,0.43920373916625977,63.584,122,126,,
50,VO,24,1,0.4444423317909241,64.819,122,126,,
50,VO,25,1,0.4301431179046631,59.48,123,126,,
50,VO,26,1,0.5453740358352661,47.292,122,127,,
50,VO,27,1,0.8663047552108765,16.475,122,126,,
50,VO,28,1,0.4829568862915039,59.853,122,126,,
50,VO,29,1,0.49923789501190186,54.826,122,126,,
50,VO,30,1,0.4447009861469269,67.403,123,126,,
50,VO,31,1,1.3819563388824463,3.946,121,127,,
51,G,0,0,3.1977698802948,5.655,123,128,6.324941e-03,
51,G,1,0,3.2375500202178955,5.582,124,128,6.334239e-03,
51,G,2,0,3.5254507064819336,5.727,123,128,6.989966e-03,
51,G,3,0,3.191680669784546,2.848,123,128,4.424132e-03,
51,G,4,0,3.60145902633667,4.821,122,127,6.533594e-03,
51,G,5,0,3.5069499015808105,5.737,125,128,6.965381e-03,
51,G,6,0,3.8887152671813965,4.999,122,128,7.142022e-03,
51,G,7,0,3.6724846363067627,5.606,124,128,7.202978e-03,
51,G,8,0,3.7654309272766113,4.936,121,128,6.912316e-03,
51,G,9,0,3.4434878826141357,5.665,123,128,6.801347e-03,
51,G,10,0,3.5475335121154785,5.371,123,128,6.797492e-03,
51,G,11,0,3.6245923042297363,5.689,120,127,7.186816e-03,
51,G,12,0,3.2644269466400146,5.351,123,128,6.261746e-03,
51,G,13,0,3.2310898303985596,5.648,125,128,6.357563e-03,
51,G,14,0,3.579435348510742,5.344,121,127,6.838403e-03,
51,G,15,0,3.686013698577881,5.388,123,127,7.090672e-03,
51,G,16,1,3.118515968322754,3.486,122,128,4.737942e-03,
51,G,17,1,3.1055080890655518,3.735,122,128,4.884335e-03,
51,G,18,1,3.1811444759368896,5.759,124,128,6.311552e-03,
51,G,19,1,3.1180269718170166,3.934,122,128,5.039859e-03,
51,G,20,1,3.2012765407562256,3.936,122,128,5.209413e-03,
51,G,21,1,2.974316120147705,6.704,121,127,6.369948e-03,
51,G,22,1,3.228336811065674,4.08,121,128,5.354787e-03,
51,G,23,1,3.220240831375122,6.007,124,128,6.527932e-03,
51,G,24,1,2.989847421646118,3.553,123,128,4.587743e-03,
51,G,25,1,2.9112660884857178,5.659,124,128,5.735493e-03,
51,G,26,1,3.1784110069274902,4.15,123,128,5.311038e-03,
51,G,27,1,3.430845022201538,6.333,121,127,7.137056e-03,
51,G,28,1,3.1191887855529785,3.433,123,128,4.733064e-03,
51,G,29,1,2.8901772499084473,3.435,122,128,4.374675e-03,
51,G,30,1,3.4095823764801025,4.788,123,128,6.151793e-03,
51,G,31,1,3.0835888385772705,4.362,122,128,5.285931e-03,
51,K,0,0,2.459743022918701,13.328,124,127,7.042853e-03,
51,K,1,1,1.9953478574752808,14.056,122,127,5.052952e-03,
51,O,0,0,0.8512821793556213,40.908,122,127,5.898803e-03,
51,O,1,0,0.9898963570594788,30.164,122,128,5.890068e-03,
51,O,2,0,0.8354872465133667,49.037,123,128,6.338515e-03,
51,O,3,0,0.6880495548248291,47.568,122,127,5.141176e-03,
51,O,4,0,0.8737823963165283,38.022,122,128,5.837181e-03,
51,O,5,0,0.7408393025398254,63.011,124,128,6.371130e-03,
51,O,6,0,1.1936856508255005,22.299,121,127,6.106870e-03,
51,O,7,0,0.8609041571617126,45.433,123,127,6.286735e-03,
51,O,8,0,0.8569114208221436,42.804,120,127,6.073814e-03,
51,O,9,0,1.0790261030197144,27.447,121,127,6.124401e-03,
51,O,10,0,0.9282504320144653,34.782,122,128,5.930963e-03,
51,O,11,0,0.9441755414009094,37.293,119,127,6.246708e-03,
51,O,12,0,0.9180359244346619,32.381,120,127,5.659682e-03,
51,O,13,0,0.7610717415809631,55.214,124,128,6.126819e-03,
51,O,14,0,0.8361228108406067,42.082,121,127,5.876250e-03,
51,O,15,0,0.7745228409767151,53.193,123,128,6.119924e-03,
51,O,16,1,0.9164038896560669,39.644,124,128,6.251160e-03,
51,O,17,1,0.9543091058731079,37.148,123,127,6.301482e-03,
51,O,18,1,0.8115155696868896,45.972,123,128,5.961124e-03,
51,O,19,1,0.9986197352409363,34.596,124,127,6.363545e-03,
51,O,20,1,0.970832109451294,40.151,123,127,6.664665e-03,
51,O,21,1,0.9017475843429565,42.907,121,127,6.399294e-03,
51,O,22,1,0.8936564922332764,42.186,123,127,6.288413e-03,
51,O,23,1,0.9124094843864441,38.735,122,127,6.152132e-03,
51,O,24,1,0.8807805180549622,40.623,124,128,6.081894e-03,
51,O,25,1,1.0582355260849,25.121,118,127,5.746234e-03,
51,O,26,1,0.9723652601242065,38.048,123,127,6.498042e-03,
51,O,27,1,0.9296910762786865,44.834,122,127,6.744117e-03,
51,O,28,1,1.2201297283172607,24.622,123,127,6.559157e-03,
51,O,29,1,0.8733994960784912,37.085,123,127,5.762334e-03,
51,O,30,1,0.9005624055862427,38.026,121,127,6.016421e-03,
51,O,31,1,0.7549657821655273,54.824,124,127,6.056156e-03,
51,Q,0,0,1.5023092031478882,22.457,125,128,5.877190e-03,
51,Q,1,0,1.8124134540557861,19.354,124,128,6.543833e-03,
51,Q,2,0,1.5264546871185303,26.638,125,128,6.585669e-03,
51,Q,3,0,2.5339550971984863,8.556,124,128,5.957389e-03,
51,Q,4,0,1.7705355882644653,21.14,124,128,6.716058e-03,
51,Q,5,0,1.4194592237472534,30.757,125,128,6.567557e-03,
51,Q,6,0,2.2794346809387207,13.259,123,128,6.855463e-03,
51,Q,7,0,1.530229926109314,29.218,125,128,6.878295e-03,
51,Q,8,0,1.828879714012146,19.486,124,128,6.685588e-03,
51,Q,9,0,1.7268035411834717,22.535,124,128,6.769753e-03,
51,Q,10,0,1.5476627349853516,21.002,123,128,5.837687e-03,
51,Q,11,0,1.9869871139526367,16.405,124,128,6.605214e-03,
51,Q,12,0,2.0654780864715576,13.996,124,128,6.307280e-03,
51,Q,13,0,1.3432217836380005,30.932,125,128,6.222952e-03,
51,Q,14,0,1.7660722732543945,21.149,124,128,6.735467e-03,
51,Q,15,0,1.5009753704071045,29.005,125,128,6.743748e-03,
51,Q,16,1,1.9364556074142456,18.476,123,128,6.347704e-03,
51,Q,17,1,1.689149260520935,16.923,123,128,5.264088e-03,
51,Q,18,1,1.7353544235229492,15.89,124,128,5.658733e-03,
51,Q,19,1,1.8634746074676514,16.963,123,128,5.812717e-03,
51,Q,20,1,1.8795456886291504,15.768,123,128,5.658938e-03,
51,Q,21,1,1.314111590385437,19.17,124,128,4.752002e-03,
51,Q,22,1,1.694267988204956,20.953,122,128,5.895964e-03,
51,Q,23,1,1.4260435104370117,28.273,124,128,6.310098e-03,
51,Q,24,1,1.6968004703521729,17.828,122,128,5.411819e-03,
51,Q,25,1,2.0248780250549316,15.781,124,128,6.375688e-03,
51,Q,26,1,1.92912757396698,16.5,123,128,5.989610e-03,
51,Q,27,1,2.15864634513855,8.155,121,127,4.735408e-03,
51,Q,28,1,1.9203057289123535,15.475,121,127,5.708024e-03,
51,Q,29,1,1.6357520818710327,14.583,125,128,5.002685e-03,
51,Q,30,1,1.549505352973938,24.118,123,128,6.319894e-03,
51,Q,31,1,1.7687759399414062,20.099,123,128,6.077376e-03,
51,QK,0,0,1.8372126817703247,9.285,123,128,,1
51,QK,1,0,1.9006237983703613,10.866,122,127,,1
51,QK,2,0,1.7286850214004517,12.183,124,127,,1
51,QK,3,0,2.381564140319824,6.133,122,127,,1
51,QK,4,0,1.864494800567627,11.645,122,127,,1
51,QK,5,0,1.716599941253662,12.267,124,127,,1
51,QK,6,0,1.862992763519287,11.768,121,127,,1
51,QK,7,0,1.7335063219070435,13.334,124,127,,1
51,QK,8,0,2.081346035003662,9.329,123,127,,1
51,QK,9,0,1.8886144161224365,11.449,122,127,,1
51,QK,10,0,1.5866124629974365,12.242,122,127,,1
51,QK,11,0,2.0015757083892822,10.233,122,127,,1
51,QK,12,0,2.2138288021087646,7.257,122,127,,1
51,QK,13,0,1.666888952255249,11.73,124,127,,1
51,QK,14,0,1.8690450191497803,11.346,123,127,,1
51,QK,15,0,1.7181143760681152,13.183,123,127,,1
51,QK,16,1,1.725040316581726,10.906,119,127,,1
51,QK,17,1,1.445852279663086,11.092,119,127,,1
51,QK,18,1,1.3988209962844849,9.617,122,127,,1
51,QK,19,1,1.5437654256820679,11.796,118,127,,1
51,QK,20,1,1.4819252490997314,12.008,119,127,,1
51,QK,21,1,1.1419566869735718,9.749,120,127,,1
51,QK,22,1,1.5345702171325684,12.129,118,126,,1
51,QK,23,1,1.4467406272888184,10.498,121,127,,1
51,QK,24,1,1.4680944681167603,11.639,118,127,,1
51,QK,25,1,1.812103271484375,8.53,120,127,,1
51,QK,26,1,1.5471165180206299,11.816,119,127,,1
51,QK,27,1,1.7509547472000122,6.14,114,125,,1
51,QK,28,1,1.5351859331130981,11.96,117,127,,1
51,QK,29,1,1.158977746963501,11.767,122,127,,1
51,QK,30,1,1.4897105693817139,9.672,120,127,,1
51,QK,31,1,1.6191067695617676,11.061,120,127,,1
51,V,0,0,1.3316311836242676,33.686,124,127,6.435951e-03,
51,V,1,1,1.1840262413024902,54.346,120,127,5.805887e-03,
51,VO,0,0,0.6498594284057617,32.387,120,126,,
51,VO,1,0,0.7661402225494385,23.412,119,127,,
51,VO,2,0,0.6336300373077393,39.935,120,126,,
51,VO,3,0,0.4565489590167999,45.998,121,127,,
51,VO,4,0,0.643083393573761,32.247,120,127,,
51,VO,5,0,0.6256601810455322,41.129,122,127,,
51,VO,6,0,0.9851254224777222,15.558,117,126,,
51,VO,7,0,0.7100130915641785,31.454,121,127,,
51,VO,8,0,0.6815035343170166,31.85,117,125,,
51,VO,9,0,0.7698702216148376,24.894,119,126,,
51,VO,10,0,0.7281426191329956,26.21,120,127,,
51,VO,11,0,0.7135064005851746,29.876,117,126,,
51,VO,12,0,0.748604953289032,22.83,117,126,,
51,VO,13,0,0.6880306005477905,31.503,122,127,,
51,VO,14,0,0.6402693390846252,33.369,119,126,,
51,VO,15,0,0.6265193223953247,37.789,120,126,,
51,VO,16,1,0.7494510412216187,35.874,117,126,,
51,VO,17,1,0.7025550603866577,39.467,119,126,,
51,VO,18,1,0.6784091591835022,41.6,114,125,,
51,VO,19,1,0.7488675713539124,36.554,119,126,,
51,VO,20,1,0.6332770586013794,54.879,119,126,,
51,VO,21,1,0.7642213702201843,39.205,112,124,,
51,VO,22,1,0.7634888887405396,34.439,117,126,,
51,VO,23,1,0.7503762245178223,36.369,114,125,,
51,VO,24,1,0.5957313776016235,53.177,118,126,,
51,VO,25,1,0.7300138473510742,33.189,110,123,,
51,VO,26,1,0.6760385632514954,46.839,116,125,,
51,VO,27,1,0.8465819954872131,35.066,113,124,,
51,VO,28,1,0.6191699504852295,57.392,116,126,,
51,VO,29,1,0.5572112202644348,53.426,117,125,,
51,VO,30,1,0.7458751797676086,35.26,113,124,,
51,VO,31,1,0.6596531867980957,42.027,119,126,,
