layer,matrix,head,kv_group,sigma1,stable_rank,er99,er999,head_rms_raw,exact
0,Q,0,0,0.08694968372583389,5.744,115,123,2.467585e-02,
0,Q,1,0,0.12120591849088669,3.013,114,122,2.486759e-02,
0,Q,2,0,0.07654722779989243,8.814,112,121,2.741622e-02,
0,Q,3,0,0.0977427214384079,4.373,115,123,2.432176e-02,
0,Q,4,1,0.03622632101178169,43.461,122,126,2.891623e-02,
0,Q,5,1,0.07077956944704056,6.499,119,123,2.161030e-02,
0,Q,6,1,0.03408419340848923,49.311,121,126,2.897437e-02,
0,Q,7,1,0.031549274921417236,57.721,121,126,2.902918e-02,
0,Q,8,2,0.0832257866859436,6.605,119,124,2.557504e-02,
0,Q,9,2,0.05109664425253868,13.341,118,123,2.248945e-02,
0,Q,10,2,0.029878972098231316,64.665,121,126,2.911911e-02,
0,Q,11,2,0.03274138644337654,54.282,122,126,2.921298e-02,
0,Q,12,3,0.07384762167930603,8.419,117,123,2.576093e-02,
0,Q,13,3,0.03665793314576149,40.911,120,126,2.842133e-02,
0,Q,14,3,0.03779197111725807,38.544,120,126,2.844455e-02,
0,Q,15,3,0.05655230954289436,10.934,116,122,2.246076e-02,
0,Q,16,4,0.03454790264368057,47.729,120,126,2.890372e-02,
0,Q,17,4,0.031112687662243843,58.418,120,125,2.882806e-02,
0,Q,18,4,0.05057195574045181,14.54,119,124,2.320464e-02,
0,Q,19,4,0.037687577307224274,40.118,120,126,2.888896e-02,
0,Q,20,5,0.032571811228990555,52.882,121,126,2.872226e-02,
0,Q,21,5,0.08837661892175674,4.832,117,123,2.335125e-02,
0,Q,22,5,0.050713516771793365,11.821,117,123,2.095499e-02,
0,Q,23,5,0.035585880279541016,44.658,120,126,2.882612e-02,
0,Q,24,6,0.04979130998253822,22.354,118,125,2.845870e-02,
0,Q,25,6,0.1027248278260231,3.276,118,124,2.221730e-02,
0,Q,26,6,0.07181402295827866,6.024,116,122,2.112448e-02,
0,Q,27,6,0.10625682771205902,3.719,116,123,2.407071e-02,
0,Q,28,7,0.04093537479639053,12.485,118,123,1.738367e-02,
0,Q,29,7,0.11489398032426834,2.836,119,124,2.260221e-02,
0,Q,30,7,0.03262004628777504,53.253,120,126,2.883556e-02,
0,Q,31,7,0.03568199649453163,44.922,120,126,2.895887e-02,
0,K,0,0,0.07342679053544998,9.263,116,125,2.674033e-02,
0,K,1,1,0.05661202222108841,19.057,121,126,2.967021e-02,
0,K,2,2,0.06036319583654404,16.883,122,126,2.977911e-02,
0,K,3,3,0.0747586116194725,10.316,120,126,2.855679e-02,
0,K,4,4,0.04973098635673523,24.235,120,125,2.942012e-02,
0,K,5,5,0.06770697981119156,12.532,119,126,2.877698e-02,
0,K,6,6,0.06508687883615494,12.784,118,126,2.796259e-02,
0,K,7,7,0.051538094878196716,22.412,120,125,2.934864e-02,
0,V,0,0,0.028523238375782967,63.935,125,128,2.756295e-02,
0,V,1,1,0.029831724241375923,42.877,124,127,2.368221e-02,
0,V,2,2,0.025915028527379036,63.668,126,128,2.506929e-02,
0,V,3,3,0.02677634358406067,62.318,126,128,2.570160e-02,
0,V,4,4,0.029571084305644035,59.5,125,128,2.762168e-02,
0,V,5,5,0.02834901586174965,50.652,126,128,2.439857e-02,
0,V,6,6,0.024791480973362923,64.528,125,128,2.412486e-02,
0,V,7,7,0.030162682756781578,47.019,125,128,2.505831e-02,
0,O,0,0,5.2051520347595215,12.181,120,126,2.508902e-02,
0,O,1,0,2.651529550552368,63.961,124,127,2.928635e-02,
0,O,2,0,2.855170488357544,43.351,123,127,2.596217e-02,
0,O,3,0,5.496212005615234,8.081,120,126,2.157751e-02,
0,O,4,1,3.4566638469696045,22.579,123,127,2.268380e-02,
0,O,5,1,2.558436632156372,53.824,122,126,2.592234e-02,
0,O,6,1,3.156582832336426,22.779,123,127,2.080627e-02,
0,O,7,1,3.125401258468628,22.348,124,127,2.040496e-02,
0,O,8,2,2.804243564605713,65.469,124,127,3.133595e-02,
0,O,9,2,2.3759639263153076,53.639,124,127,2.403211e-02,
0,O,10,2,3.2870500087738037,19.622,124,128,2.010873e-02,
0,O,11,2,3.4104511737823486,17.787,125,128,1.986419e-02,
0,O,12,3,2.850829839706421,60.299,126,128,3.057282e-02,
0,O,13,3,3.836211919784546,20.733,125,128,2.412354e-02,
0,O,14,3,3.6793153285980225,24.31,125,128,2.505370e-02,
0,O,15,3,2.7350642681121826,38.682,126,128,2.349279e-02,
0,O,16,4,3.2850563526153564,36.427,124,127,2.738185e-02,
0,O,17,4,3.50905442237854,36.915,124,127,2.944446e-02,
0,O,18,4,2.305960178375244,54.798,123,127,2.357454e-02,
0,O,19,4,3.1914093494415283,32.563,125,127,2.515102e-02,
0,O,20,5,2.903268814086914,52.996,125,128,2.918890e-02,
0,O,21,5,2.4877214431762695,58.128,126,128,2.619408e-02,
0,O,22,5,2.6748239994049072,32.809,126,128,2.115945e-02,
0,O,23,5,2.9901282787323,27.588,125,128,2.168999e-02,
0,O,24,6,3.035691738128662,37.061,124,128,2.552263e-02,
0,O,25,6,4.306711196899414,11.444,122,127,2.012073e-02,
0,O,26,6,2.6817190647125244,35.495,124,128,2.206527e-02,
0,O,27,6,4.863372802734375,16.746,120,127,2.748527e-02,
0,O,28,7,2.4863572120666504,48.065,124,127,2.380626e-02,
0,O,29,7,3.078878164291382,31.627,125,128,2.391276e-02,
0,O,30,7,3.518965721130371,26.243,124,127,2.489605e-02,
0,O,31,7,3.3501577377319336,24.963,125,128,2.311641e-02,
0,VO,0,0,0.10625936090946198,12.051,119,126,,
0,VO,1,0,0.06199279800057411,47.999,124,127,,
0,VO,2,0,0.06220417842268944,37.775,122,127,,
0,VO,3,0,0.10759544372558594,8.461,119,126,,
0,VO,4,1,0.08734389394521713,12.364,120,126,,
0,VO,5,1,0.04802889749407768,47.491,119,125,,
0,VO,6,1,0.0840320959687233,11.7,119,126,,
0,VO,7,1,0.0823332667350769,11.792,119,126,,
0,VO,8,2,0.05298502370715141,61.711,123,127,,
0,VO,9,2,0.044744256883859634,50.653,123,127,,
0,VO,10,2,0.07747863233089447,12.051,124,127,,
0,VO,11,2,0.08002770692110062,11.203,124,127,,
0,VO,12,3,0.05260911211371422,61.991,125,128,,
0,VO,13,3,0.08417881280183792,15.392,124,127,,
0,VO,14,3,0.08279383182525635,17.108,124,127,,
0,VO,15,3,0.04537004977464676,48.743,125,128,,
0,VO,16,4,0.09142670035362244,20.367,122,126,,
0,VO,17,4,0.08674076944589615,26.734,121,126,,
0,VO,18,4,0.047701261937618256,50.751,122,126,,
0,VO,19,4,0.08530732244253159,20.137,122,127,,
0,VO,20,5,0.0770021304488182,24.909,124,128,,
0,VO,21,5,0.04290052875876427,61.785,125,128,,
0,VO,22,5,0.04357030987739563,38.653,125,128,,
0,VO,23,5,0.07615087926387787,14.015,125,128,,
0,VO,24,6,0.06992410868406296,22.255,122,127,,
0,VO,25,6,0.08303546905517578,9.936,120,127,,
0,VO,26,6,0.05059834197163582,32.043,121,127,,
0,VO,27,6,0.09999377280473709,14.044,116,126,,
0,VO,28,7,0.048620451241731644,41.853,124,126,,
0,VO,29,7,0.06535112112760544,23.725,124,127,,
0,VO,30,7,0.08330599218606949,17.399,123,126,,
0,VO,31,7,0.08754626661539078,13.675,123,127,,
1,Q,0,0,0.1723153442144394,9.131,120,127,2.443389e-02,
1,Q,1,0,0.12101998925209045,15.528,122,127,2.395043e-02,
1,Q,2,0,0.11197245866060257,20.757,123,128,2.538206e-02,
1,Q,3,0,0.1284262239933014,15.166,121,127,2.426644e-02,
1,Q,4,1,0.23000745475292206,4.222,113,124,2.088396e-02,
1,Q,5,1,0.15586984157562256,11.306,118,126,2.504065e-02,
1,Q,6,1,0.14381836354732513,11.311,120,127,2.313802e-02,
1,Q,7,1,0.2096783071756363,6.272,115,125,2.361075e-02,
1,Q,8,2,0.12945552170276642,13.905,120,127,2.330521e-02,
1,Q,9,2,0.12097733467817307,17.709,122,128,2.502182e-02,
1,Q,10,2,0.13843095302581787,11.056,121,126,2.148955e-02,
1,Q,11,2,0.14472392201423645,10.095,122,127,2.148436e-02,
1,Q,12,3,0.17421692609786987,8.487,120,126,2.443904e-02,
1,Q,13,3,0.18507800996303558,7.653,119,126,2.497381e-02,
1,Q,14,3,0.12585288286209106,15.136,120,126,2.318854e-02,
1,Q,15,3,0.18557937443256378,8.291,119,127,2.499281e-02,
1,Q,16,4,0.18810904026031494,6.725,115,125,2.251891e-02,
1,Q,17,4,0.19208835065364838,5.554,117,125,1.937526e-02,
1,Q,18,4,0.15276330709457397,10.302,118,126,2.195569e-02,
1,Q,19,4,0.1316739171743393,14.716,116,125,2.393313e-02,
1,Q,20,5,0.13412198424339294,13.938,121,127,2.372302e-02,
1,Q,21,5,0.186612069606781,7.717,117,126,2.242677e-02,
1,Q,22,5,0.1396692842245102,13.292,121,127,2.389808e-02,
1,Q,23,5,0.15395621955394745,9.331,120,127,2.217400e-02,
1,Q,24,6,0.24708952009677887,4.344,115,125,2.003927e-02,
1,Q,25,6,0.22394001483917236,4.701,113,124,2.051896e-02,
1,Q,26,6,0.15015779435634613,9.868,116,126,2.132338e-02,
1,Q,27,6,0.16768838465213776,7.668,117,126,2.028448e-02,
1,Q,28,7,0.1956699788570404,7.27,121,127,2.373066e-02,
1,Q,29,7,0.1848212033510208,7.032,108,124,2.150842e-02,
1,Q,30,7,0.20204108953475952,6.72,110,124,2.304581e-02,
1,Q,31,7,0.12291677296161652,17.851,118,126,2.373840e-02,
1,K,0,0,0.12145047634840012,19.302,123,128,2.673189e-02,
1,K,1,1,0.15398943424224854,10.375,121,127,2.423316e-02,
1,K,2,2,0.16538292169570923,10.873,122,128,2.623571e-02,
1,K,3,3,0.1040433868765831,23.848,123,128,2.564308e-02,
1,K,4,4,0.11813834309577942,18.516,121,128,2.477179e-02,
1,K,5,5,0.15579746663570404,12.076,121,127,2.555409e-02,
1,K,6,6,0.20377156138420105,5.722,117,126,2.319513e-02,
1,K,7,7,0.08668842911720276,35.648,119,127,2.461387e-02,
1,V,0,0,0.05916197597980499,87.879,126,128,2.965846e-02,
1,V,1,1,0.0646497830748558,58.082,126,128,2.535902e-02,
1,V,2,2,0.065497025847435,69.44,126,128,2.923578e-02,
1,V,3,3,0.06346938759088516,86.133,126,128,3.069464e-02,
1,V,4,4,0.07833582907915115,37.156,125,128,2.425937e-02,
1,V,5,5,0.06216037645936012,58.813,126,128,2.545240e-02,
1,V,6,6,0.10170556604862213,26.747,125,128,2.689857e-02,
1,V,7,7,0.065086230635643,42.837,125,128,2.157192e-02,
1,O,0,0,2.648773431777954,48.643,125,128,2.551325e-02,
1,O,1,0,2.6850318908691406,55.044,126,128,2.751161e-02,
1,O,2,0,3.101548194885254,43.466,126,128,2.824009e-02,
1,O,3,0,2.642641305923462,54.259,126,128,2.688333e-02,
1,O,4,1,3.011448383331299,36.471,124,128,2.511665e-02,
1,O,5,1,3.5952303409576416,25.607,124,128,2.512564e-02,
1,O,6,1,3.247781276702881,33.673,124,128,2.602777e-02,
1,O,7,1,2.5784425735473633,44.351,124,128,2.371479e-02,
1,O,8,2,2.9131526947021484,43.807,125,128,2.662839e-02,
1,O,9,2,3.088791608810425,37.766,124,128,2.621499e-02,
1,O,10,2,3.0158703327178955,34.473,123,128,2.445466e-02,
1,O,11,2,3.028716802597046,37.957,124,128,2.576998e-02,
1,O,12,3,2.520617961883545,62.915,125,128,2.761183e-02,
1,O,13,3,2.7120280265808105,59.474,125,128,2.888477e-02,
1,O,14,3,3.0176949501037598,39.662,125,128,2.624667e-02,
1,O,15,3,2.4279510974884033,77.163,125,128,2.945472e-02,
1,O,16,4,2.9757721424102783,29.504,124,127,2.232304e-02,
1,O,17,4,3.962287425994873,18.836,122,127,2.374942e-02,
1,O,18,4,3.128382682800293,29.687,123,127,2.354056e-02,
1,O,19,4,3.4257848262786865,24.913,124,127,2.361456e-02,
1,O,20,5,3.373162031173706,25.861,124,128,2.369017e-02,
1,O,21,5,2.7338945865631104,41.829,124,128,2.441913e-02,
1,O,22,5,2.979632616043091,38.357,125,128,2.548576e-02,
1,O,23,5,3.1356019973754883,32.859,125,128,2.482327e-02,
1,O,24,6,4.745957851409912,13.702,122,127,2.426231e-02,
1,O,25,6,3.872845411300659,22.305,122,127,2.526042e-02,
1,O,26,6,2.6357691287994385,48.684,123,128,2.539870e-02,
1,O,27,6,2.8576548099517822,37.249,124,128,2.408687e-02,
1,O,28,7,3.3945839405059814,17.293,124,128,1.949530e-02,
1,O,29,7,2.3354735374450684,49.025,123,127,2.258356e-02,
1,O,30,7,2.919066905975342,48.01,122,127,2.793312e-02,
1,O,31,7,3.6193125247955322,17.153,124,128,2.070178e-02,
1,VO,0,0,0.14088593423366547,41.832,125,128,,
1,VO,1,0,0.13638810813426971,51.002,125,128,,
1,VO,2,0,0.14943845570087433,45.575,125,128,,
1,VO,3,0,0.13456463813781738,51.03,125,128,,
1,VO,4,1,0.1849447339773178,20.75,121,127,,
1,VO,5,1,0.18524271249771118,18.43,122,127,,
1,VO,6,1,0.16670818626880646,24.231,122,127,,
1,VO,7,1,0.14368203282356262,29.338,122,127,,
1,VO,8,2,0.1528007537126541,37.531,124,127,,
1,VO,9,2,0.15605977177619934,35.817,122,127,,
1,VO,10,2,0.17548377811908722,25.431,121,127,,
1,VO,11,2,0.17151489853858948,28.903,122,127,,
1,VO,12,3,0.13726182281970978,58.483,123,128,,
1,VO,13,3,0.14130359888076782,60.116,124,128,,
1,VO,14,3,0.14233645796775818,47.838,124,128,,
1,VO,15,3,0.1393831968307495,65.058,123,127,,
1,VO,16,4,0.159489706158638,19.482,121,127,,
1,VO,17,4,0.20913764834403992,13.254,120,126,,
1,VO,18,4,0.17285652458667755,18.813,120,127,,
1,VO,19,4,0.1900031864643097,15.633,121,127,,
1,VO,20,5,0.16670972108840942,20.188,123,128,,
1,VO,21,5,0.1383768767118454,30.211,123,128,,
1,VO,22,5,0.15486085414886475,26.97,123,128,,
1,VO,23,5,0.1457107812166214,28.305,123,128,,
1,VO,24,6,0.47459810972213745,4.393,114,126,,
1,VO,25,6,0.38551923632621765,6.67,114,126,,
1,VO,26,6,0.22197124361991882,16.136,119,127,,
1,VO,27,6,0.2613898813724518,10.815,120,127,,
1,VO,28,7,0.19117958843708038,9.499,120,126,,
1,VO,29,7,0.10688121616840363,34.752,120,127,,
1,VO,30,7,0.1258319765329361,38.19,120,126,,
1,VO,31,7,0.2034919112920761,9.178,121,126,,
2,Q,0,0,0.2205517590045929,13.118,122,128,2.524463e-02,
2,Q,1,0,0.19062428176403046,17.828,123,128,2.547657e-02,
2,Q,2,0,0.16764524579048157,22.838,122,128,2.547138e-02,
2,Q,3,0,0.1695108413696289,19.293,122,126,2.395755e-02,
2,Q,4,1,0.25440239906311035,10.51,118,126,2.397426e-02,
2,Q,5,1,0.19377116858959198,18.75,120,127,2.611433e-02,
2,Q,6,1,0.19252623617649078,17.588,117,126,2.542426e-02,
2,Q,7,1,0.17429843544960022,22.036,118,127,2.682324e-02,
2,Q,8,2,0.1819465458393097,18.218,122,127,2.515514e-02,
2,Q,9,2,0.17374634742736816,19.79,123,128,2.474848e-02,
2,Q,10,2,0.19862684607505798,14.068,123,128,2.441883e-02,
2,Q,11,2,0.2144123613834381,14.167,122,127,2.421826e-02,
2,Q,12,3,0.18109948933124542,19.974,123,128,2.582051e-02,
2,Q,13,3,0.1793450117111206,21.473,122,128,2.689347e-02,
2,Q,14,3,0.18927447497844696,17.72,121,127,2.545628e-02,
2,Q,15,3,0.18727657198905945,16.587,122,127,2.446659e-02,
2,Q,16,4,0.18699462711811066,16.483,123,128,2.372436e-02,
2,Q,17,4,0.1701127141714096,17.793,122,126,2.293310e-02,
2,Q,18,4,0.17537730932235718,17.892,121,126,2.371622e-02,
2,Q,19,4,0.21461281180381775,14.041,123,128,2.569738e-02,
2,Q,20,5,0.15556344389915466,26.769,124,128,2.685051e-02,
2,Q,21,5,0.2139509916305542,13.187,122,128,2.575562e-02,
2,Q,22,5,0.18654513359069824,19.89,123,128,2.709542e-02,
2,Q,23,5,0.17028596997261047,22.926,124,128,2.653019e-02,
2,Q,24,6,0.16878433525562286,20.729,123,128,2.520836e-02,
2,Q,25,6,0.18246403336524963,19.409,123,128,2.616231e-02,
2,Q,26,6,0.23427441716194153,12.627,122,127,2.558970e-02,
2,Q,27,6,0.17214228212833405,21.201,124,128,2.594098e-02,
2,Q,28,7,0.2647063136100769,12.202,121,127,2.448265e-02,
2,Q,29,7,0.21522612869739532,10.705,118,125,2.082794e-02,
2,Q,30,7,0.22345352172851562,9.221,119,125,2.007712e-02,
2,Q,31,7,0.2553861737251282,8.409,123,128,2.340077e-02,
2,K,0,0,0.1730984002351761,22.743,123,128,2.705555e-02,
2,K,1,1,0.19803817570209503,17.373,122,128,2.656016e-02,
2,K,2,2,0.24401184916496277,11.847,123,128,2.671516e-02,
2,K,3,3,0.2362818568944931,12.448,123,128,2.689253e-02,
2,K,4,4,0.20261672139167786,16.271,123,128,2.627604e-02,
2,K,5,5,0.1457362025976181,31.207,124,128,2.744005e-02,
2,K,6,6,0.19839678704738617,17.173,125,128,2.725850e-02,
2,K,7,7,0.2201279103755951,21.164,118,127,2.317973e-02,
2,V,0,0,0.11428026109933853,51.365,126,128,2.771184e-02,
2,V,1,1,0.10237718373537064,58.443,126,128,2.578371e-02,
2,V,2,2,0.10941676795482635,66.474,126,128,3.012124e-02,
2,V,3,3,0.11584483832120895,51.449,126,128,2.745026e-02,
2,V,4,4,0.1288832426071167,39.159,126,128,2.701028e-02,
2,V,5,5,0.10936227440834045,67.118,126,128,3.048856e-02,
2,V,6,6,0.09711726754903793,67.19,126,128,2.655925e-02,
2,V,7,7,0.11343304812908173,46.391,124,128,2.487537e-02,
2,O,0,0,3.230739116668701,32.831,125,128,2.556539e-02,
2,O,1,0,2.9854977130889893,40.664,125,128,2.629251e-02,
2,O,2,0,2.917292833328247,42.888,125,128,2.638494e-02,
2,O,3,0,3.147324562072754,34.731,125,128,2.561590e-02,
2,O,4,1,2.999277114868164,35.213,124,128,2.457998e-02,
2,O,5,1,3.262265920639038,29.233,125,128,2.435947e-02,
2,O,6,1,3.0117545127868652,33.527,125,128,2.408386e-02,
2,O,7,1,2.870832920074463,43.109,124,128,2.603173e-02,
2,O,8,2,2.7215003967285156,52.698,126,128,2.728461e-02,
2,O,9,2,2.943495035171509,50.483,125,128,2.888336e-02,
2,O,10,2,3.5007121562957764,29.063,124,128,2.606398e-02,
2,O,11,2,3.036118984222412,35.255,124,128,2.489654e-02,
2,O,12,3,3.2271947860717773,33.522,124,128,2.580468e-02,
2,O,13,3,3.5400888919830322,27.253,124,128,2.552311e-02,
2,O,14,3,3.252023696899414,29.548,125,128,2.441362e-02,
2,O,15,3,4.178216457366943,20.227,124,128,2.595160e-02,
2,O,16,4,3.0524301528930664,37.716,124,128,2.588932e-02,
2,O,17,4,2.9785497188568115,39.371,125,128,2.581093e-02,
2,O,18,4,2.798497438430786,43.884,125,128,2.560294e-02,
2,O,19,4,3.731718063354492,23.946,125,128,2.521958e-02,
2,O,20,5,3.221945285797119,38.425,125,128,2.758277e-02,
2,O,21,5,3.6809017658233643,24.625,124,128,2.522645e-02,
2,O,22,5,3.419238567352295,32.103,124,128,2.675539e-02,
2,O,23,5,2.8721132278442383,51.454,125,128,2.845256e-02,
2,O,24,6,3.367074489593506,29.677,125,128,2.533223e-02,
2,O,25,6,3.1242904663085938,35.483,125,128,2.570237e-02,
2,O,26,6,3.1718404293060303,34.081,124,128,2.557272e-02,
2,O,27,6,2.9313645362854004,40.59,125,128,2.579225e-02,
2,O,28,7,3.213010787963867,27.688,121,127,2.334909e-02,
2,O,29,7,3.2636938095092773,23.565,122,128,2.188036e-02,
2,O,30,7,3.725186347961426,19.494,122,127,2.271489e-02,
2,O,31,7,3.2333569526672363,35.407,121,127,2.657095e-02,
2,VO,0,0,0.26418623328208923,26.144,124,128,,
2,VO,1,0,0.25188878178596497,30.677,124,128,,
2,VO,2,0,0.31491950154304504,20.543,123,128,,
2,VO,3,0,0.29212573170661926,21.932,123,127,,
2,VO,4,1,0.26315727829933167,23.67,122,127,,
2,VO,5,1,0.2676810920238495,21.464,124,128,,
2,VO,6,1,0.26114127039909363,22.313,124,128,,
2,VO,7,1,0.24079382419586182,29.936,123,128,,
2,VO,8,2,0.2653219699859619,36.548,124,128,,
2,VO,9,2,0.30275288224220276,32.345,123,128,,
2,VO,10,2,0.30051207542419434,24.473,123,128,,
2,VO,11,2,0.28450608253479004,25.4,123,128,,
2,VO,12,3,0.34875932335853577,16.946,121,127,,
2,VO,13,3,0.37093889713287354,14.671,121,127,,
2,VO,14,3,0.34572792053222656,15.074,122,128,,
2,VO,15,3,0.4498103857040405,10.7,122,128,,
2,VO,16,4,0.29450997710227966,21.708,122,128,,
2,VO,17,4,0.35954803228378296,14.212,123,128,,
2,VO,18,4,0.275103360414505,24.281,124,128,,
2,VO,19,4,0.40943023562431335,11.822,122,128,,
2,VO,20,5,0.2788866460323334,32.742,124,128,,
2,VO,21,5,0.2888106405735016,24.893,123,127,,
2,VO,22,5,0.2965070903301239,27.354,123,127,,
2,VO,23,5,0.2690529227256775,37.861,124,128,,
2,VO,24,6,0.2839035391807556,21.105,124,128,,
2,VO,25,6,0.2649264633655548,24.906,124,128,,
2,VO,26,6,0.2795618176460266,23.557,123,128,,
2,VO,27,6,0.229056715965271,33.16,124,128,,
2,VO,28,7,0.3030548393726349,18.591,113,124,,
2,VO,29,7,0.2723082900047302,16.577,117,126,,
2,VO,30,7,0.3416759669780731,11.578,116,125,,
2,VO,31,7,0.3458038568496704,17.21,114,125,,
3,Q,0,0,0.2981089949607849,10.647,117,124,2.370797e-02,
3,Q,1,0,0.32980990409851074,8.676,114,124,2.330192e-02,
3,Q,2,0,0.3488796651363373,7.694,115,123,2.382258e-02,
3,Q,3,0,0.3008286952972412,9.884,115,125,2.337297e-02,
3,Q,4,1,0.27113333344459534,10.119,120,124,2.186142e-02,
3,Q,5,1,0.33554112911224365,6.93,121,125,2.259857e-02,
3,Q,6,1,0.3530488610267639,8.543,117,124,2.510329e-02,
3,Q,7,1,0.3405776917934418,8.914,112,123,2.467582e-02,
3,Q,8,2,0.3555794656276703,7.885,122,127,2.402247e-02,
3,Q,9,2,0.2742445468902588,12.877,120,124,2.440264e-02,
3,Q,10,2,0.3072468042373657,10.235,121,126,2.386372e-02,
3,Q,11,2,0.3371839225292206,8.361,119,125,2.375390e-02,
3,Q,12,3,0.3368586599826813,7.376,120,125,2.321066e-02,
3,Q,13,3,0.2654540240764618,13.623,117,124,2.487486e-02,
3,Q,14,3,0.2590797245502472,14.433,120,127,2.565247e-02,
3,Q,15,3,0.3271968364715576,8.953,119,125,2.462064e-02,
3,Q,16,4,0.29085081815719604,10.927,118,124,2.418369e-02,
3,Q,17,4,0.3927876055240631,7.909,118,126,2.549671e-02,
3,Q,18,4,0.35034069418907166,8.633,119,125,2.475429e-02,
3,Q,19,4,0.3284250795841217,9.834,121,126,2.512161e-02,
3,Q,20,5,0.24597382545471191,13.67,122,126,2.383589e-02,
3,Q,21,5,0.240213081240654,13.474,121,125,2.306658e-02,
3,Q,22,5,0.2732771337032318,11.653,121,125,2.371952e-02,
3,Q,23,5,0.24725067615509033,13.828,121,125,2.363675e-02,
3,Q,24,6,0.23678340017795563,16.606,122,127,2.577891e-02,
3,Q,25,6,0.2632203996181488,13.622,121,126,2.575238e-02,
3,Q,26,6,0.3104749321937561,10.467,121,126,2.610553e-02,
3,Q,27,6,0.29337185621261597,11.776,122,127,2.655454e-02,
3,Q,28,7,0.19528701901435852,24.626,122,127,2.664528e-02,
3,Q,29,7,0.2662144899368286,14.025,119,126,2.660418e-02,
3,Q,30,7,0.25415873527526855,15.495,118,125,2.763849e-02,
3,Q,31,7,0.25434407591819763,15.508,119,126,2.804674e-02,
3,K,0,0,0.3622242212295532,7.059,122,128,2.475123e-02,
3,K,1,1,0.15583647787570953,37.574,118,127,2.498635e-02,
3,K,2,2,0.259723961353302,15.578,123,128,2.571368e-02,
3,K,3,3,0.18191993236541748,24.36,120,128,2.410267e-02,
3,K,4,4,0.23029039800167084,20.748,122,128,2.593798e-02,
3,K,5,5,0.3309834897518158,9.735,123,128,2.657358e-02,
3,K,6,6,0.2038351148366928,23.642,125,128,2.701879e-02,
3,K,7,7,0.18501855432987213,27.659,124,128,2.690706e-02,
3,V,0,0,0.15077346563339233,42.665,124,128,2.569191e-02,
3,V,1,1,0.12397909164428711,47.556,125,128,2.228896e-02,
3,V,2,2,0.1586037278175354,55.418,125,128,3.183154e-02,
3,V,3,3,0.12975551187992096,47.84,126,128,2.382955e-02,
3,V,4,4,0.130632221698761,66.698,126,128,2.894592e-02,
3,V,5,5,0.13800500333309174,63.868,126,128,3.087831e-02,
3,V,6,6,0.12102525681257248,86.079,126,128,3.163280e-02,
3,V,7,7,0.14156614243984222,49.432,126,128,2.714672e-02,
3,O,0,0,3.2874932289123535,29.967,123,128,2.485425e-02,
3,O,1,0,3.8375442028045654,20.381,123,128,2.392645e-02,
3,O,2,0,3.606126546859741,22.936,123,128,2.385122e-02,
3,O,3,0,2.9148290157318115,35.517,123,128,2.399061e-02,
3,O,4,1,3.5136501789093018,28.197,122,127,2.576727e-02,
3,O,5,1,3.5279574394226074,22.328,123,128,2.302273e-02,
3,O,6,1,3.2340738773345947,21.577,124,128,2.074690e-02,
3,O,7,1,3.7263195514678955,20.077,123,128,2.305883e-02,
3,O,8,2,3.5418689250946045,37.675,123,128,3.002408e-02,
3,O,9,2,2.6900904178619385,52.844,125,128,2.700705e-02,
3,O,10,2,3.1698577404022217,31.814,125,128,2.469213e-02,
3,O,11,2,3.4353058338165283,31.783,122,128,2.674697e-02,
3,O,12,3,3.116495370864868,24.655,125,128,2.137140e-02,
3,O,13,3,3.585115671157837,29.831,123,128,2.704255e-02,
3,O,14,3,3.723525285720825,24.672,124,128,2.554260e-02,
3,O,15,3,3.156912088394165,29.755,124,128,2.378211e-02,
3,O,16,4,3.169525384902954,38.266,125,128,2.707783e-02,
3,O,17,4,2.8877644538879395,43.948,124,128,2.643890e-02,
3,O,18,4,2.800428867340088,44.152,125,128,2.569862e-02,
3,O,19,4,3.0780155658721924,39.714,125,128,2.678892e-02,
3,O,20,5,2.6914288997650146,57.816,125,128,2.826304e-02,
3,O,21,5,2.7612600326538086,49.43,125,128,2.681090e-02,
3,O,22,5,3.014678716659546,37.363,124,128,2.544904e-02,
3,O,23,5,2.900702714920044,44.888,125,128,2.683978e-02,
3,O,24,6,2.612636089324951,61.787,126,128,2.836198e-02,
3,O,25,6,2.5038902759552,66.108,126,128,2.811594e-02,
3,O,26,6,2.5435633659362793,67.587,126,128,2.887926e-02,
3,O,27,6,2.991213321685791,50.518,126,128,2.936168e-02,
3,O,28,7,4.190548419952393,20.824,125,128,2.640969e-02,
3,O,29,7,2.983518362045288,39.136,124,128,2.577675e-02,
3,O,30,7,3.0145535469055176,39.614,124,128,2.620343e-02,
3,O,31,7,3.1986842155456543,32.369,125,128,2.513317e-02,
3,VO,0,0,0.3827878534793854,17.859,119,126,,
3,VO,1,0,0.46994534134864807,12.707,118,126,,
3,VO,2,0,0.43932902812957764,14.45,118,126,,
3,VO,3,0,0.38928890228271484,17.137,118,126,,
3,VO,4,1,0.372972697019577,15.868,118,126,,
3,VO,5,1,0.36660704016685486,13.866,119,126,,
3,VO,6,1,0.29464688897132874,16.707,120,126,,
3,VO,7,1,0.31959477066993713,16.932,120,126,,
3,VO,8,2,0.5334494709968567,21.387,119,127,,
3,VO,9,2,0.346243292093277,37.291,121,127,,
3,VO,10,2,0.29813289642333984,38.367,122,127,,
3,VO,11,2,0.40059903264045715,27.594,118,127,,
3,VO,12,3,0.33081522583961487,15.175,123,128,,
3,VO,13,3,0.37051624059677124,19.248,120,127,,
3,VO,14,3,0.3472585082054138,18.839,121,127,,
3,VO,15,3,0.3341217637062073,18.973,122,127,,
3,VO,16,4,0.3022613227367401,37.722,124,128,,
3,VO,17,4,0.3181490898132324,33.223,123,128,,
3,VO,18,4,0.2898320257663727,37.327,124,128,,
3,VO,19,4,0.3589217960834503,26.917,124,128,,
3,VO,20,5,0.30982857942581177,43.326,123,128,,
3,VO,21,5,0.26945754885673523,49.263,124,128,,
3,VO,22,5,0.3945818245410919,22.192,122,128,,
3,VO,23,5,0.2995164096355438,40.165,124,128,,
3,VO,24,6,0.2881810665130615,50.045,125,128,,
3,VO,25,6,0.26999273896217346,56.052,125,128,,
3,VO,26,6,0.2624923288822174,62.38,125,128,,
3,VO,27,6,0.30359727144241333,48.786,125,128,,
3,VO,28,7,0.3452431559562683,23.85,123,128,,
3,VO,29,7,0.3830490708351135,19.636,123,127,,
3,VO,30,7,0.3293909430503845,27.048,123,127,,
3,VO,31,7,0.31546273827552795,26.534,123,127,,
4,Q,0,0,0.34759923815727234,14.365,122,126,2.503546e-02,
4,Q,1,0,0.39014795422554016,11.091,122,127,2.452803e-02,
4,Q,2,0,0.3428867757320404,14.322,124,128,2.487502e-02,
4,Q,3,0,0.3372116684913635,14.614,121,126,2.430905e-02,
4,Q,4,1,0.4236343502998352,10.452,122,126,2.606025e-02,
4,Q,5,1,0.4784051179885864,8.636,118,125,2.535076e-02,
4,Q,6,1,0.40472522377967834,12.132,120,126,2.610137e-02,
4,Q,7,1,0.3133726716041565,14.463,121,125,2.256306e-02,
4,Q,8,2,0.23758633434772491,35.596,121,126,2.841120e-02,
4,Q,9,2,0.23570632934570312,34.358,122,127,2.746793e-02,
4,Q,10,2,0.3018186390399933,20.689,121,126,2.682587e-02,
4,Q,11,2,0.37942054867744446,12.008,120,124,2.520701e-02,
4,Q,12,3,0.33370524644851685,16.504,121,126,2.554102e-02,
4,Q,13,3,0.36287441849708557,13.836,120,126,2.561251e-02,
4,Q,14,3,0.3189472258090973,16.844,120,126,2.516023e-02,
4,Q,15,3,0.3492390513420105,15.184,120,126,2.597911e-02,
4,Q,16,4,0.2783590257167816,24.267,122,127,2.662348e-02,
4,Q,17,4,0.3700852394104004,14.308,122,127,2.731047e-02,
4,Q,18,4,0.2505536675453186,30.823,123,127,2.735032e-02,
4,Q,19,4,0.2436148077249527,33.423,122,127,2.809732e-02,
4,Q,20,5,0.3123681843280792,15.787,123,127,2.432673e-02,
4,Q,21,5,0.3511984646320343,13.875,123,128,2.485868e-02,
4,Q,22,5,0.37886372208595276,11.211,122,126,2.382467e-02,
4,Q,23,5,0.38491326570510864,11.465,123,127,2.498629e-02,
4,Q,24,6,0.3973102271556854,11.488,121,126,2.523395e-02,
4,Q,25,6,0.3683118522167206,12.961,120,126,2.516156e-02,
4,Q,26,6,0.3844878375530243,12.541,120,126,2.557989e-02,
4,Q,27,6,0.47394153475761414,8.722,120,126,2.518743e-02,
4,Q,28,7,0.3743450343608856,13.586,122,126,2.545578e-02,
4,Q,29,7,0.36909908056259155,11.716,121,126,2.382844e-02,
4,Q,30,7,0.37835633754730225,11.835,119,124,2.391092e-02,
4,Q,31,7,0.3662629723548889,13.348,122,126,2.439324e-02,
4,K,0,0,0.30163922905921936,19.803,123,128,2.586110e-02,
4,K,1,1,0.22129514813423157,40.344,124,128,2.562737e-02,
4,K,2,2,0.34653523564338684,16.998,122,127,2.836047e-02,
4,K,3,3,0.2642532289028168,26.647,123,128,2.657009e-02,
4,K,4,4,0.3193555176258087,19.67,123,127,2.827248e-02,
4,K,5,5,0.36954060196876526,13.907,123,128,2.624537e-02,
4,K,6,6,0.33195674419403076,17.506,123,128,2.631119e-02,
4,K,7,7,0.3596726655960083,14.874,123,128,2.605332e-02,
4,V,0,0,0.15979719161987305,90.338,126,128,3.011595e-02,
4,V,1,1,0.1772390604019165,52.38,126,128,2.451169e-02,
4,V,2,2,0.19822242856025696,56.81,126,128,2.992693e-02,
4,V,3,3,0.17405644059181213,64.826,126,128,2.744072e-02,
4,V,4,4,0.16312798857688904,74.934,126,128,2.841556e-02,
4,V,5,5,0.2022184431552887,53.621,126,128,2.884511e-02,
4,V,6,6,0.17194746434688568,58.488,126,128,2.516420e-02,
4,V,7,7,0.17046770453453064,83.732,126,128,3.054899e-02,
4,O,0,0,2.806720495223999,51.36,125,128,2.777926e-02,
4,O,1,0,3.0183136463165283,38.148,124,128,2.574623e-02,
4,O,2,0,3.074676275253296,42.708,124,128,2.775019e-02,
4,O,3,0,2.5808396339416504,60.267,125,128,2.767016e-02,
4,O,4,1,2.9613285064697266,36.61,125,128,2.474556e-02,
4,O,5,1,2.7798595428466797,40.862,124,128,2.454100e-02,
4,O,6,1,3.2821714878082275,34.537,124,128,2.663883e-02,
4,O,7,1,2.582273244857788,37.338,124,128,2.179166e-02,
4,O,8,2,3.4265294075012207,35.976,125,128,2.838407e-02,
4,O,9,2,3.0989553928375244,42.47,125,128,2.789106e-02,
4,O,10,2,2.910371780395508,50.609,125,128,2.859391e-02,
4,O,11,2,4.156057357788086,17.709,126,128,2.415375e-02,
4,O,12,3,2.7191436290740967,50.856,125,128,2.678026e-02,
4,O,13,3,2.7374589443206787,48.25,126,128,2.626065e-02,
4,O,14,3,2.5146124362945557,56.122,125,128,2.601640e-02,
4,O,15,3,3.3166675567626953,35.985,125,128,2.747720e-02,
4,O,16,4,3.238502025604248,37.088,126,128,2.723765e-02,
4,O,17,4,2.962357997894287,42.747,125,128,2.674858e-02,
4,O,18,4,3.3993008136749268,35.191,125,128,2.784922e-02,
4,O,19,4,3.4729855060577393,32.246,125,128,2.723654e-02,
4,O,20,5,2.8531453609466553,44.023,125,128,2.614408e-02,
4,O,21,5,3.040847063064575,40.152,124,128,2.661093e-02,
4,O,22,5,3.7687129974365234,29.238,123,128,2.814368e-02,
4,O,23,5,3.0903868675231934,31.215,124,128,2.384532e-02,
4,O,24,6,3.16989803314209,33.683,124,128,2.540735e-02,
4,O,25,6,3.2429866790771484,33.078,125,128,2.575874e-02,
4,O,26,6,2.689770221710205,41.955,125,128,2.406135e-02,
4,O,27,6,2.6486294269561768,47.052,124,128,2.509109e-02,
4,O,28,7,2.703244924545288,56.314,125,128,2.801588e-02,
4,O,29,7,2.755007266998291,46.731,124,128,2.600969e-02,
4,O,30,7,2.8351686000823975,50.858,125,128,2.792362e-02,
4,O,31,7,2.738370180130005,53.716,125,128,2.771760e-02,
4,VO,0,0,0.4059397578239441,44.415,125,128,,
4,VO,1,0,0.4216315448284149,35.202,123,128,,
4,VO,2,0,0.4520273208618164,36.991,123,128,,
4,VO,3,0,0.38366809487342834,50.158,124,128,,
4,VO,4,1,0.48224809765815735,19.84,122,128,,
4,VO,5,1,0.3240751028060913,37.905,123,128,,
4,VO,6,1,0.432796448469162,26.518,123,128,,
4,VO,7,1,0.3749508857727051,23.977,123,128,,
4,VO,8,2,0.5143471360206604,28.095,124,127,,
4,VO,9,2,0.4460110664367676,35.911,124,128,,
4,VO,10,2,0.4218760132789612,42.206,124,127,,
4,VO,11,2,0.7726424932479858,9.341,125,128,,
4,VO,12,3,0.3999142050743103,36.838,125,128,,
4,VO,13,3,0.45215684175491333,27.67,125,128,,
4,VO,14,3,0.3329065144062042,49.228,125,128,,
4,VO,15,3,0.44553324580192566,30.998,125,128,,
4,VO,16,4,0.46403196454048157,28.81,125,128,,
4,VO,17,4,0.43501201272010803,31.263,125,128,,
4,VO,18,4,0.4898170530796051,27.123,125,128,,
4,VO,19,4,0.5235745906829834,22.454,125,128,,
4,VO,20,5,0.44172224402427673,32.655,123,128,,
4,VO,21,5,0.5217783451080322,25.355,122,128,,
4,VO,22,5,0.7250096797943115,16.665,119,127,,
4,VO,23,5,0.38587918877601624,33.572,122,127,,
4,VO,24,6,0.41519561409950256,27.349,123,128,,
4,VO,25,6,0.4881884753704071,21.621,123,128,,
4,VO,26,6,0.3545726239681244,33.209,124,128,,
4,VO,27,6,0.3390134871006012,38.425,124,128,,
4,VO,28,7,0.38068994879722595,54.782,123,127,,
4,VO,29,7,0.40239256620407104,42.983,122,127,,
4,VO,30,7,0.3998754620552063,49.837,123,128,,
4,VO,31,7,0.4189293682575226,45.387,123,128,,
5,Q,0,0,0.4438566267490387,10.142,122,128,2.536099e-02,
5,Q,1,0,0.4102565348148346,12.059,120,126,2.637643e-02,
5,Q,2,0,0.35946252942085266,12.692,123,128,2.363832e-02,
5,Q,3,0,0.34075894951820374,16.631,122,127,2.605545e-02,
5,Q,4,1,0.4601024091243744,9.532,120,127,2.606693e-02,
5,Q,5,1,0.34649550914764404,11.165,116,126,2.094946e-02,
5,Q,6,1,0.3582116663455963,14.816,117,126,2.543135e-02,
5,Q,7,1,0.3973323106765747,10.458,112,124,2.384273e-02,
5,Q,8,2,0.4708724915981293,4.937,117,126,1.986396e-02,
5,Q,9,2,0.488885760307312,3.994,117,126,1.873066e-02,
5,Q,10,2,0.36940646171569824,7.047,117,126,1.898016e-02,
5,Q,11,2,0.3116391897201538,11.413,118,127,2.034417e-02,
5,Q,12,3,0.31194007396698,20.386,122,128,2.650507e-02,
5,Q,13,3,0.46851709485054016,8.109,124,128,2.444104e-02,
5,Q,14,3,0.520417332649231,7.808,122,128,2.627636e-02,
5,Q,15,3,0.3485015332698822,17.167,122,127,2.660719e-02,
5,Q,16,4,0.4358489215373993,9.772,120,126,2.518827e-02,
5,Q,17,4,0.3486211597919464,15.353,120,126,2.532036e-02,
5,Q,18,4,0.37550318241119385,11.906,119,126,2.459297e-02,
5,Q,19,4,0.2977333068847656,20.117,119,126,2.543821e-02,
5,Q,20,5,0.3412187397480011,16.631,123,127,2.660509e-02,
5,Q,21,5,0.4081383943557739,12.742,123,127,2.801672e-02,
5,Q,22,5,0.28639140725135803,23.775,123,128,2.681576e-02,
5,Q,23,5,0.3129376769065857,21.396,122,128,2.817123e-02,
5,Q,24,6,0.2804420292377472,26.225,124,127,2.831751e-02,
5,Q,25,6,0.26224854588508606,32.286,123,127,2.994616e-02,
5,Q,26,6,0.2034861445426941,51.31,123,128,2.947376e-02,
5,Q,27,6,0.21739597618579865,45.237,123,128,2.950121e-02,
5,Q,28,7,0.34482622146606445,14.56,124,128,2.487743e-02,
5,Q,29,7,0.3253452181816101,17.264,123,128,2.580269e-02,
5,Q,30,7,0.39381441473960876,13.196,123,128,2.662260e-02,
5,Q,31,7,0.31647413969039917,19.177,123,128,2.631591e-02,
5,K,0,0,0.3399921953678131,17.211,123,128,2.621911e-02,
5,K,1,1,0.2543259263038635,28.305,118,127,2.564281e-02,
5,K,2,2,0.5800014138221741,2.454,113,124,1.734058e-02,
5,K,3,3,0.311247318983078,18.657,122,128,2.542439e-02,
5,K,4,4,0.30067670345306396,20.418,122,127,2.599801e-02,
5,K,5,5,0.2614133059978485,29.837,123,127,2.781841e-02,
5,K,6,6,0.4072315990924835,14.186,123,127,3.073659e-02,
5,K,7,7,0.3310820162296295,18.588,123,128,2.745854e-02,
5,V,0,0,0.21990542113780975,51.139,126,128,2.990101e-02,
5,V,1,1,0.18395422399044037,48.335,124,128,2.417738e-02,
5,V,2,2,0.23209790885448456,25.484,111,119,2.218771e-02,
5,V,3,3,0.21450583636760712,49.319,126,128,2.879113e-02,
5,V,4,4,0.1766202598810196,58.113,126,128,2.593501e-02,
5,V,5,5,0.16322408616542816,89.741,126,128,3.034328e-02,
5,V,6,6,0.20029444992542267,52.01,126,128,2.847012e-02,
5,V,7,7,0.16323700547218323,88.662,126,128,3.045526e-02,
5,O,0,0,2.7367117404937744,50.368,124,128,2.682362e-02,
5,O,1,0,3.4603538513183594,33.71,125,128,2.774659e-02,
5,O,2,0,2.9658217430114746,41.452,123,128,2.637103e-02,
5,O,3,0,3.4912073612213135,25.618,125,128,2.440372e-02,
5,O,4,1,3.057321786880493,28.921,123,127,2.270680e-02,
5,O,5,1,4.221006393432617,16.502,124,127,2.368046e-02,
5,O,6,1,3.5397419929504395,26.505,123,127,2.516796e-02,
5,O,7,1,3.8086392879486084,19.974,123,127,2.350808e-02,
5,O,8,2,3.766725778579712,18.682,110,119,2.248498e-02,
5,O,9,2,4.113725185394287,15.335,112,120,2.224782e-02,
5,O,10,2,4.296564102172852,10.64,113,121,1.935513e-02,
5,O,11,2,4.108137130737305,14.105,113,120,2.130834e-02,
5,O,12,3,3.2292044162750244,33.979,125,128,2.599630e-02,
5,O,13,3,3.248809814453125,37.191,124,128,2.736244e-02,
5,O,14,3,3.5727951526641846,24.151,124,128,2.424853e-02,
5,O,15,3,3.561692953109741,29.258,124,128,2.660645e-02,
5,O,16,4,2.9888992309570312,35.866,125,128,2.472075e-02,
5,O,17,4,2.9262619018554688,35.712,125,128,2.415086e-02,
5,O,18,4,3.0422146320343018,36.302,124,128,2.531435e-02,
5,O,19,4,2.898467540740967,39.452,125,128,2.514279e-02,
5,O,20,5,2.407153367996216,70.661,126,128,2.794504e-02,
5,O,21,5,2.6231539249420166,62.203,126,128,2.857186e-02,
5,O,22,5,3.3000385761260986,37.306,126,128,2.783670e-02,
5,O,23,5,3.3511481285095215,39.001,126,128,2.890294e-02,
5,O,24,6,3.479966402053833,26.642,125,128,2.480677e-02,
5,O,25,6,3.5701913833618164,32.414,125,128,2.807179e-02,
5,O,26,6,3.7886428833007812,25.507,125,128,2.642538e-02,
5,O,27,6,3.8908028602600098,26.443,125,128,2.763133e-02,
5,O,28,7,2.633592128753662,53.701,125,128,2.665329e-02,
5,O,29,7,2.7153029441833496,52.59,126,128,2.719458e-02,
5,O,30,7,2.9544272422790527,41.579,125,128,2.630998e-02,
5,O,31,7,2.641617774963379,57.647,126,128,2.769929e-02,
5,VO,0,0,0.41313883662223816,44.023,123,128,,
5,VO,1,0,0.4905757009983063,32.851,123,128,,
5,VO,2,0,0.49492186307907104,29.984,122,127,,
5,VO,3,0,0.6435997486114502,15.746,123,128,,
5,VO,4,1,0.4330199658870697,20.072,120,126,,
5,VO,5,1,0.5314107537269592,13.677,121,126,,
5,VO,6,1,0.46508610248565674,20.949,120,126,,
5,VO,7,1,0.5075246691703796,15.486,120,126,,
5,VO,8,2,0.7810531854629517,7.775,99,111,,
5,VO,9,2,0.7863023281097412,7.243,101,112,,
5,VO,10,2,0.7995520234107971,5.069,102,113,,
5,VO,11,2,0.7569476962089539,6.301,102,113,,
5,VO,12,3,0.49477845430374146,24.84,124,128,,
5,VO,13,3,0.6200358867645264,21.479,120,127,,
5,VO,14,3,0.593805730342865,15.983,123,128,,
5,VO,15,3,0.6137305498123169,17.837,123,128,,
5,VO,16,4,0.45342764258384705,23.393,123,128,,
5,VO,17,4,0.3742397427558899,31.412,124,128,,
5,VO,18,4,0.48550403118133545,21.482,123,128,,
5,VO,19,4,0.42753085494041443,26.705,123,128,,
5,VO,20,5,0.33654487133026123,67.824,125,128,,
5,VO,21,5,0.355606347322464,62.85,125,128,,
5,VO,22,5,0.4206048250198364,42.062,126,128,,
5,VO,23,5,0.4833904504776001,35.223,125,128,,
5,VO,24,6,0.6478182673454285,13.291,124,127,,
5,VO,25,6,0.6588576436042786,16.093,123,127,,
5,VO,26,6,0.6627665162086487,14.403,123,128,,
5,VO,27,6,0.6658995151519775,15.347,124,128,,
5,VO,28,7,0.3997616171836853,44.058,124,128,,
5,VO,29,7,0.3990819752216339,45.776,125,128,,
5,VO,30,7,0.38653072714805603,44.605,125,128,,
5,VO,31,7,0.354292631149292,59.711,125,128,,
6,Q,0,0,0.515532910823822,13.696,121,127,2.620235e-02,
6,Q,1,0,0.5182406902313232,13.34,121,127,2.644801e-02,
6,Q,2,0,0.5701755285263062,11.353,122,127,2.649811e-02,
6,Q,3,0,0.485521525144577,14.883,122,128,2.611648e-02,
6,Q,4,1,0.3924112021923065,19.304,122,128,2.455663e-02,
6,Q,5,1,0.43803927302360535,17.216,122,126,2.573725e-02,
6,Q,6,1,0.47898396849632263,14.218,123,128,2.583330e-02,
6,Q,7,1,0.519829511642456,12.563,124,128,2.540024e-02,
6,Q,8,2,0.4001738131046295,23.83,122,128,2.801539e-02,
6,Q,9,2,0.37198296189308167,22.756,121,126,2.544452e-02,
6,Q,10,2,0.46628302335739136,15.684,123,128,2.587879e-02,
6,Q,11,2,0.5113841891288757,14.375,124,128,2.698175e-02,
6,Q,12,3,0.47742030024528503,13.63,123,128,2.523266e-02,
6,Q,13,3,0.46362778544425964,18.01,121,128,2.831550e-02,
6,Q,14,3,0.6669838428497314,9.454,123,127,2.828747e-02,
6,Q,15,3,0.4651103615760803,15.692,124,128,2.635163e-02,
6,Q,16,4,0.5189424157142639,13.68,120,126,2.635864e-02,
6,Q,17,4,0.5140349268913269,13.948,122,127,2.628629e-02,
6,Q,18,4,0.4040270149707794,21.074,118,126,2.595484e-02,
6,Q,19,4,0.5145490169525146,13.745,121,126,2.602972e-02,
6,Q,20,5,0.5589650273323059,11.135,121,127,2.562937e-02,
6,Q,21,5,0.4917936325073242,14.002,122,127,2.569904e-02,
6,Q,22,5,0.4420586824417114,16.721,122,127,2.554160e-02,
6,Q,23,5,0.5304110050201416,12.29,121,127,2.567935e-02,
6,Q,24,6,0.5632665753364563,11.453,122,128,2.635291e-02,
6,Q,25,6,0.40787866711616516,18.414,123,128,2.494377e-02,
6,Q,26,6,0.3853379786014557,19.12,122,128,2.427006e-02,
6,Q,27,6,0.5001688599586487,14.851,122,127,2.724978e-02,
6,Q,28,7,0.4702616035938263,15.883,122,126,2.648329e-02,
6,Q,29,7,0.5648795366287231,11.963,123,127,2.717919e-02,
6,Q,30,7,1.1634254455566406,3.127,116,124,2.411552e-02,
6,Q,31,7,0.6713494658470154,8.258,120,126,2.738850e-02,
6,K,0,0,0.38721367716789246,23.309,124,128,2.653855e-02,
6,K,1,1,0.3534564673900604,26.433,123,128,2.564011e-02,
6,K,2,2,0.35806113481521606,29.185,124,128,2.766942e-02,
6,K,3,3,0.32185277342796326,31.529,124,128,2.608821e-02,
6,K,4,4,0.41499564051628113,21.39,124,128,2.657284e-02,
6,K,5,5,0.4391002953052521,17.378,124,128,2.552525e-02,
6,K,6,6,0.35797521471977234,25.232,124,128,2.558566e-02,
6,K,7,7,0.32150620222091675,33.893,124,128,2.668057e-02,
6,V,0,0,0.2257639616727829,74.201,126,128,2.819295e-02,
6,V,1,1,0.22178934514522552,65.131,126,128,2.589957e-02,
6,V,2,2,0.2164158821105957,100.427,126,128,3.142926e-02,
6,V,3,3,0.205882266163826,75.919,126,128,2.653095e-02,
6,V,4,4,0.23595397174358368,74.398,126,128,2.894127e-02,
6,V,5,5,0.24658015370368958,50.113,126,128,2.472970e-02,
6,V,6,6,0.2312787026166916,77.264,125,128,2.975872e-02,
6,V,7,7,0.20732121169567108,90.403,126,128,2.911904e-02,
6,O,0,0,2.6916439533233643,48.497,125,128,2.588739e-02,
6,O,1,0,2.803870916366577,49.4,125,128,2.721652e-02,
6,O,2,0,2.8886075019836426,44.726,125,128,2.667956e-02,
6,O,3,0,2.7851297855377197,47.309,125,128,2.645621e-02,
6,O,4,1,2.811007499694824,41.415,125,128,2.498347e-02,
6,O,5,1,3.17667555809021,35.905,125,128,2.628835e-02,
6,O,6,1,3.4995110034942627,23.363,125,128,2.336073e-02,
6,O,7,1,3.1442337036132812,34.144,125,128,2.537382e-02,
6,O,8,2,3.675241470336914,25.593,126,128,2.567755e-02,
6,O,9,2,5.830254554748535,13.965,126,128,3.009017e-02,
6,O,10,2,5.1666646003723145,14.68,125,128,2.733920e-02,
6,O,11,2,2.165891408920288,85.588,125,128,2.767281e-02,
6,O,12,3,2.7029247283935547,53.681,126,128,2.734972e-02,
6,O,13,3,3.4872891902923584,28.403,126,128,2.566712e-02,
6,O,14,3,2.883401393890381,64.731,124,128,3.203848e-02,
6,O,15,3,2.5721700191497803,67.19,124,128,2.911799e-02,
6,O,16,4,2.9365463256835938,41.485,125,128,2.612122e-02,
6,O,17,4,2.5440869331359863,54.785,125,128,2.600593e-02,
6,O,18,4,2.92476749420166,46.01,125,128,2.739869e-02,
6,O,19,4,2.6417105197906494,53.731,125,128,2.674288e-02,
6,O,20,5,3.0048446655273438,33.64,125,128,2.406907e-02,
6,O,21,5,2.9323055744171143,42.042,124,128,2.625790e-02,
6,O,22,5,2.504765033721924,49.792,126,128,2.440933e-02,
6,O,23,5,2.4045000076293945,57.672,125,128,2.521848e-02,
6,O,24,6,2.662036895751953,53.233,125,128,2.682349e-02,
6,O,25,6,3.3088197708129883,31.269,123,128,2.555279e-02,
6,O,26,6,2.764991521835327,54.759,125,128,2.825739e-02,
6,O,27,6,2.5865895748138428,61.671,124,128,2.805298e-02,
6,O,28,7,3.1759021282196045,37.834,125,128,2.697843e-02,
6,O,29,7,2.488084554672241,81.824,124,127,3.108251e-02,
6,O,30,7,2.4773306846618652,41.987,125,128,2.216925e-02,
6,O,31,7,2.633269786834717,49.922,124,128,2.569531e-02,
6,VO,0,0,0.49593478441238403,42.368,125,128,,
6,VO,1,0,0.510245144367218,44.549,125,128,,
6,VO,2,0,0.5798518657684326,34.316,124,128,,
6,VO,3,0,0.5637508034706116,34.762,124,128,,
6,VO,4,1,0.5422101020812988,28.779,124,128,,
6,VO,5,1,0.5873399376869202,27.463,124,128,,
6,VO,6,1,0.7234461903572083,14.845,123,128,,
6,VO,7,1,0.6185721755027771,23.789,123,128,,
6,VO,8,2,0.6418628692626953,30.416,125,128,,
6,VO,9,2,1.0143156051635742,16.987,125,128,,
6,VO,10,2,0.8882132768630981,17.973,125,128,,
6,VO,11,2,0.4281352460384369,80.983,125,128,,
6,VO,12,3,0.42417553067207336,53.375,126,128,,
6,VO,13,3,0.6456829309463501,21.124,125,128,,
6,VO,14,3,0.49863797426223755,54.576,124,128,,
6,VO,15,3,0.3917337656021118,70.741,124,128,,
6,VO,16,4,0.5850408673286438,34.289,124,128,,
6,VO,17,4,0.5221300721168518,43.244,124,128,,
6,VO,18,4,0.5135285258293152,49.529,124,128,,
6,VO,19,4,0.5581223964691162,39.998,124,128,,
6,VO,20,5,0.7365554571151733,14.405,123,128,,
6,VO,21,5,0.5003206133842468,35.209,124,128,,
6,VO,22,5,0.5529648065567017,25.056,125,128,,
6,VO,23,5,0.45598268508911133,39.184,124,128,,
6,VO,24,6,0.5036124587059021,48.925,123,127,,
6,VO,25,6,0.6388052701950073,28.079,121,127,,
6,VO,26,6,0.5864317417144775,40.764,122,127,,
6,VO,27,6,0.4726608395576477,60.21,123,128,,
6,VO,28,7,0.6416612863540649,28.871,124,128,,
6,VO,29,7,0.47683611512184143,69.633,123,127,,
6,VO,30,7,0.3920866549015045,49.607,124,128,,
6,VO,31,7,0.4571034014225006,49.275,124,128,,
7,Q,0,0,0.7648380994796753,13.409,120,127,2.609688e-02,
7,Q,1,0,0.7740208506584167,11.05,119,126,2.282296e-02,
7,Q,2,0,0.6822011470794678,16.287,121,126,2.681804e-02,
7,Q,3,0,0.7648307681083679,11.616,121,127,2.393794e-02,
7,Q,4,1,0.6820288896560669,12.155,122,127,2.146430e-02,
7,Q,5,1,0.8029482364654541,11.829,115,125,2.425214e-02,
7,Q,6,1,0.6971461176872253,10.898,122,127,2.033196e-02,
7,Q,7,1,0.740018367767334,11.749,120,126,2.278274e-02,
7,Q,8,2,0.7441333532333374,13.056,121,127,2.664587e-02,
7,Q,9,2,0.571372389793396,21.232,122,128,2.690618e-02,
7,Q,10,2,0.7169373631477356,14.492,121,128,2.658514e-02,
7,Q,11,2,0.698005199432373,14.065,122,127,2.576858e-02,
7,Q,12,3,0.8068360090255737,8.163,121,128,2.323098e-02,
7,Q,13,3,0.8107390999794006,10.713,117,126,2.442745e-02,
7,Q,14,3,0.7968739867210388,6.539,119,127,2.053545e-02,
7,Q,15,3,0.8313979506492615,6.774,118,126,2.202752e-02,
7,Q,16,4,0.8350731134414673,11.021,122,127,2.692170e-02,
7,Q,17,4,0.7064110636711121,14.684,121,127,2.728210e-02,
7,Q,18,4,0.8000251650810242,12.072,123,127,2.780035e-02,
7,Q,19,4,0.825439453125,11.024,122,127,2.740105e-02,
7,Q,20,5,0.8754859566688538,10.846,120,127,2.647246e-02,
7,Q,21,5,0.6892496943473816,15.055,120,127,2.560798e-02,
7,Q,22,5,0.9264923334121704,8.323,122,127,2.441583e-02,
7,Q,23,5,0.9240512847900391,7.787,123,127,2.440751e-02,
7,Q,24,6,0.8446940779685974,11.422,120,127,2.771050e-02,
7,Q,25,6,0.7909708023071289,11.372,120,127,2.611782e-02,
7,Q,26,6,0.6778850555419922,17.068,120,126,2.766376e-02,
7,Q,27,6,0.7764767408370972,13.207,121,127,2.758163e-02,
7,Q,28,7,0.7135651707649231,14.003,121,127,2.668902e-02,
7,Q,29,7,0.7126653790473938,14.925,122,127,2.813030e-02,
7,Q,30,7,0.7327664494514465,13.529,121,127,2.736321e-02,
7,Q,31,7,0.725068211555481,13.882,121,127,2.712876e-02,
7,K,0,0,0.5663801431655884,23.922,124,128,2.687422e-02,
7,K,1,1,0.5067840218544006,29.542,116,127,2.382018e-02,
7,K,2,2,0.49840790033340454,29.661,124,128,2.787484e-02,
7,K,3,3,0.9337680339813232,5.891,119,127,2.275804e-02,
7,K,4,4,0.537835419178009,25.926,124,128,2.829532e-02,
7,K,5,5,0.49106234312057495,35.073,122,128,2.519107e-02,
7,K,6,6,0.5854045748710632,22.859,123,128,2.771528e-02,
7,K,7,7,0.5037060976028442,28.551,124,128,2.763720e-02,
7,V,0,0,0.42037245631217957,59.8,125,128,3.267138e-02,
7,V,1,1,0.3126814663410187,40.678,125,128,1.987890e-02,
7,V,2,2,0.33165228366851807,78.221,126,128,3.031753e-02,
7,V,3,3,0.4264182150363922,43.113,125,128,2.891865e-02,
7,V,4,4,0.3246675133705139,95.161,126,128,3.348488e-02,
7,V,5,5,0.37026214599609375,59.468,126,128,2.956537e-02,
7,V,6,6,0.3191061019897461,83.599,126,128,2.967641e-02,
7,V,7,7,0.3801146447658539,73.568,126,128,3.428422e-02,
7,O,0,0,2.542802095413208,61.193,124,128,2.747104e-02,
7,O,1,0,3.7518529891967773,22.261,122,128,2.444742e-02,
7,O,2,0,2.6186883449554443,56.054,125,128,2.707695e-02,
7,O,3,0,3.321075916290283,37.811,123,128,2.820307e-02,
7,O,4,1,3.506258010864258,16.996,124,128,1.996298e-02,
7,O,5,1,2.8602285385131836,27.173,124,128,2.059118e-02,
7,O,6,1,3.6090667247772217,16.463,124,128,2.022345e-02,
7,O,7,1,2.8624699115753174,25.391,125,128,1.992021e-02,
7,O,8,2,2.5733139514923096,60.451,125,128,2.763154e-02,
7,O,9,2,2.921388864517212,47.937,125,128,2.793401e-02,
7,O,10,2,2.800269365310669,44.256,125,128,2.572733e-02,
7,O,11,2,3.0962612628936768,35.386,125,128,2.543689e-02,
7,O,12,3,4.0140204429626465,21.431,125,128,2.566328e-02,
7,O,13,3,2.8305113315582275,45.748,122,127,2.643997e-02,
7,O,14,3,4.125903129577637,17.994,125,128,2.417099e-02,
7,O,15,3,3.9187097549438477,21.103,125,128,2.486146e-02,
7,O,16,4,2.769300937652588,50.583,125,128,2.720081e-02,
7,O,17,4,2.7859644889831543,55.636,126,128,2.869878e-02,
7,O,18,4,2.8609848022460938,57.353,125,128,2.992302e-02,
7,O,19,4,3.0589241981506348,44.848,125,128,2.829126e-02,
7,O,20,5,2.6891181468963623,49.813,125,128,2.621140e-02,
7,O,21,5,2.7668566703796387,54.193,123,128,2.812986e-02,
7,O,22,5,2.6934151649475098,51.573,125,128,2.671326e-02,
7,O,23,5,2.838052749633789,42.956,125,128,2.568882e-02,
7,O,24,6,2.630215644836426,51.204,125,128,2.599295e-02,
7,O,25,6,3.0168309211730957,40.73,124,128,2.659019e-02,
7,O,26,6,2.7662079334259033,45.928,126,128,2.589015e-02,
7,O,27,6,2.8008875846862793,51.496,124,128,2.775832e-02,
7,O,28,7,2.9073829650878906,48.417,126,128,2.793906e-02,
7,O,29,7,2.790924549102783,60.347,125,128,2.994241e-02,
7,O,30,7,2.693533420562744,59.415,126,128,2.867363e-02,
7,O,31,7,2.913034439086914,55.582,125,128,2.999333e-02,
7,VO,0,0,0.792870044708252,51.444,123,127,,
7,VO,1,0,1.4927127361297607,13.505,120,127,,
7,VO,2,0,0.825874924659729,47.865,123,128,,
7,VO,3,0,1.0283079147338867,34.308,122,127,,
7,VO,4,1,0.94697105884552,8.741,120,127,,
7,VO,5,1,0.6619350910186768,18.508,120,127,,
7,VO,6,1,0.928165853023529,9.155,120,127,,
7,VO,7,1,0.7595261931419373,13.612,120,127,,
7,VO,8,2,0.6714333295822144,59.008,125,128,,
7,VO,9,2,0.8583589196205139,37.561,125,128,,
7,VO,10,2,0.7991443872451782,37.364,124,128,,
7,VO,11,2,0.9758895039558411,24.205,124,128,,
7,VO,12,3,1.6443219184875488,9.126,122,128,,
7,VO,13,3,0.856529951095581,32.326,121,127,,
7,VO,14,3,1.7276129722595215,7.692,122,127,,
7,VO,15,3,1.6248233318328857,8.845,122,127,,
7,VO,16,4,0.8227047324180603,45.684,124,128,,
7,VO,17,4,0.8416635394096375,48.441,125,128,,
7,VO,18,4,0.7936240434646606,57.822,124,128,,
7,VO,19,4,0.8316586017608643,47.239,124,128,,
7,VO,20,5,0.6683139204978943,49.056,125,128,,
7,VO,21,5,0.6504782438278198,58.688,124,128,,
7,VO,22,5,0.8721684217453003,33.427,123,128,,
7,VO,23,5,0.9893460273742676,24.706,123,128,,
7,VO,24,6,0.7113105654716492,46.836,124,128,,
7,VO,25,6,0.7688773274421692,41.663,124,127,,
7,VO,26,6,0.691692054271698,49.711,124,128,,
7,VO,27,6,0.7367303967475891,49.92,124,127,,
7,VO,28,7,0.94261234998703,38.895,124,128,,
7,VO,29,7,0.8327692151069641,55.153,124,127,,
7,VO,30,7,0.8439507484436035,50.082,125,128,,
7,VO,31,7,1.0315704345703125,37.837,124,128,,
8,Q,0,0,0.9451975226402283,14.273,122,126,2.697640e-02,
8,Q,1,0,1.1054309606552124,11.022,121,126,2.764223e-02,
8,Q,2,0,1.063098669052124,10.966,122,128,2.588933e-02,
8,Q,3,0,0.8012385964393616,19.503,120,126,2.726943e-02,
8,Q,4,1,0.9888550043106079,12.049,122,127,2.513123e-02,
8,Q,5,1,0.8847125172615051,16.134,119,126,2.635114e-02,
8,Q,6,1,0.8209956884384155,17.987,119,126,2.596901e-02,
8,Q,7,1,0.9139149785041809,14.685,119,126,2.544839e-02,
8,Q,8,2,0.8594574928283691,16.026,122,126,2.602037e-02,
8,Q,9,2,0.9427528381347656,13.525,121,126,2.663609e-02,
8,Q,10,2,0.9310085773468018,14.659,121,126,2.734991e-02,
8,Q,11,2,0.811212420463562,18.395,120,126,2.627479e-02,
8,Q,12,3,0.8944748640060425,14.541,121,126,2.630794e-02,
8,Q,13,3,0.9886298775672913,12.636,122,126,2.691927e-02,
8,Q,14,3,0.92449551820755,13.838,121,126,2.644158e-02,
8,Q,15,3,0.8572254776954651,18.324,121,126,2.807031e-02,
8,Q,16,4,0.9545677304267883,10.296,123,127,2.354440e-02,
8,Q,17,4,0.9982989430427551,10.696,122,126,2.504005e-02,
8,Q,18,4,1.0126125812530518,11.324,122,126,2.521798e-02,
8,Q,19,4,0.9229326844215393,12.082,121,126,2.407834e-02,
8,Q,20,5,1.1301145553588867,9.298,115,125,2.569082e-02,
8,Q,21,5,0.7382307052612305,20.925,118,126,2.582761e-02,
8,Q,22,5,0.8779984712600708,14.546,119,126,2.571245e-02,
8,Q,23,5,0.8538482785224915,14.921,121,126,2.529954e-02,
8,Q,24,6,0.9205136895179749,13.812,121,126,2.574794e-02,
8,Q,25,6,0.8611353039741516,16.428,121,125,2.650174e-02,
8,Q,26,6,0.9147360920906067,11.104,120,126,2.307398e-02,
8,Q,27,6,0.9356957077980042,13.377,121,126,2.496766e-02,
8,Q,28,7,0.8574345111846924,15.928,122,126,2.509522e-02,
8,Q,29,7,0.9101882576942444,15.048,122,127,2.619746e-02,
8,Q,30,7,0.8420949578285217,17.32,122,126,2.646655e-02,
8,Q,31,7,0.8586885333061218,16.442,121,126,2.639442e-02,
8,K,0,0,0.6953771114349365,24.526,123,128,2.646548e-02,
8,K,1,1,0.6519330143928528,29.944,120,127,2.688005e-02,
8,K,2,2,0.6673292517662048,28.512,122,127,2.757763e-02,
8,K,3,3,0.7285369634628296,23.071,122,127,2.748024e-02,
8,K,4,4,0.5594649314880371,38.972,123,128,2.642986e-02,
8,K,5,5,0.48888906836509705,51.959,120,127,2.743476e-02,
8,K,6,6,0.7508910894393921,21.293,124,128,2.628651e-02,
8,K,7,7,0.7287232279777527,23.823,122,128,2.720702e-02,
8,V,0,0,0.4038216173648834,100.149,126,128,3.220916e-02,
8,V,1,1,0.46776625514030457,59.497,125,128,2.750532e-02,
8,V,2,2,0.4650360941886902,78.163,126,128,3.199794e-02,
8,V,3,3,0.4074280261993408,97.739,126,128,3.203350e-02,
8,V,4,4,0.42529797554016113,70.384,126,128,2.743418e-02,
8,V,5,5,0.3993343710899353,73.399,126,128,2.681087e-02,
8,V,6,6,0.4524552524089813,78.79,126,128,3.051167e-02,
8,V,7,7,0.4239903688430786,86.327,126,128,3.060326e-02,
8,O,0,0,2.3582472801208496,77.339,125,128,2.864172e-02,
8,O,1,0,2.2706186771392822,89.549,126,128,2.967458e-02,
8,O,2,0,2.403226852416992,73.922,125,128,2.853604e-02,
8,O,3,0,2.5980210304260254,57.603,126,128,2.723176e-02,
8,O,4,1,3.363382339477539,26.355,123,128,2.384616e-02,
8,O,5,1,2.993955135345459,38.298,124,128,2.558836e-02,
8,O,6,1,3.2194557189941406,32.876,123,128,2.549362e-02,
8,O,7,1,4.076330661773682,26.294,124,128,2.886718e-02,
8,O,8,2,2.70196270942688,57.326,125,128,2.825312e-02,
8,O,9,2,2.5899198055267334,63.331,125,128,2.846473e-02,
8,O,10,2,2.847484588623047,49.291,125,128,2.760927e-02,
8,O,11,2,2.562650442123413,56.58,126,128,2.662146e-02,
8,O,12,3,2.5540378093719482,64.636,125,128,2.835793e-02,
8,O,13,3,2.581862688064575,70.39,125,128,2.991568e-02,
8,O,14,3,2.748595714569092,50.888,125,128,2.707869e-02,
8,O,15,3,3.411471366882324,29.521,126,128,2.559859e-02,
8,O,16,4,2.537198543548584,50.301,125,128,2.485149e-02,
8,O,17,4,2.625417709350586,48.621,126,128,2.528255e-02,
8,O,18,4,2.4141223430633545,53.165,125,128,2.430996e-02,
8,O,19,4,3.142732620239258,43.935,125,128,2.876888e-02,
8,O,20,5,2.7746710777282715,46.794,124,128,2.621318e-02,
8,O,21,5,3.2908012866973877,28.109,125,128,2.409555e-02,
8,O,22,5,2.725473642349243,54.847,124,128,2.787602e-02,
8,O,23,5,2.7567920684814453,39.749,125,128,2.400370e-02,
8,O,24,6,2.910771369934082,46.646,124,128,2.745538e-02,
8,O,25,6,2.5549306869506836,48.825,126,128,2.465527e-02,
8,O,26,6,3.6259286403656006,31.767,124,128,2.822408e-02,
8,O,27,6,3.0135514736175537,45.19,124,128,2.797773e-02,
8,O,28,7,2.692960739135742,53.881,125,128,2.729985e-02,
8,O,29,7,2.320535659790039,75.442,126,128,2.783600e-02,
8,O,30,7,2.449242115020752,63.88,125,128,2.703487e-02,
8,O,31,7,2.7074785232543945,54.532,125,128,2.761217e-02,
8,VO,0,0,0.8499771952629089,75.995,124,127,,
8,VO,1,0,0.8545674681663513,81.493,125,128,,
8,VO,2,0,0.8467923998832703,75.481,124,127,,
8,VO,3,0,0.7717354893684387,82.694,126,128,,
8,VO,4,1,1.1086324453353882,25.442,122,127,,
8,VO,5,1,1.0004397630691528,35.896,122,127,,
8,VO,6,1,0.9672476053237915,36.844,122,127,,
8,VO,7,1,1.5013339519500732,21.674,121,127,,
8,VO,8,2,1.0017755031585693,54.983,125,128,,
8,VO,9,2,0.9737735390663147,59.728,124,128,,
8,VO,10,2,1.050992727279663,46.996,125,128,,
8,VO,11,2,1.0529557466506958,44.698,125,128,,
8,VO,12,3,0.9520318508148193,59.668,124,127,,
8,VO,13,3,0.9522198438644409,66.107,124,127,,
8,VO,14,3,1.0144166946411133,47.853,124,127,,
8,VO,15,3,1.1552377939224243,31.992,125,128,,
8,VO,16,4,0.8944220542907715,41.047,124,128,,
8,VO,17,4,1.038794994354248,31.707,124,128,,
8,VO,18,4,0.8086268305778503,47.914,124,128,,
8,VO,19,4,1.0388076305389404,40.112,124,128,,
8,VO,20,5,1.0346304178237915,31.39,124,128,,
8,VO,21,5,0.9057489037513733,33.053,124,128,,
8,VO,22,5,0.850957989692688,51.72,123,128,,
8,VO,23,5,0.7855937480926514,43.164,124,128,,
8,VO,24,6,1.0387189388275146,46.529,124,127,,
8,VO,25,6,0.9169726371765137,48.892,125,128,,
8,VO,26,6,1.3383030891418457,29.496,123,128,,
8,VO,27,6,1.3107750415802002,31.699,123,127,,
8,VO,28,7,1.092036247253418,40.979,124,128,,
8,VO,29,7,0.8261986970901489,72.104,125,128,,
8,VO,30,7,0.8580077886581421,62.91,125,128,,
8,VO,31,7,0.9752950668334961,50.545,124,128,,
9,Q,0,0,0.9179545044898987,14.584,121,126,2.671373e-02,
9,Q,1,0,1.0430711507797241,12.065,120,125,2.733253e-02,
9,Q,2,0,0.7827745676040649,20.022,117,123,2.703008e-02,
9,Q,3,0,0.8330265283584595,17.301,117,123,2.635052e-02,
9,Q,4,1,0.9564786553382874,13.938,122,126,2.783752e-02,
9,Q,5,1,0.964575469493866,13.386,121,126,2.723812e-02,
9,Q,6,1,0.873821496963501,16.591,122,126,2.793087e-02,
9,Q,7,1,0.9815848469734192,12.688,122,126,2.715990e-02,
9,Q,8,2,1.0003471374511719,8.838,120,124,2.303148e-02,
9,Q,9,2,1.0802191495895386,9.017,121,125,2.483627e-02,
9,Q,10,2,1.0835068225860596,8.047,121,125,2.333094e-02,
9,Q,11,2,1.0578652620315552,10.213,119,124,2.469188e-02,
9,Q,12,3,1.0682778358459473,11.064,117,123,2.700542e-02,
9,Q,13,3,1.127307415008545,9.125,121,126,2.530631e-02,
9,Q,14,3,1.3308101892471313,7.045,119,127,2.569561e-02,
9,Q,15,3,1.1482990980148315,10.438,121,126,2.727085e-02,
9,Q,16,4,1.0420130491256714,10.339,115,123,2.514287e-02,
9,Q,17,4,0.8589888215065002,13.912,117,124,2.423008e-02,
9,Q,18,4,1.006955623626709,9.413,118,125,2.359081e-02,
9,Q,19,4,0.8863893151283264,10.763,120,125,2.258440e-02,
9,Q,20,5,0.8615883588790894,13.812,121,125,2.478285e-02,
9,Q,21,5,0.8262612819671631,22.372,120,127,3.010770e-02,
9,Q,22,5,1.0032379627227783,12.295,122,127,2.592787e-02,
9,Q,23,5,1.0358303785324097,11.796,122,127,2.623680e-02,
9,Q,24,6,1.018587589263916,10.04,121,126,2.478700e-02,
9,Q,25,6,1.035560131072998,10.623,119,124,2.464890e-02,
9,Q,26,6,1.081685185432434,8.994,122,127,2.414477e-02,
9,Q,27,6,0.988814115524292,10.718,119,124,2.410258e-02,
9,Q,28,7,0.8782870173454285,12.297,120,126,2.382009e-02,
9,Q,29,7,1.0907790660858154,8.116,122,126,2.334542e-02,
9,Q,30,7,0.9735142588615417,6.843,121,125,1.968207e-02,
9,Q,31,7,0.8141907453536987,13.333,120,124,2.321182e-02,
9,K,0,0,0.6017103791236877,37.024,122,127,2.808613e-02,
9,K,1,1,0.6122645735740662,33.821,123,127,2.826953e-02,
9,K,2,2,0.6089341044425964,30.532,123,128,2.347948e-02,
9,K,3,3,0.8979967832565308,15.498,120,127,2.667339e-02,
9,K,4,4,0.48430460691452026,43.983,119,127,2.549728e-02,
9,K,5,5,0.8099809288978577,20.034,122,127,2.759816e-02,
9,K,6,6,0.5907403230667114,32.709,123,128,2.568835e-02,
9,K,7,7,0.47643643617630005,35.843,123,128,2.267472e-02,
9,V,0,0,0.4063519835472107,79.203,126,128,2.818199e-02,
9,V,1,1,0.5158401131629944,56.661,126,128,3.102432e-02,
9,V,2,2,0.4509219527244568,66.842,126,128,2.912926e-02,
9,V,3,3,0.4477919340133667,96.763,126,128,3.514550e-02,
9,V,4,4,0.3705955445766449,56.556,126,128,2.175546e-02,
9,V,5,5,0.4552745521068573,95.772,126,128,3.493892e-02,
9,V,6,6,0.5103343725204468,75.658,125,128,3.465839e-02,
9,V,7,7,0.3955608606338501,64.892,126,128,2.522817e-02,
9,O,0,0,2.647033452987671,47.372,125,128,2.516119e-02,
9,O,1,0,2.563405990600586,52.777,125,128,2.571868e-02,
9,O,2,0,2.5086658000946045,59.004,125,128,2.661303e-02,
9,O,3,0,2.850410223007202,37.959,125,128,2.425360e-02,
9,O,4,1,2.8199214935302734,45.23,125,128,2.619162e-02,
9,O,5,1,2.790644884109497,55.542,125,128,2.872286e-02,
9,O,6,1,2.9923183917999268,42.031,126,128,2.679191e-02,
9,O,7,1,2.583225727081299,53.972,125,128,2.620950e-02,
9,O,8,2,3.2185187339782715,33.369,125,128,2.567645e-02,
9,O,9,2,2.790952444076538,50.295,125,128,2.733537e-02,
9,O,10,2,2.4395151138305664,55.931,126,128,2.519643e-02,
9,O,11,2,3.073028087615967,34.611,125,128,2.496804e-02,
9,O,12,3,2.1570277214050293,92.2,126,128,2.860427e-02,
9,O,13,3,2.772416353225708,70.072,125,128,3.205102e-02,
9,O,14,3,2.81998872756958,48.32,125,128,2.707196e-02,
9,O,15,3,2.361689567565918,84.908,125,128,3.005440e-02,
9,O,16,4,2.9824531078338623,28.053,125,128,2.181577e-02,
9,O,17,4,3.458940029144287,36.717,123,128,2.894575e-02,
9,O,18,4,3.0544004440307617,19.276,125,128,1.852005e-02,
9,O,19,4,2.599320650100708,26.87,125,128,1.860815e-02,
9,O,20,5,3.2303526401519775,41.735,124,128,2.882111e-02,
9,O,21,5,4.520318984985352,17.854,126,128,2.637823e-02,
9,O,22,5,2.596585750579834,68.288,124,128,2.963378e-02,
9,O,23,5,2.517040967941284,66.388,124,128,2.832353e-02,
9,O,24,6,3.087153911590576,44.297,125,128,2.837638e-02,
9,O,25,6,2.722984790802002,64.949,126,128,3.030695e-02,
9,O,26,6,2.7089450359344482,51.858,125,128,2.694133e-02,
9,O,27,6,3.124645948410034,50.479,125,128,3.065968e-02,
9,O,28,7,3.615978956222534,34.163,124,128,2.918866e-02,
9,O,29,7,2.4302542209625244,44.832,124,128,2.247275e-02,
9,O,30,7,3.429800033569336,23.026,125,128,2.272947e-02,
9,O,31,7,3.288538932800293,29.101,124,128,2.450004e-02,
9,VO,0,0,0.9166537523269653,40.555,124,127,,
9,VO,1,0,0.907823383808136,43.506,124,127,,
9,VO,2,0,0.7764320373535156,63.393,124,128,,
9,VO,3,0,0.9210458993911743,37.148,125,128,,
9,VO,4,1,1.4091280698776245,21.878,124,128,,
9,VO,5,1,0.9445745348930359,57.021,125,128,,
9,VO,6,1,1.5150505304336548,19.759,125,128,,
9,VO,7,1,1.06111741065979,37.799,124,128,,
9,VO,8,2,1.0870394706726074,31.714,124,128,,
9,VO,9,2,0.980494499206543,43.819,124,128,,
9,VO,10,2,0.9676669239997864,38.537,124,128,,
9,VO,11,2,1.1619305610656738,26.489,124,128,,
9,VO,12,3,0.8891021013259888,83.029,125,128,,
9,VO,13,3,1.1020877361297607,67.759,124,128,,
9,VO,14,3,1.1835955381393433,41.677,124,128,,
9,VO,15,3,0.9594154357910156,79.286,124,128,,
9,VO,16,4,0.8206114172935486,23.534,124,128,,
9,VO,17,4,1.0895024538040161,23.189,122,127,,
9,VO,18,4,0.8700971603393555,14.972,124,128,,
9,VO,19,4,0.762859046459198,19.19,124,128,,
9,VO,20,5,1.29166841506958,41.383,123,127,,
9,VO,21,5,1.7590293884277344,18.008,125,128,,
9,VO,22,5,1.0028303861618042,71.144,123,127,,
9,VO,23,5,1.060998558998108,58.962,123,127,,
9,VO,24,6,1.4810506105422974,29.929,123,128,,
9,VO,25,6,1.3107149600982666,44.796,124,128,,
9,VO,26,6,1.2431081533432007,38.23,124,128,,
9,VO,27,6,1.4296281337738037,38.688,124,128,,
9,VO,28,7,0.9236313104629517,41.022,123,128,,
9,VO,29,7,0.741757869720459,38.61,124,128,,
9,VO,30,7,0.8532562851905823,28.926,124,128,,
9,VO,31,7,1.029915452003479,23.941,123,128,,
10,Q,0,0,1.1141356229782104,18.001,117,123,2.512293e-02,
10,Q,1,0,0.9595275521278381,26.773,116,123,2.612215e-02,
10,Q,2,0,1.0597507953643799,21.215,117,124,2.618800e-02,
10,Q,3,0,1.0915086269378662,19.338,118,124,2.528604e-02,
10,Q,4,1,1.2517949342727661,16.567,121,126,2.646021e-02,
10,Q,5,1,1.15312922000885,18.194,121,126,2.562339e-02,
10,Q,6,1,1.0631698369979858,25.667,120,127,2.823996e-02,
10,Q,7,1,1.3852702379226685,13.931,122,127,2.653132e-02,
10,Q,8,2,1.1252104043960571,18.173,119,124,2.477682e-02,
10,Q,9,2,1.179620385169983,17.094,122,128,2.526424e-02,
10,Q,10,2,1.254698395729065,16.069,120,125,2.608683e-02,
10,Q,11,2,1.2157542705535889,17.125,118,125,2.606185e-02,
10,Q,12,3,1.1618752479553223,17.454,118,124,2.448349e-02,
10,Q,13,3,1.2070858478546143,15.793,117,123,2.448378e-02,
10,Q,14,3,1.1363435983657837,18.196,119,125,2.521542e-02,
10,Q,15,3,1.03812837600708,21.693,119,125,2.538648e-02,
10,Q,16,4,0.9165433049201965,29.344,124,128,2.628105e-02,
10,Q,17,4,0.9963595271110535,26.114,123,128,2.692002e-02,
10,Q,18,4,0.782321035861969,47.58,123,127,2.805907e-02,
10,Q,19,4,0.9291771054267883,37.853,123,128,2.947076e-02,
10,Q,20,5,1.239090919494629,15.323,121,127,2.513129e-02,
10,Q,21,5,1.5049209594726562,10.71,118,125,2.549993e-02,
10,Q,22,5,1.4856609106063843,11.124,120,127,2.568650e-02,
10,Q,23,5,1.5063138008117676,8.927,120,127,2.337762e-02,
10,Q,24,6,1.5346736907958984,10.697,122,126,2.594514e-02,
10,Q,25,6,1.4251506328582764,12.51,121,126,2.591831e-02,
10,Q,26,6,1.317495346069336,14.763,120,124,2.620061e-02,
10,Q,27,6,1.2712454795837402,15.487,120,126,2.576331e-02,
10,Q,28,7,1.619493842124939,11.838,118,126,2.855361e-02,
10,Q,29,7,1.472141146659851,11.549,120,127,2.525655e-02,
10,Q,30,7,1.174411654472351,18.526,122,127,2.612549e-02,
10,Q,31,7,1.178005337715149,19.748,120,126,2.689134e-02,
10,K,0,0,1.1457080841064453,19.17,118,125,2.686892e-02,
10,K,1,1,0.9345104694366455,28.377,123,128,2.718995e-02,
10,K,2,2,0.9853348731994629,26.922,122,127,2.687218e-02,
10,K,3,3,0.9866371154785156,27.016,121,127,2.717531e-02,
10,K,4,4,0.9279760122299194,32.189,123,127,2.776671e-02,
10,K,5,5,1.2521493434906006,12.991,117,126,2.393821e-02,
10,K,6,6,0.8434363603591919,35.833,123,128,2.660413e-02,
10,K,7,7,1.1839702129364014,20.027,121,127,2.763345e-02,
10,V,0,0,0.5719558596611023,68.362,125,128,2.464114e-02,
10,V,1,1,0.5477171540260315,100.808,126,128,2.936919e-02,
10,V,2,2,0.60160893201828,92.895,126,128,2.901799e-02,
10,V,3,3,0.6307321190834045,63.896,125,128,2.631481e-02,
10,V,4,4,0.6419873833656311,78.769,125,128,3.029608e-02,
10,V,5,5,0.7843967080116272,91.63,125,128,3.829940e-02,
10,V,6,6,0.6388211846351624,75.508,126,128,2.859958e-02,
10,V,7,7,0.6370158791542053,95.431,125,128,3.158250e-02,
10,O,0,0,2.7461752891540527,40.418,124,128,2.411173e-02,
10,O,1,0,2.6768081188201904,42.42,124,128,2.407761e-02,
10,O,2,0,2.401339292526245,56.56,125,128,2.494134e-02,
10,O,3,0,2.6605467796325684,40.797,123,128,2.346916e-02,
10,O,4,1,2.0838682651519775,85.483,125,128,2.660846e-02,
10,O,5,1,2.333527088165283,72.43,125,128,2.742727e-02,
10,O,6,1,2.658574342727661,52.186,126,128,2.652393e-02,
10,O,7,1,2.126126527786255,92.31,125,128,2.821144e-02,
10,O,8,2,2.7633609771728516,42.773,125,128,2.495924e-02,
10,O,9,2,2.5594065189361572,61.851,124,128,2.779854e-02,
10,O,10,2,2.512084484100342,66.304,125,128,2.824983e-02,
10,O,11,2,2.819592237472534,42.247,127,128,2.531014e-02,
10,O,12,3,3.8605947494506836,19.284,125,128,2.341324e-02,
10,O,13,3,3.5919532775878906,20.393,125,128,2.240193e-02,
10,O,14,3,2.680720567703247,48.861,123,128,2.587887e-02,
10,O,15,3,2.7020254135131836,51.444,123,128,2.676514e-02,
10,O,16,4,2.439206600189209,60.12,125,128,2.611968e-02,
10,O,17,4,2.6255130767822266,60.663,125,128,2.824139e-02,
10,O,18,4,2.7079520225524902,46.294,125,128,2.544578e-02,
10,O,19,4,5.23152494430542,13.325,125,128,2.637422e-02,
10,O,20,5,3.1877944469451904,51.423,125,128,3.157036e-02,
10,O,21,5,2.7562406063079834,68.392,125,128,3.147972e-02,
10,O,22,5,2.654923915863037,65.504,124,128,2.967540e-02,
10,O,23,5,4.08838415145874,40.947,123,128,3.613062e-02,
10,O,24,6,2.122678518295288,74.664,125,128,2.533093e-02,
10,O,25,6,2.411885976791382,57.49,125,128,2.525591e-02,
10,O,26,6,3.0205788612365723,51.547,125,128,2.995051e-02,
10,O,27,6,2.2658824920654297,64.086,125,128,2.505123e-02,
10,O,28,7,2.4973807334899902,70.347,126,128,2.892798e-02,
10,O,29,7,2.017463207244873,83.616,125,128,2.547778e-02,
10,O,30,7,2.6209239959716797,61.568,125,128,2.840148e-02,
10,O,31,7,2.367767333984375,83.76,126,128,2.992730e-02,
10,VO,0,0,1.2285603284835815,35.148,124,128,,
10,VO,1,0,1.2362052202224731,33.283,125,128,,
10,VO,2,0,1.0647860765457153,50.467,124,128,,
10,VO,3,0,1.1154338121414185,40.374,123,128,,
10,VO,4,1,1.0705220699310303,76.886,124,127,,
10,VO,5,1,1.1647617816925049,69.35,124,127,,
10,VO,6,1,1.004080057144165,85.438,126,128,,
10,VO,7,1,1.1043477058410645,81.927,124,127,,
10,VO,8,2,1.56949782371521,35.091,124,128,,
10,VO,9,2,1.4114480018615723,54.479,123,127,,
10,VO,10,2,1.384063482284546,58.342,124,127,,
10,VO,11,2,1.363825798034668,47.386,126,128,,
10,VO,12,3,2.2757248878479004,11.993,123,128,,
10,VO,13,3,2.1115238666534424,12.595,124,128,,
10,VO,14,3,1.4526190757751465,33.68,123,128,,
10,VO,15,3,1.3844972848892212,38.461,122,127,,
10,VO,16,4,1.275654911994934,55.701,124,127,,
10,VO,17,4,1.5169134140014648,47.099,123,127,,
10,VO,18,4,1.6737475395202637,30.755,124,128,,
10,VO,19,4,2.844285249710083,11.078,125,128,,
10,VO,20,5,2.23214054107666,47.495,122,127,,
10,VO,21,5,1.8404502868652344,70.148,123,128,,
10,VO,22,5,1.7453571557998657,66.524,123,127,,
10,VO,23,5,2.9667906761169434,36.539,119,127,,
10,VO,24,6,1.1358834505081177,63.844,124,128,,
10,VO,25,6,1.330932378768921,46.643,124,128,,
10,VO,26,6,1.84523606300354,34.633,124,128,,
10,VO,27,6,1.240859031677246,51.667,124,128,,
10,VO,28,7,1.2239094972610474,88.732,125,128,,
10,VO,29,7,1.164377212524414,77.403,123,127,,
10,VO,30,7,1.4237290620803833,62.625,124,127,,
10,VO,31,7,1.2700647115707397,87.512,124,128,,
11,Q,0,0,0.9214414358139038,14.636,122,127,2.539633e-02,
11,Q,1,0,0.863715410232544,20.299,120,126,2.852077e-02,
11,Q,2,0,0.7690556645393372,21.059,123,127,2.567848e-02,
11,Q,3,0,1.0619288682937622,9.819,122,128,2.402283e-02,
11,Q,4,1,1.0599738359451294,12.446,123,127,2.708743e-02,
11,Q,5,1,1.1218286752700806,11.364,122,127,2.701714e-02,
11,Q,6,1,0.9666858315467834,14.37,121,126,2.657823e-02,
11,Q,7,1,1.097069501876831,12.306,122,127,2.771119e-02,
11,Q,8,2,0.9887142181396484,10.008,117,126,2.362186e-02,
11,Q,9,2,0.8752560019493103,10.351,122,127,2.195288e-02,
11,Q,10,2,1.0070441961288452,8.901,121,127,2.300069e-02,
11,Q,11,2,1.1716569662094116,8.451,122,127,2.538335e-02,
11,Q,12,3,0.7934806942939758,20.177,122,127,2.575012e-02,
11,Q,13,3,0.8227765560150146,20.817,121,127,2.732675e-02,
11,Q,14,3,1.1776964664459229,10.283,121,128,2.657337e-02,
11,Q,15,3,0.9363073706626892,16.119,122,127,2.679513e-02,
11,Q,16,4,0.909280002117157,16.047,120,127,2.622144e-02,
11,Q,17,4,0.8969120383262634,16.5,119,125,2.626449e-02,
11,Q,18,4,0.9734944701194763,14.204,119,126,2.646691e-02,
11,Q,19,4,0.9379348158836365,14.531,119,125,2.592368e-02,
11,Q,20,5,1.0791618824005127,11.172,120,126,2.618785e-02,
11,Q,21,5,0.9455523490905762,14.124,120,126,2.616365e-02,
11,Q,22,5,0.9272059202194214,15.31,120,126,2.648258e-02,
11,Q,23,5,0.9269258975982666,15.949,120,126,2.705906e-02,
11,Q,24,6,0.9972423911094666,14.048,122,127,2.682944e-02,
11,Q,25,6,0.8768912553787231,18.721,121,126,2.764733e-02,
11,Q,26,6,1.066339135169983,12.548,122,127,2.687440e-02,
11,Q,27,6,1.1024386882781982,11.641,122,127,2.697822e-02,
11,Q,28,7,0.9435232877731323,13.827,121,126,2.522825e-02,
11,Q,29,7,0.9270654916763306,14.693,121,127,2.526962e-02,
11,Q,30,7,0.9713138937950134,13.889,119,126,2.589452e-02,
11,Q,31,7,0.9104244709014893,15.73,120,126,2.617899e-02,
11,K,0,0,0.9713879823684692,14.631,121,127,2.719770e-02,
11,K,1,1,0.6819331049919128,29.137,123,128,2.733880e-02,
11,K,2,2,0.42081016302108765,47.151,119,127,2.453669e-02,
11,K,3,3,0.7250244617462158,27.651,121,127,2.794907e-02,
11,K,4,4,0.5636864304542542,42.807,120,127,2.740587e-02,
11,K,5,5,0.6996519565582275,26.225,121,127,2.730453e-02,
11,K,6,6,0.6948985457420349,29.08,122,127,2.739785e-02,
11,K,7,7,0.7858408689498901,21.662,123,128,2.697515e-02,
11,V,0,0,0.5237452983856201,81.55,126,128,3.419525e-02,
11,V,1,1,0.4682270884513855,89.207,126,128,3.224814e-02,
11,V,2,2,0.42757126688957214,53.276,126,128,2.268288e-02,
11,V,3,3,0.46835747361183167,95.451,126,128,3.323597e-02,
11,V,4,4,0.43204861879348755,62.759,125,128,2.597123e-02,
11,V,5,5,0.4660300612449646,87.749,126,128,3.299442e-02,
11,V,6,6,0.4460828900337219,85.309,126,128,2.974369e-02,
11,V,7,7,0.5080152750015259,65.72,126,128,2.978174e-02,
11,O,0,0,2.3963918685913086,69.203,125,128,2.753147e-02,
11,O,1,0,2.9341297149658203,58.31,126,128,3.094298e-02,
11,O,2,0,2.739835023880005,63.679,124,128,3.019488e-02,
11,O,3,0,2.7498061656951904,46.492,124,128,2.589405e-02,
11,O,4,1,2.575176239013672,72.054,126,128,3.018890e-02,
11,O,5,1,2.324669361114502,69.134,126,128,2.669434e-02,
11,O,6,1,2.3993992805480957,74.05,126,128,2.851513e-02,
11,O,7,1,2.35306978225708,66.508,126,128,2.650223e-02,
11,O,8,2,3.224055051803589,28.95,125,128,2.395718e-02,
11,O,9,2,3.3072400093078613,16.259,125,128,1.841699e-02,
11,O,10,2,2.9401416778564453,22.979,125,128,1.946446e-02,
11,O,11,2,2.4271812438964844,67.759,122,128,2.759292e-02,
11,O,12,3,3.0974175930023193,34.643,126,128,2.517790e-02,
11,O,13,3,2.6854746341705322,75.092,125,128,3.213868e-02,
11,O,14,3,2.1507866382598877,75.629,125,128,2.583163e-02,
11,O,15,3,2.3475465774536133,81.688,123,128,2.930248e-02,
11,O,16,4,3.319579839706421,31.353,124,128,2.567044e-02,
11,O,17,4,2.432354688644409,62.155,123,128,2.648360e-02,
11,O,18,4,3.4332478046417236,24.918,124,128,2.366854e-02,
11,O,19,4,2.528879165649414,53.652,126,128,2.558183e-02,
11,O,20,5,2.703681707382202,55.174,126,128,2.773531e-02,
11,O,21,5,2.7308781147003174,58.565,126,128,2.886247e-02,
11,O,22,5,2.5866503715515137,65.39,126,128,2.888713e-02,
11,O,23,5,2.5756618976593018,65.521,126,128,2.879320e-02,
11,O,24,6,2.3516876697540283,72.878,125,128,2.772608e-02,
11,O,25,6,2.9880337715148926,41.818,126,128,2.668579e-02,
11,O,26,6,2.3601338863372803,68.273,125,128,2.693212e-02,
11,O,27,6,2.5082180500030518,58.355,125,128,2.646160e-02,
11,O,28,7,2.9970457553863525,37.587,125,128,2.537590e-02,
11,O,29,7,2.848869800567627,42.669,125,128,2.570032e-02,
11,O,30,7,2.6280157566070557,51.591,125,128,2.606911e-02,
11,O,31,7,3.214287281036377,43.677,125,128,2.933750e-02,
11,VO,0,0,1.0251213312149048,65.992,124,127,,
11,VO,1,0,1.2534693479537964,56.216,125,128,,
11,VO,2,0,1.2589459419250488,53.546,123,127,,
11,VO,3,0,1.3519542217254639,34.344,122,127,,
11,VO,4,1,1.1292343139648438,58.426,124,128,,
11,VO,5,1,1.0126712322235107,56.623,125,128,,
11,VO,6,1,0.9857386946678162,67.503,125,128,,
11,VO,7,1,0.8792522549629211,72.292,125,128,,
11,VO,8,2,0.971237063407898,23.576,125,128,,
11,VO,9,2,1.221291184425354,9.721,124,128,,
11,VO,10,2,1.138437032699585,12.419,125,128,,
11,VO,11,2,0.7695322632789612,50.305,123,128,,
11,VO,12,3,1.2020224332809448,36.068,125,128,,
11,VO,13,3,1.1276189088821411,69.979,124,128,,
11,VO,14,3,0.8610628843307495,77.109,125,127,,
11,VO,15,3,0.9853989481925964,77.216,122,127,,
11,VO,16,4,0.9492745995521545,34.329,125,128,,
11,VO,17,4,0.7939013242721558,50.841,124,128,,
11,VO,18,4,0.8398215770721436,36.064,125,128,,
11,VO,19,4,0.8879801034927368,40.343,125,128,,
11,VO,20,5,1.0800259113311768,51.357,125,128,,
11,VO,21,5,1.1619724035263062,49.344,125,128,,
11,VO,22,5,1.0494259595870972,59.32,125,128,,
11,VO,23,5,1.065722942352295,57.019,125,128,,
11,VO,24,6,0.8734484314918518,69.927,125,127,,
11,VO,25,6,0.9160486459732056,58.571,126,128,,
11,VO,26,6,0.9151217937469482,60.698,124,127,,
11,VO,27,6,1.0810761451721191,41.788,125,127,,
11,VO,28,7,1.3174958229064941,27.322,123,127,,
11,VO,29,7,1.3060822486877441,28.184,124,128,,
11,VO,30,7,1.1051260232925415,39.928,124,128,,
11,VO,31,7,1.265626072883606,37.704,124,127,,
12,Q,0,0,1.3930022716522217,6.107,115,125,2.346592e-02,
12,Q,1,0,1.2908496856689453,10.926,117,124,2.854929e-02,
12,Q,2,0,1.1813048124313354,8.087,109,122,2.292137e-02,
12,Q,3,0,1.1112154722213745,11.84,120,126,2.586629e-02,
12,Q,4,1,1.0850826501846313,14.549,123,128,2.781773e-02,
12,Q,5,1,1.0206010341644287,15.784,121,126,2.718516e-02,
12,Q,6,1,0.9794392585754395,17.176,122,127,2.714788e-02,
12,Q,7,1,0.8925117254257202,23.209,121,127,2.867552e-02,
12,Q,8,2,1.0002726316452026,19.188,120,127,2.914230e-02,
12,Q,9,2,1.2453426122665405,10.67,122,127,2.672343e-02,
12,Q,10,2,1.1151856184005737,12.632,121,127,2.630774e-02,
12,Q,11,2,1.1861138343811035,12.593,122,126,2.798830e-02,
12,Q,12,3,1.10433030128479,13.44,121,127,2.713694e-02,
12,Q,13,3,0.9939765930175781,16.84,122,127,2.734438e-02,
12,Q,14,3,1.071523666381836,15.056,121,127,2.785057e-02,
12,Q,15,3,0.9847192168235779,17.362,123,128,2.755034e-02,
12,Q,16,4,1.027306318283081,14.087,120,126,2.520045e-02,
12,Q,17,4,0.8130629658699036,19.692,120,125,2.388339e-02,
12,Q,18,4,1.0439399480819702,11.332,120,126,2.344685e-02,
12,Q,19,4,1.0440280437469482,12.712,119,124,2.513234e-02,
12,Q,20,5,0.9460638165473938,10.956,123,128,2.230182e-02,
12,Q,21,5,0.9833934903144836,13.571,122,127,2.547266e-02,
12,Q,22,5,0.8816426396369934,16.763,122,128,2.509717e-02,
12,Q,23,5,0.8281118869781494,15.488,121,126,2.325577e-02,
12,Q,24,6,1.3654972314834595,5.902,119,126,2.328170e-02,
12,Q,25,6,0.9203881025314331,13.96,119,125,2.351598e-02,
12,Q,26,6,0.9765960574150085,14.377,118,124,2.367740e-02,
12,Q,27,6,1.4298261404037476,8.329,117,125,2.649153e-02,
12,Q,28,7,1.4383660554885864,8.177,120,127,2.742146e-02,
12,Q,29,7,1.2281875610351562,11.149,121,126,2.774535e-02,
12,Q,30,7,1.1940860748291016,10.585,121,126,2.631655e-02,
12,Q,31,7,1.2714470624923706,10.918,121,126,2.797489e-02,
12,K,0,0,0.6818397641181946,27.501,121,127,2.500598e-02,
12,K,1,1,0.7813913822174072,28.566,122,127,2.821871e-02,
12,K,2,2,0.78339022397995,27.137,122,128,2.747148e-02,
12,K,3,3,0.78568434715271,28.012,121,127,2.838269e-02,
12,K,4,4,0.8776296377182007,19.349,123,128,2.628441e-02,
12,K,5,5,0.7074821591377258,24.202,119,127,2.515305e-02,
12,K,6,6,0.5107611417770386,40.25,122,128,2.478102e-02,
12,K,7,7,0.5925308465957642,43.059,120,127,2.706316e-02,
12,V,0,0,0.4387161433696747,57.811,124,128,2.395876e-02,
12,V,1,1,0.5311484932899475,83.309,125,128,3.199315e-02,
12,V,2,2,0.4911966621875763,100.222,126,128,3.270975e-02,
12,V,3,3,0.5771434307098389,84.138,126,128,3.572364e-02,
12,V,4,4,0.5732486248016357,47.415,125,128,2.623122e-02,
12,V,5,5,0.5618523955345154,79.056,125,128,3.467581e-02,
12,V,6,6,0.5424450635910034,55.243,125,128,2.603061e-02,
12,V,7,7,0.4355136752128601,87.496,126,128,2.852240e-02,
12,O,0,0,2.6937506198883057,36.835,121,127,2.257875e-02,
12,O,1,0,3.0795860290527344,36.7,122,128,2.576552e-02,
12,O,2,0,3.2449378967285156,28.046,124,128,2.373318e-02,
12,O,3,0,3.047381639480591,44.175,123,128,2.797204e-02,
12,O,4,1,2.3237740993499756,76.683,125,128,2.810307e-02,
12,O,5,1,2.5041098594665527,62.95,125,128,2.743865e-02,
12,O,6,1,2.3781425952911377,66.897,124,128,2.686283e-02,
12,O,7,1,2.6375386714935303,53.558,126,128,2.665769e-02,
12,O,8,2,2.9734385013580322,53.96,126,128,3.016500e-02,
12,O,9,2,2.289210319519043,81.465,125,128,2.853525e-02,
12,O,10,2,2.2788870334625244,78.938,125,128,2.796257e-02,
12,O,11,2,1.9712854623794556,82.91,126,128,2.478922e-02,
12,O,12,3,2.586494207382202,70.418,125,128,2.997522e-02,
12,O,13,3,2.6825573444366455,57.355,126,128,2.805734e-02,
12,O,14,3,2.6235270500183105,62.236,126,128,2.858354e-02,
12,O,15,3,2.462042808532715,71.838,126,128,2.881929e-02,
12,O,16,4,3.5747885704040527,24.866,124,128,2.461854e-02,
12,O,17,4,3.3182101249694824,30.711,123,127,2.539594e-02,
12,O,18,4,2.928576946258545,35.632,120,127,2.414278e-02,
12,O,19,4,3.045476198196411,43.345,123,128,2.769089e-02,
12,O,20,5,3.3307740688323975,36.89,124,128,2.793906e-02,
12,O,21,5,3.3603923320770264,38.038,124,128,2.862267e-02,
12,O,22,5,3.015498399734497,39.716,125,128,2.624549e-02,
12,O,23,5,3.7382545471191406,36.623,124,128,3.124340e-02,
12,O,24,6,3.2116453647613525,30.005,122,128,2.429599e-02,
12,O,25,6,3.845895528793335,26.316,124,128,2.724712e-02,
12,O,26,6,3.4906530380249023,30.742,124,128,2.672900e-02,
12,O,27,6,2.3989949226379395,49.744,123,128,2.336737e-02,
12,O,28,7,2.9226837158203125,45.928,126,128,2.735450e-02,
12,O,29,7,2.7013537883758545,51.79,125,128,2.684821e-02,
12,O,30,7,2.398560047149658,56.149,126,128,2.482164e-02,
12,O,31,7,2.257362127304077,65.968,125,128,2.532080e-02,
12,VO,0,0,0.9526001811027527,26.268,121,127,,
12,VO,1,0,0.8748520016670227,38.773,120,126,,
12,VO,2,0,0.9642602801322937,27.3,123,128,,
12,VO,3,0,1.0176047086715698,35.282,120,126,,
12,VO,4,1,1.1594606637954712,56.807,124,128,,
12,VO,5,1,1.2468310594558716,47.776,123,127,,
12,VO,6,1,1.1060268878936768,58.282,122,127,,
12,VO,7,1,0.9792218208312988,70.491,125,128,,
12,VO,8,2,1.0393496751785278,83.141,125,128,,
12,VO,9,2,1.0361148118972778,75.903,124,127,,
12,VO,10,2,1.0287221670150757,73.806,124,127,,
12,VO,11,2,0.8677246570587158,80.998,125,127,,
12,VO,12,3,1.300159215927124,61.664,124,128,,
12,VO,13,3,1.2833843231201172,54.906,125,128,,
12,VO,14,3,1.396054744720459,48.919,124,128,,
12,VO,15,3,1.2947603464126587,57.702,124,128,,
12,VO,16,4,1.9900672435760498,11.146,122,127,,
12,VO,17,4,1.6119426488876343,18.407,120,127,,
12,VO,18,4,0.8746705055236816,42.55,122,127,,
12,VO,19,4,1.16351318359375,33.598,122,127,,
12,VO,20,5,1.4959357976913452,35.351,124,128,,
12,VO,21,5,1.6193954944610596,33.667,121,127,,
12,VO,22,5,1.409650206565857,35.205,124,128,,
12,VO,23,5,1.7707111835479736,31.316,124,128,,
12,VO,24,6,0.921843409538269,40.36,123,128,,
12,VO,25,6,1.9817028045654297,13.291,122,128,,
12,VO,26,6,1.2109439373016357,31.56,124,128,,
12,VO,27,6,0.8981351852416992,44.751,121,127,,
12,VO,28,7,1.1766141653060913,36.872,125,128,,
12,VO,29,7,1.0649046897888184,44.034,124,128,,
12,VO,30,7,0.8440245389938354,58.366,125,128,,
12,VO,31,7,0.9109985828399658,53.135,124,128,,
13,Q,0,0,1.1911449432373047,11.082,120,127,2.751225e-02,
13,Q,1,0,1.1338824033737183,11.783,118,126,2.772037e-02,
13,Q,2,0,1.352510929107666,8.278,121,127,2.720393e-02,
13,Q,3,0,1.181252360343933,10.613,118,124,2.648892e-02,
13,Q,4,1,1.0073716640472412,13.841,120,127,2.730207e-02,
13,Q,5,1,0.9732271432876587,13.503,120,126,2.570099e-02,
13,Q,6,1,0.912206768989563,17.672,119,124,2.736432e-02,
13,Q,7,1,1.0354021787643433,13.147,122,127,2.689430e-02,
13,Q,8,2,1.1045316457748413,12.06,113,125,2.809378e-02,
13,Q,9,2,1.4440912008285522,7.731,111,123,2.748622e-02,
13,Q,10,2,1.3547537326812744,7.851,115,124,2.623104e-02,
13,Q,11,2,1.3214495182037354,7.271,119,126,2.469958e-02,
13,Q,12,3,1.0411216020584106,6.329,120,124,1.951299e-02,
13,Q,13,3,1.2132575511932373,7.026,120,125,2.405837e-02,
13,Q,14,3,1.3317233324050903,7.049,118,125,2.486240e-02,
13,Q,15,3,1.1756411790847778,6.464,120,125,2.186644e-02,
13,Q,16,4,0.9641767144203186,14.248,121,128,2.624831e-02,
13,Q,17,4,1.0186829566955566,14.208,119,126,2.775475e-02,
13,Q,18,4,1.174098253250122,10.167,120,126,2.630297e-02,
13,Q,19,4,1.2511210441589355,10.167,121,128,2.814384e-02,
13,Q,20,5,1.0690919160842896,11.587,120,126,2.698045e-02,
13,Q,21,5,1.15464186668396,9.737,120,125,2.661381e-02,
13,Q,22,5,1.0356882810592651,11.706,122,127,2.613788e-02,
13,Q,23,5,0.9655186533927917,14.086,123,127,2.758353e-02,
13,Q,24,6,0.9164398908615112,16.257,123,127,2.806957e-02,
13,Q,25,6,0.9378165006637573,13.753,123,127,2.605287e-02,
13,Q,26,6,0.9026300311088562,13.625,119,126,2.501580e-02,
13,Q,27,6,1.2832577228546143,7.471,119,127,2.636792e-02,
13,Q,28,7,1.224019169807434,7.067,120,125,2.421602e-02,
13,Q,29,7,1.3979976177215576,6.337,119,124,2.451781e-02,
13,Q,30,7,1.221591830253601,8.033,118,124,2.572958e-02,
13,Q,31,7,1.438652515411377,6.2,118,125,2.544540e-02,
13,K,0,0,0.9291220903396606,16.642,117,127,2.712256e-02,
13,K,1,1,0.7963237762451172,22.972,120,126,2.789129e-02,
13,K,2,2,0.7914929389953613,22.092,106,124,2.702098e-02,
13,K,3,3,0.5923331379890442,29.011,121,128,2.220214e-02,
13,K,4,4,0.8393505811691284,19.577,120,127,2.706939e-02,
13,K,5,5,0.6663190722465515,29.218,122,128,2.793020e-02,
13,K,6,6,0.8590427041053772,16.401,121,127,2.775195e-02,
13,K,7,7,0.5679887533187866,34.423,122,128,2.389487e-02,
13,V,0,0,0.5651879906654358,58.772,126,128,3.140390e-02,
13,V,1,1,0.5325692296028137,59.037,126,128,2.903414e-02,
13,V,2,2,0.530332624912262,45.674,125,128,2.600778e-02,
13,V,3,3,0.4417138695716858,52.032,125,128,2.388872e-02,
13,V,4,4,0.5568695068359375,70.791,126,128,3.314814e-02,
13,V,5,5,0.5586092472076416,68.281,126,128,3.459958e-02,
13,V,6,6,0.47248390316963196,77.465,126,128,3.252906e-02,
13,V,7,7,0.4400729835033417,54.881,125,128,2.518981e-02,
13,O,0,0,2.4506897926330566,62.333,125,128,2.672137e-02,
13,O,1,0,2.5530481338500977,54.397,125,128,2.600503e-02,
13,O,2,0,2.4096601009368896,60.635,125,128,2.591364e-02,
13,O,3,0,3.4411699771881104,38.647,125,128,2.954432e-02,
13,O,4,1,2.8470332622528076,42.908,124,128,2.575549e-02,
13,O,5,1,2.9548983573913574,40.476,124,128,2.596295e-02,
13,O,6,1,2.8761065006256104,42.438,125,128,2.587567e-02,
13,O,7,1,2.935912609100342,37.161,124,128,2.471702e-02,
13,O,8,2,3.4819440841674805,36.892,123,128,2.920777e-02,
13,O,9,2,3.047456979751587,33.255,124,128,2.427051e-02,
13,O,10,2,2.975160837173462,25.583,125,128,2.078256e-02,
13,O,11,2,2.9577996730804443,29.19,125,128,2.206975e-02,
13,O,12,3,4.042330265045166,22.767,124,127,2.663760e-02,
13,O,13,3,2.5168983936309814,30.013,125,128,1.904271e-02,
13,O,14,3,2.9329445362091064,35.808,123,128,2.423857e-02,
13,O,15,3,3.2516541481018066,27.912,124,128,2.372520e-02,
13,O,16,4,3.2411129474639893,38.392,125,128,2.773469e-02,
13,O,17,4,2.5316526889801025,57.33,125,128,2.647316e-02,
13,O,18,4,2.7395591735839844,55.11,125,128,2.808709e-02,
13,O,19,4,2.3971550464630127,69.131,125,128,2.752597e-02,
13,O,20,5,2.6088809967041016,63.193,126,128,2.864183e-02,
13,O,21,5,3.0932676792144775,38.242,125,128,2.641773e-02,
13,O,22,5,2.4593758583068848,71.035,125,128,2.862680e-02,
13,O,23,5,3.03273868560791,51.068,125,128,2.993104e-02,
13,O,24,6,3.0061144828796387,41.405,124,128,2.671437e-02,
13,O,25,6,2.6235499382019043,57.831,124,128,2.755371e-02,
13,O,26,6,3.405043840408325,36.9,124,128,2.856601e-02,
13,O,27,6,3.1961610317230225,39.946,124,128,2.789835e-02,
13,O,28,7,2.7978081703186035,41.898,124,128,2.501070e-02,
13,O,29,7,2.9634320735931396,29.134,125,128,2.209039e-02,
13,O,30,7,3.17813777923584,26.439,123,128,2.256883e-02,
13,O,31,7,2.9852046966552734,43.163,124,128,2.708573e-02,
13,VO,0,0,1.2252628803253174,36.835,124,127,,
13,VO,1,0,1.228872537612915,34.574,124,128,,
13,VO,2,0,1.0027439594268799,51.517,123,127,,
13,VO,3,0,1.6086146831512451,26.488,124,128,,
13,VO,4,1,1.16493821144104,32.558,124,128,,
13,VO,5,1,1.1011638641357422,37.255,124,128,,
13,VO,6,1,1.253380298614502,29.386,124,128,,
13,VO,7,1,1.191994071006775,28.501,124,128,,
13,VO,8,2,1.3964303731918335,24.227,122,127,,
13,VO,9,2,1.408176302909851,16.102,123,128,,
13,VO,10,2,1.4015936851501465,12.334,124,128,,
13,VO,11,2,1.22919762134552,17.454,124,127,,
13,VO,12,3,1.107162356376648,23.845,123,127,,
13,VO,13,3,0.8097788095474243,23.317,124,128,,
13,VO,14,3,1.116963267326355,20.68,122,128,,
13,VO,15,3,0.9521096348762512,25.75,124,128,,
13,VO,16,4,1.5643775463104248,29.306,124,128,,
13,VO,17,4,1.1446294784545898,48.536,124,128,,
13,VO,18,4,1.3151724338531494,41.829,124,128,,
13,VO,19,4,1.185342788696289,49.897,124,128,,
13,VO,20,5,1.3080408573150635,42.012,125,128,,
13,VO,21,5,1.3944566249847412,31.441,125,128,,
13,VO,22,5,1.1654144525527954,52.588,124,128,,
13,VO,23,5,1.460933804512024,37.715,124,128,,
13,VO,24,6,1.1080999374389648,40.962,123,127,,
13,VO,25,6,1.0055456161499023,52.006,123,127,,
13,VO,26,6,1.4055911302566528,29.623,123,127,,
13,VO,27,6,1.3442846536636353,31.188,123,127,,
13,VO,28,7,1.0276843309402466,26.539,123,128,,
13,VO,29,7,0.9046419262886047,26.027,124,128,,
13,VO,30,7,0.8887894749641418,27.111,124,128,,
13,VO,31,7,1.2791739702224731,19.794,123,128,,
14,Q,0,0,1.3250545263290405,14.306,121,127,2.632730e-02,
14,Q,1,0,1.17095148563385,18.366,120,127,2.670578e-02,
14,Q,2,0,1.3985933065414429,11.958,121,127,2.634022e-02,
14,Q,3,0,1.1436395645141602,18.433,123,127,2.606794e-02,
14,Q,4,1,1.6237173080444336,9.969,120,127,2.603870e-02,
14,Q,5,1,1.621127963066101,9.229,122,127,2.589057e-02,
14,Q,6,1,1.6713838577270508,9.518,120,127,2.582137e-02,
14,Q,7,1,1.6546201705932617,10.92,121,127,2.769270e-02,
14,Q,8,2,1.6026298999786377,10.646,122,127,2.717967e-02,
14,Q,9,2,1.598341464996338,10.648,122,127,2.745932e-02,
14,Q,10,2,1.368160367012024,14.208,122,127,2.733774e-02,
14,Q,11,2,1.5378769636154175,12.08,123,127,2.803030e-02,
14,Q,12,3,1.851951003074646,7.28,121,127,2.606578e-02,
14,Q,13,3,1.3155425786972046,13.21,121,127,2.624845e-02,
14,Q,14,3,1.6327757835388184,8.98,122,127,2.568096e-02,
14,Q,15,3,1.215110182762146,14.535,122,127,2.521199e-02,
14,Q,16,4,1.5244452953338623,12.545,119,127,2.754166e-02,
14,Q,17,4,1.3336504697799683,12.396,121,127,2.447458e-02,
14,Q,18,4,1.4090863466262817,12.295,120,127,2.519602e-02,
14,Q,19,4,1.678174376487732,8.926,121,126,2.536460e-02,
14,Q,20,5,1.3368295431137085,11.977,122,127,2.498053e-02,
14,Q,21,5,1.6487135887145996,8.496,121,127,2.552277e-02,
14,Q,22,5,1.4218195676803589,11.5,121,127,2.608328e-02,
14,Q,23,5,1.3318572044372559,11.17,121,127,2.444592e-02,
14,Q,24,6,1.2656041383743286,15.675,121,127,2.630658e-02,
14,Q,25,6,1.4204411506652832,11.621,122,128,2.518070e-02,
14,Q,26,6,1.4854657649993896,12.54,121,127,2.734304e-02,
14,Q,27,6,1.6476691961288452,10.108,120,128,2.641177e-02,
14,Q,28,7,1.0535154342651367,17.899,123,127,2.650397e-02,
14,Q,29,7,1.1599549055099487,16.213,123,127,2.492439e-02,
14,Q,30,7,1.0756162405014038,18.462,122,127,2.465680e-02,
14,Q,31,7,1.3286494016647339,15.027,122,127,2.661658e-02,
14,K,0,0,0.9496034383773804,25.901,122,127,2.678113e-02,
14,K,1,1,1.0056360960006714,25.352,118,127,2.668274e-02,
14,K,2,2,1.0263657569885254,25.023,121,127,2.750420e-02,
14,K,3,3,0.7197626829147339,38.681,121,127,2.629295e-02,
14,K,4,4,1.3006212711334229,14.928,118,127,2.614491e-02,
14,K,5,5,0.9302464127540588,21.7,122,127,2.500257e-02,
14,K,6,6,0.9844774007797241,25.738,120,127,2.672388e-02,
14,K,7,7,1.2021254301071167,17.731,122,127,2.814187e-02,
14,V,0,0,0.6617050170898438,58.77,125,128,2.755686e-02,
14,V,1,1,0.6306598782539368,87.331,126,128,3.115308e-02,
14,V,2,2,0.6851322650909424,66.447,125,128,2.799209e-02,
14,V,3,3,0.6399214863777161,58.362,125,128,2.651294e-02,
14,V,4,4,0.7938838005065918,56.22,125,128,2.975572e-02,
14,V,5,5,0.6699549555778503,56.159,125,128,2.780468e-02,
14,V,6,6,0.6834607720375061,95.054,126,128,3.346529e-02,
14,V,7,7,0.751900315284729,57.741,126,128,2.664555e-02,
14,O,0,0,2.6470420360565186,44.088,123,128,2.427341e-02,
14,O,1,0,2.6225786209106445,48.83,123,128,2.530957e-02,
14,O,2,0,2.454272747039795,56.138,123,128,2.539582e-02,
14,O,3,0,2.540349006652832,49.626,125,128,2.471480e-02,
14,O,4,1,2.2056257724761963,72.204,125,128,2.588359e-02,
14,O,5,1,2.7302298545837402,75.409,125,128,3.274319e-02,
14,O,6,1,2.509326934814453,70.726,125,128,2.914461e-02,
14,O,7,1,1.9394686222076416,70.644,126,128,2.251295e-02,
14,O,8,2,2.3250043392181396,68.533,125,128,2.658182e-02,
14,O,9,2,2.4615070819854736,52.884,125,128,2.472156e-02,
14,O,10,2,2.3845410346984863,61.55,125,128,2.583618e-02,
14,O,11,2,2.304158926010132,67.033,125,128,2.605360e-02,
14,O,12,3,1.9791674613952637,70.805,124,128,2.299991e-02,
14,O,13,3,2.4075422286987305,38.58,125,128,2.065205e-02,
14,O,14,3,2.4635674953460693,71.901,125,128,2.884978e-02,
14,O,15,3,2.9163968563079834,47.259,125,128,2.768857e-02,
14,O,16,4,2.5215096473693848,49.18,122,127,2.442127e-02,
14,O,17,4,3.0103213787078857,38.952,125,128,2.594710e-02,
14,O,18,4,3.584486961364746,29.382,124,128,2.683376e-02,
14,O,19,4,2.8466975688934326,40.867,124,128,2.513256e-02,
14,O,20,5,2.551009178161621,55.99,125,128,2.636209e-02,
14,O,21,5,2.506981134414673,47.515,124,128,2.386591e-02,
14,O,22,5,2.6475448608398438,49.742,124,128,2.578793e-02,
14,O,23,5,3.2654919624328613,39.41,124,128,2.831149e-02,
14,O,24,6,2.2416601181030273,93.42,126,128,2.992258e-02,
14,O,25,6,2.3540196418762207,72.875,125,128,2.775290e-02,
14,O,26,6,2.168447971343994,73.64,126,128,2.569893e-02,
14,O,27,6,2.171481132507324,87.448,125,128,2.804404e-02,
14,O,28,7,3.3662850856781006,25.073,124,128,2.327927e-02,
14,O,29,7,2.7356784343719482,45.801,123,128,2.556895e-02,
14,O,30,7,4.113423824310303,21.169,125,128,2.613727e-02,
14,O,31,7,3.149320602416992,30.107,123,128,2.386490e-02,
14,VO,0,0,1.050580382347107,53.033,124,128,,
14,VO,1,0,1.2458267211914062,41.628,124,128,,
14,VO,2,0,1.368444561958313,35.941,123,128,,
14,VO,3,0,1.138403296470642,47.964,125,128,,
14,VO,4,1,1.2331527471542358,63.512,124,128,,
14,VO,5,1,1.4109444618225098,75.776,125,128,,
14,VO,6,1,1.3151652812957764,69.736,124,128,,
14,VO,7,1,0.9878201484680176,72.818,126,128,,
14,VO,8,2,1.4099242687225342,46.908,124,128,,
14,VO,9,2,1.5156861543655396,35.645,123,128,,
14,VO,10,2,1.4997141361236572,39.624,123,128,,
14,VO,11,2,1.2542314529418945,54.827,125,128,,
14,VO,12,3,0.9331852793693542,59.047,124,128,,
14,VO,13,3,1.079245924949646,33.959,125,128,,
14,VO,14,3,1.128283977508545,61.532,124,128,,
14,VO,15,3,1.4655808210372925,34.071,124,128,,
14,VO,16,4,1.4175195693969727,41.133,121,127,,
14,VO,17,4,1.833166241645813,30.612,123,128,,
14,VO,18,4,2.5497803688049316,19.141,121,127,,
14,VO,19,4,1.8086023330688477,28.838,123,128,,
14,VO,20,5,1.368334412574768,38.804,123,128,,
14,VO,21,5,1.1689172983169556,42.056,124,127,,
14,VO,22,5,1.3441253900527954,37.95,123,128,,
14,VO,23,5,1.575239658355713,34.25,123,127,,
14,VO,24,6,1.3962911367416382,83.794,125,128,,
14,VO,25,6,1.5156410932540894,61.508,124,127,,
14,VO,26,6,1.3504624366760254,65.816,125,128,,
14,VO,27,6,1.37925124168396,75.874,125,127,,
14,VO,28,7,1.6086689233779907,26.674,125,128,,
14,VO,29,7,1.4225599765777588,41.815,123,128,,
14,VO,30,7,2.973971366882324,10.641,124,128,,
14,VO,31,7,1.5995864868164062,28.983,123,128,,
15,Q,0,0,1.508055329322815,11.527,114,126,2.458991e-02,
15,Q,1,0,1.4185203313827515,14.578,118,127,2.572362e-02,
15,Q,2,0,2.151533365249634,5.995,108,126,2.628540e-02,
15,Q,3,0,1.9138003587722778,8.144,118,127,2.669130e-02,
15,Q,4,1,1.8255292177200317,9.525,122,127,2.657030e-02,
15,Q,5,1,1.5886895656585693,11.165,122,126,2.634624e-02,
15,Q,6,1,1.7879594564437866,9.983,122,127,2.732154e-02,
15,Q,7,1,1.8515331745147705,9.653,120,127,2.683427e-02,
15,Q,8,2,2.323605537414551,5.825,112,126,2.490797e-02,
15,Q,9,2,2.2551732063293457,6.257,111,126,2.540249e-02,
15,Q,10,2,1.544079065322876,10.222,112,122,2.337724e-02,
15,Q,11,2,2.4917376041412354,4.414,110,125,2.381091e-02,
15,Q,12,3,1.9159964323043823,9.012,121,128,2.653074e-02,
15,Q,13,3,1.972900629043579,7.382,117,127,2.484546e-02,
15,Q,14,3,1.67771315574646,11.978,121,127,2.800796e-02,
15,Q,15,3,1.8922489881515503,8.277,119,127,2.477715e-02,
15,Q,16,4,1.5955102443695068,10.724,119,127,2.445031e-02,
15,Q,17,4,1.7058674097061157,11.146,118,127,2.621435e-02,
15,Q,18,4,1.800708293914795,11.245,120,127,2.819877e-02,
15,Q,19,4,1.690642237663269,11.659,119,127,2.650511e-02,
15,Q,20,5,1.4511653184890747,15.245,120,127,2.691001e-02,
15,Q,21,5,1.6320735216140747,12.107,121,127,2.792410e-02,
15,Q,22,5,1.6626790761947632,11.002,121,127,2.665887e-02,
15,Q,23,5,1.915741205215454,8.633,122,127,2.728829e-02,
15,Q,24,6,1.5791031122207642,10.546,119,126,2.568763e-02,
15,Q,25,6,1.8727829456329346,8.251,121,126,2.606086e-02,
15,Q,26,6,1.493553876876831,11.558,121,126,2.675438e-02,
15,Q,27,6,1.643100619316101,11.362,122,126,2.741311e-02,
15,Q,28,7,1.635553002357483,12.718,120,126,2.813718e-02,
15,Q,29,7,1.8505439758300781,8.174,110,126,2.509492e-02,
15,Q,30,7,2.153053045272827,6.632,114,126,2.678592e-02,
15,Q,31,7,1.7903918027877808,9.336,116,126,2.584843e-02,
15,K,0,0,1.6509671211242676,9.348,111,124,2.656447e-02,
15,K,1,1,0.9716673493385315,29.516,122,128,2.620525e-02,
15,K,2,2,1.023589849472046,18.694,109,125,2.395924e-02,
15,K,3,3,0.9236689209938049,31.692,117,126,2.635477e-02,
15,K,4,4,1.000952959060669,26.906,118,127,2.594337e-02,
15,K,5,5,1.0112353563308716,24.605,122,127,2.718399e-02,
15,K,6,6,1.1017675399780273,21.697,121,127,2.730529e-02,
15,K,7,7,1.4244859218597412,14.158,116,126,2.776533e-02,
15,V,0,0,0.9265149831771851,42.101,125,128,2.847769e-02,
15,V,1,1,0.8419694304466248,66.577,126,128,2.982121e-02,
15,V,2,2,0.8579598069190979,52.81,125,128,2.743890e-02,
15,V,3,3,0.7765077948570251,58.863,126,128,2.916276e-02,
15,V,4,4,0.762417197227478,69.0,126,128,2.900541e-02,
15,V,5,5,0.7507905960083008,58.53,125,128,3.009283e-02,
15,V,6,6,0.7120782136917114,66.335,126,128,2.781648e-02,
15,V,7,7,0.7661027312278748,46.752,126,128,2.646084e-02,
15,O,0,0,3.1312613487243652,39.207,123,128,2.707771e-02,
15,O,1,0,2.7767083644866943,38.291,124,128,2.372963e-02,
15,O,2,0,3.221855640411377,34.439,123,128,2.611207e-02,
15,O,3,0,2.822413444519043,36.994,124,128,2.370807e-02,
15,O,4,1,2.1104202270507812,75.686,124,128,2.535633e-02,
15,O,5,1,2.261249303817749,72.859,126,128,2.665628e-02,
15,O,6,1,2.0576183795928955,80.081,125,128,2.542966e-02,
15,O,7,1,2.03593373298645,78.666,125,128,2.493828e-02,
15,O,8,2,3.0990614891052246,46.006,123,128,2.903007e-02,
15,O,9,2,2.587616443634033,41.334,124,128,2.297538e-02,
15,O,10,2,2.4276552200317383,56.018,124,128,2.509354e-02,
15,O,11,2,2.5647575855255127,38.89,124,128,2.208891e-02,
15,O,12,3,2.3314409255981445,58.465,126,128,2.461974e-02,
15,O,13,3,2.283733367919922,70.263,125,128,2.643752e-02,
15,O,14,3,2.272350311279297,68.522,125,128,2.597771e-02,
15,O,15,3,2.2971644401550293,54.461,125,128,2.341242e-02,
15,O,16,4,2.2514994144439697,64.914,125,128,2.505265e-02,
15,O,17,4,2.157846212387085,64.856,125,128,2.399975e-02,
15,O,18,4,2.2693190574645996,64.2,124,128,2.511147e-02,
15,O,19,4,2.5795791149139404,60.73,124,128,2.776279e-02,
15,O,20,5,2.649972677230835,46.075,125,128,2.484195e-02,
15,O,21,5,2.908663749694824,49.396,124,128,2.823267e-02,
15,O,22,5,2.6026761531829834,52.577,124,128,2.606331e-02,
15,O,23,5,2.4718098640441895,60.733,125,128,2.660351e-02,
15,O,24,6,2.6155805587768555,49.334,123,127,2.537192e-02,
15,O,25,6,2.4769558906555176,49.144,124,128,2.398089e-02,
15,O,26,6,3.1731486320495605,31.005,124,128,2.440160e-02,
15,O,27,6,2.3769307136535645,64.637,124,128,2.639178e-02,
15,O,28,7,2.3738787174224854,51.058,123,128,2.342614e-02,
15,O,29,7,2.630506753921509,41.337,124,128,2.335722e-02,
15,O,30,7,2.7170116901397705,50.385,124,128,2.663506e-02,
15,O,31,7,2.4887685775756836,49.674,124,128,2.422475e-02,
15,VO,0,0,2.4001173973083496,19.988,121,127,,
15,VO,1,0,2.2042503356933594,17.932,123,127,,
15,VO,2,0,2.457504987716675,17.497,121,127,,
15,VO,3,0,2.3099281787872314,16.443,122,127,,
15,VO,4,1,1.3144432306289673,71.178,124,128,,
15,VO,5,1,1.4453190565109253,65.418,125,128,,
15,VO,6,1,1.3706589937210083,66.358,124,128,,
15,VO,7,1,1.3615458011627197,64.774,124,128,,
15,VO,8,2,1.815854549407959,40.682,122,127,,
15,VO,9,2,1.5407541990280151,34.288,124,128,,
15,VO,10,2,1.438771367073059,48.474,123,128,,
15,VO,11,2,1.5450160503387451,31.669,123,128,,
15,VO,12,3,1.4181703329086304,43.649,125,128,,
15,VO,13,3,1.4431066513061523,49.46,124,127,,
15,VO,14,3,1.309637188911438,57.782,124,128,,
15,VO,15,3,1.4880287647247314,36.391,124,128,,
15,VO,16,4,1.2641056776046753,62.518,125,128,,
15,VO,17,4,1.3919709920883179,49.016,124,128,,
15,VO,18,4,1.4548249244689941,49.34,124,128,,
15,VO,19,4,1.7081990242004395,44.521,123,127,,
15,VO,20,5,1.309213638305664,47.604,125,128,,
15,VO,21,5,1.801322340965271,32.676,124,128,,
15,VO,22,5,1.4237871170043945,44.59,124,128,,
15,VO,23,5,1.4051728248596191,48.34,124,127,,
15,VO,24,6,1.5110805034637451,39.966,122,128,,
15,VO,25,6,1.2685699462890625,46.312,124,128,,
15,VO,26,6,1.6986958980560303,29.063,123,128,,
15,VO,27,6,1.3283792734146118,54.006,124,128,,
15,VO,28,7,1.2893683910369873,36.542,122,127,,
15,VO,29,7,1.49570894241333,26.953,124,128,,
15,VO,30,7,1.9116368293762207,22.242,124,128,,
15,VO,31,7,1.3880177736282349,32.341,125,128,,
16,Q,0,0,2.257473945617676,12.411,120,127,2.532667e-02,
16,Q,1,0,2.3463478088378906,10.728,122,127,2.557904e-02,
16,Q,2,0,2.4143338203430176,11.117,120,127,2.606701e-02,
16,Q,3,0,2.1964633464813232,12.938,121,127,2.558246e-02,
16,Q,4,1,2.498194456100464,10.962,122,127,2.815138e-02,
16,Q,5,1,2.307158946990967,12.791,122,127,2.756839e-02,
16,Q,6,1,1.9164835214614868,17.852,123,127,2.623598e-02,
16,Q,7,1,2.519935131072998,11.485,118,127,2.644963e-02,
16,Q,8,2,2.6172609329223633,8.232,121,127,2.498562e-02,
16,Q,9,2,2.3546793460845947,10.142,119,127,2.545720e-02,
16,Q,10,2,2.5983338356018066,10.335,115,127,2.611559e-02,
16,Q,11,2,2.4004781246185303,8.312,121,127,2.412993e-02,
16,Q,12,3,2.1878695487976074,10.542,118,127,2.332157e-02,
16,Q,13,3,1.9211394786834717,13.35,120,124,2.470414e-02,
16,Q,14,3,2.074101448059082,11.918,121,126,2.490177e-02,
16,Q,15,3,2.0628037452697754,10.035,120,126,2.321503e-02,
16,Q,16,4,2.064450263977051,15.093,121,128,2.577338e-02,
16,Q,17,4,2.717620611190796,10.05,120,127,2.786748e-02,
16,Q,18,4,2.0808260440826416,16.107,121,127,2.730669e-02,
16,Q,19,4,2.0735456943511963,15.797,121,127,2.687923e-02,
16,Q,20,5,2.6103858947753906,7.859,117,127,2.436019e-02,
16,Q,21,5,2.2181668281555176,8.098,118,127,2.344361e-02,
16,Q,22,5,2.3742666244506836,10.332,117,127,2.447152e-02,
16,Q,23,5,2.8003101348876953,7.606,117,127,2.456486e-02,
16,Q,24,6,1.6928898096084595,14.588,120,128,2.317421e-02,
16,Q,25,6,2.280595064163208,11.589,120,127,2.554679e-02,
16,Q,26,6,2.027114152908325,10.661,119,127,2.387398e-02,
16,Q,27,6,1.6163008213043213,19.29,121,126,2.370236e-02,
16,Q,28,7,2.7144582271575928,9.735,116,127,2.580578e-02,
16,Q,29,7,2.1090757846832275,14.577,119,127,2.613321e-02,
16,Q,30,7,2.1110260486602783,14.407,119,127,2.561118e-02,
16,Q,31,7,2.6290178298950195,9.474,119,127,2.442212e-02,
16,K,0,0,1.658402442932129,19.629,119,127,2.558961e-02,
16,K,1,1,2.0525169372558594,14.48,120,127,2.705994e-02,
16,K,2,2,1.6418464183807373,19.735,119,127,2.590507e-02,
16,K,3,3,1.5132794380187988,16.695,120,127,2.231789e-02,
16,K,4,4,1.930458903312683,17.634,118,127,2.734537e-02,
16,K,5,5,1.3774200677871704,27.43,109,125,2.476094e-02,
16,K,6,6,2.170203685760498,10.669,120,127,2.542251e-02,
16,K,7,7,2.488335132598877,10.612,114,126,2.605490e-02,
16,V,0,0,1.0347795486450195,89.806,126,128,3.285313e-02,
16,V,1,1,1.044442892074585,44.636,126,128,2.378401e-02,
16,V,2,2,1.1724079847335815,60.201,125,128,2.808237e-02,
16,V,3,3,1.3406957387924194,72.774,125,128,3.445990e-02,
16,V,4,4,1.1180061101913452,72.167,125,128,3.125272e-02,
16,V,5,5,1.0697423219680786,59.509,125,128,2.663773e-02,
16,V,6,6,1.1079761981964111,56.052,126,128,2.361027e-02,
16,V,7,7,1.2907917499542236,39.577,126,128,2.563690e-02,
16,O,0,0,2.2714293003082275,76.313,125,128,2.740374e-02,
16,O,1,0,2.3170409202575684,82.886,126,128,2.913303e-02,
16,O,2,0,2.0255393981933594,85.558,126,128,2.587508e-02,
16,O,3,0,2.3036961555480957,81.383,125,128,2.870137e-02,
16,O,4,1,1.9980628490447998,70.444,125,128,2.316024e-02,
16,O,5,1,2.1511459350585938,66.875,124,128,2.429480e-02,
16,O,6,1,2.144685983657837,79.564,126,128,2.642002e-02,
16,O,7,1,1.9675246477127075,64.304,124,128,2.178960e-02,
16,O,8,2,2.4312844276428223,57.821,125,128,2.553225e-02,
16,O,9,2,2.621152639389038,52.955,124,128,2.634236e-02,
16,O,10,2,2.471534252166748,41.296,122,128,2.193481e-02,
16,O,11,2,2.7270758152008057,54.639,125,128,2.783927e-02,
16,O,12,3,2.5065345764160156,63.1,125,128,2.749792e-02,
16,O,13,3,2.492915630340576,61.467,125,128,2.699234e-02,
16,O,14,3,3.8107786178588867,32.465,125,128,2.998703e-02,
16,O,15,3,4.076357364654541,34.485,124,128,3.305954e-02,
16,O,16,4,2.39157772064209,67.655,125,128,2.716725e-02,
16,O,17,4,3.3113441467285156,35.476,125,128,2.723849e-02,
16,O,18,4,3.0658822059631348,40.219,125,128,2.685245e-02,
16,O,19,4,2.3941187858581543,62.558,124,128,2.615151e-02,
16,O,20,5,2.3344004154205322,52.877,125,128,2.344340e-02,
16,O,21,5,2.734153985977173,41.676,125,128,2.437672e-02,
16,O,22,5,2.7944488525390625,43.451,125,128,2.543935e-02,
16,O,23,5,2.2177236080169678,64.047,125,128,2.451141e-02,
16,O,24,6,3.2448155879974365,33.317,124,128,2.586639e-02,
16,O,25,6,2.2701704502105713,54.283,124,128,2.309946e-02,
16,O,26,6,3.034527540206909,35.524,124,128,2.497830e-02,
16,O,27,6,4.5767107009887695,12.259,125,128,2.213028e-02,
16,O,28,7,2.4745829105377197,55.002,125,128,2.534554e-02,
16,O,29,7,2.0024776458740234,68.288,125,128,2.285336e-02,
16,O,30,7,2.543335437774658,61.354,125,128,2.751284e-02,
16,O,31,7,2.0916106700897217,66.779,125,128,2.360534e-02,
16,VO,0,0,2.207962989807129,61.715,124,128,,
16,VO,1,0,2.1138851642608643,75.266,124,128,,
16,VO,2,0,1.8049122095108032,80.756,125,128,,
16,VO,3,0,2.180443525314331,68.877,124,128,,
16,VO,4,1,1.6213942766189575,40.663,124,128,,
16,VO,5,1,1.7824170589447021,37.536,123,128,,
16,VO,6,1,1.8424603939056396,40.041,126,128,,
16,VO,7,1,1.8105207681655884,28.607,124,128,,
16,VO,8,2,2.3536784648895264,40.64,123,128,,
16,VO,9,2,2.4580183029174805,40.268,122,127,,
16,VO,10,2,2.2621729373931885,32.167,120,126,,
16,VO,11,2,2.723935127258301,35.564,123,127,,
16,VO,12,3,2.9458513259887695,47.07,123,128,,
16,VO,13,3,2.707961082458496,54.524,123,128,,
16,VO,14,3,4.132240295410156,29.323,122,127,,
16,VO,15,3,4.83306360244751,27.093,121,127,,
16,VO,16,4,2.165445566177368,58.328,124,128,,
16,VO,17,4,3.2399160861968994,27.169,123,127,,
16,VO,18,4,3.0697152614593506,30.206,123,127,,
16,VO,19,4,2.1541175842285156,53.903,124,127,,
16,VO,20,5,1.737389326095581,49.473,125,128,,
16,VO,21,5,2.4824397563934326,26.96,125,128,,
16,VO,22,5,2.3557114601135254,33.598,124,127,,
16,VO,23,5,1.8720134496688843,47.365,124,128,,
16,VO,24,6,2.722186803817749,25.021,124,128,,
16,VO,25,6,1.7214336395263672,50.265,124,128,,
16,VO,26,6,2.353689432144165,30.492,124,128,,
16,VO,27,6,4.198958396911621,7.962,125,128,,
16,VO,28,7,2.691120147705078,24.677,124,128,,
16,VO,29,7,2.060976028442383,32.62,124,128,,
16,VO,30,7,2.909123182296753,24.654,124,128,,
16,VO,31,7,2.4273087978363037,26.235,125,128,,
17,Q,0,0,2.1888628005981445,8.419,118,127,2.246303e-02,
17,Q,1,0,1.9482678174972534,13.36,120,127,2.312924e-02,
17,Q,2,0,2.5392861366271973,10.729,119,127,2.686018e-02,
17,Q,3,0,2.077346086502075,15.597,121,127,2.690397e-02,
17,Q,4,1,3.1363987922668457,6.971,112,125,2.490315e-02,
17,Q,5,1,2.1237640380859375,12.349,121,128,2.448905e-02,
17,Q,6,1,2.726712942123413,11.621,116,127,2.904228e-02,
17,Q,7,1,2.6299755573272705,8.818,122,128,2.621454e-02,
17,Q,8,2,1.8308743238449097,12.218,122,128,2.368166e-02,
17,Q,9,2,1.7424582242965698,14.688,122,128,2.444507e-02,
17,Q,10,2,1.848601222038269,12.229,121,128,2.403026e-02,
17,Q,11,2,1.8371570110321045,11.526,123,128,2.353178e-02,
17,Q,12,3,2.1995327472686768,13.198,121,125,2.596343e-02,
17,Q,13,3,2.8286216259002686,9.361,121,127,2.811365e-02,
17,Q,14,3,2.6591598987579346,9.848,120,127,2.703710e-02,
17,Q,15,3,2.7361559867858887,8.8,119,127,2.657753e-02,
17,Q,16,4,2.4204277992248535,10.05,120,127,2.536669e-02,
17,Q,17,4,2.5551350116729736,8.92,119,127,2.497957e-02,
17,Q,18,4,2.679124593734741,7.038,120,126,2.485208e-02,
17,Q,19,4,2.4428038597106934,9.394,122,127,2.587724e-02,
17,Q,20,5,2.540451765060425,8.057,119,127,2.562573e-02,
17,Q,21,5,2.558476209640503,6.259,118,127,2.394824e-02,
17,Q,22,5,2.2179722785949707,9.799,119,127,2.452578e-02,
17,Q,23,5,2.132751703262329,11.712,121,128,2.779031e-02,
17,Q,24,6,2.5239977836608887,10.342,117,127,2.603921e-02,
17,Q,25,6,2.707058906555176,8.078,115,126,2.511415e-02,
17,Q,26,6,2.4478402137756348,10.034,117,127,2.627141e-02,
17,Q,27,6,2.6900227069854736,8.364,115,127,2.596405e-02,
17,Q,28,7,2.6016738414764404,8.621,121,126,2.700664e-02,
17,Q,29,7,2.232663631439209,12.75,120,127,2.699138e-02,
17,Q,30,7,2.064730644226074,12.274,123,127,2.770338e-02,
17,Q,31,7,2.476536750793457,8.896,123,127,2.616397e-02,
17,K,0,0,1.8850247859954834,14.222,116,126,2.422599e-02,
17,K,1,1,1.3973770141601562,24.726,119,127,2.420946e-02,
17,K,2,2,1.4671097993850708,17.89,119,127,2.293808e-02,
17,K,3,3,1.5419622659683228,25.566,120,127,2.620591e-02,
17,K,4,4,1.815919280052185,14.282,119,127,2.469934e-02,
17,K,5,5,1.0516149997711182,31.759,118,127,2.550176e-02,
17,K,6,6,1.6053935289382935,16.153,114,126,2.492246e-02,
17,K,7,7,1.4112085103988647,25.413,120,127,2.722889e-02,
17,V,0,0,1.7763820886611938,28.582,125,128,3.107858e-02,
17,V,1,1,1.1102983951568604,62.102,125,128,2.736317e-02,
17,V,2,2,1.06428861618042,63.124,125,128,2.958280e-02,
17,V,3,3,1.1023662090301514,56.438,126,128,2.508519e-02,
17,V,4,4,1.0067697763442993,67.939,126,128,2.912344e-02,
17,V,5,5,1.0033212900161743,64.52,126,128,2.871805e-02,
17,V,6,6,0.991236686706543,51.368,126,128,2.509318e-02,
17,V,7,7,0.9142665266990662,70.958,125,128,2.705527e-02,
17,O,0,0,3.107426643371582,40.565,124,128,2.733288e-02,
17,O,1,0,4.467241287231445,20.767,125,128,2.811497e-02,
17,O,2,0,2.8252317905426025,41.678,124,128,2.518944e-02,
17,O,3,0,3.616959571838379,24.841,125,128,2.489644e-02,
17,O,4,1,2.0731194019317627,73.037,124,128,2.446849e-02,
17,O,5,1,2.44301438331604,56.579,123,128,2.537836e-02,
17,O,6,1,3.554527521133423,24.733,124,128,2.441372e-02,
17,O,7,1,3.0418498516082764,45.135,124,128,2.822306e-02,
17,O,8,2,2.9610626697540283,36.577,125,128,2.473219e-02,
17,O,9,2,3.0381319522857666,57.173,124,128,3.172574e-02,
17,O,10,2,3.8151721954345703,22.413,124,128,2.494472e-02,
17,O,11,2,3.1386878490448,37.783,125,128,2.664450e-02,
17,O,12,3,3.9619574546813965,24.164,125,128,2.689718e-02,
17,O,13,3,2.1055870056152344,63.644,125,128,2.319870e-02,
17,O,14,3,2.1632730960845947,59.112,125,128,2.296998e-02,
17,O,15,3,2.019465446472168,66.923,125,128,2.281575e-02,
17,O,16,4,2.2186965942382812,70.114,125,128,2.565736e-02,
17,O,17,4,2.279081106185913,74.638,124,128,2.719256e-02,
17,O,18,4,3.0950238704681396,33.975,124,128,2.491471e-02,
17,O,19,4,2.523576259613037,68.369,125,128,2.881751e-02,
17,O,20,5,2.0142784118652344,67.916,125,128,2.292538e-02,
17,O,21,5,2.3651480674743652,50.643,125,128,2.324492e-02,
17,O,22,5,3.1431643962860107,52.954,124,128,3.158826e-02,
17,O,23,5,2.5448248386383057,47.749,125,128,2.428566e-02,
17,O,24,6,2.876131772994995,61.131,125,128,3.105642e-02,
17,O,25,6,2.241973400115967,57.188,126,128,2.341493e-02,
17,O,26,6,1.9010621309280396,65.909,125,128,2.131469e-02,
17,O,27,6,1.9877418279647827,76.726,125,128,2.404601e-02,
17,O,28,7,2.203794002532959,62.237,125,128,2.401087e-02,
17,O,29,7,2.415917158126831,52.382,125,128,2.414826e-02,
17,O,30,7,2.74714994430542,54.007,124,128,2.788153e-02,
17,O,31,7,2.165970802307129,68.517,125,128,2.476067e-02,
17,VO,0,0,4.392718315124512,14.247,122,127,,
17,VO,1,0,7.648171901702881,5.676,123,127,,
17,VO,2,0,4.1687912940979,14.814,121,127,,
17,VO,3,0,6.267790794372559,6.582,122,127,,
17,VO,4,1,1.8139350414276123,55.709,124,128,,
17,VO,5,1,2.061866044998169,45.553,123,128,,
17,VO,6,1,3.3692104816436768,17.846,122,128,,
17,VO,7,1,2.6402111053466797,36.333,124,128,,
17,VO,8,2,2.6200122833251953,27.133,122,127,,
17,VO,9,2,2.469088315963745,49.208,122,127,,
17,VO,10,2,3.433481216430664,16.038,121,127,,
17,VO,11,2,2.7881689071655273,27.782,122,127,,
17,VO,12,3,3.1006457805633545,21.101,125,128,,
17,VO,13,3,1.7701495885849,48.308,124,128,,
17,VO,14,3,1.7402513027191162,48.75,124,128,,
17,VO,15,3,1.6479097604751587,53.631,124,128,,
17,VO,16,4,1.6671288013458252,65.652,125,128,,
17,VO,17,4,1.7046291828155518,69.819,124,128,,
17,VO,18,4,2.7388827800750732,23.916,123,128,,
17,VO,19,4,2.0783755779266357,53.727,124,128,,
17,VO,20,5,1.6122175455093384,52.55,125,128,,
17,VO,21,5,1.7118334770202637,48.57,124,128,,
17,VO,22,5,2.558760166168213,39.299,124,128,,
17,VO,23,5,2.197408437728882,32.243,124,128,,
17,VO,24,6,2.5913431644439697,29.811,124,128,,
17,VO,25,6,1.881402850151062,31.729,125,128,,
17,VO,26,6,1.4800933599472046,42.942,124,128,,
17,VO,27,6,1.5745638608932495,48.33,125,128,,
17,VO,28,7,1.6411744356155396,51.657,124,128,,
17,VO,29,7,1.6636954545974731,50.389,125,128,,
17,VO,30,7,2.2690343856811523,37.145,124,128,,
17,VO,31,7,1.6210625171661377,56.99,123,128,,
18,Q,0,0,2.220815896987915,12.865,118,127,2.543335e-02,
18,Q,1,0,2.0032172203063965,15.359,117,127,2.544246e-02,
18,Q,2,0,1.9452369213104248,14.428,122,127,2.457789e-02,
18,Q,3,0,2.2385947704315186,8.829,123,127,2.390575e-02,
18,Q,4,1,2.131683588027954,12.778,120,126,2.539558e-02,
18,Q,5,1,2.323060989379883,11.306,121,128,2.464728e-02,
18,Q,6,1,2.2366926670074463,12.349,122,127,2.620818e-02,
18,Q,7,1,2.3504083156585693,10.821,121,128,2.502638e-02,
18,Q,8,2,2.643699884414673,9.821,118,127,2.644640e-02,
18,Q,9,2,2.287884473800659,12.386,120,127,2.581296e-02,
18,Q,10,2,1.967515468597412,17.357,118,127,2.590304e-02,
18,Q,11,2,2.6475484371185303,9.672,113,126,2.533408e-02,
18,Q,12,3,2.916539192199707,8.719,115,127,2.725848e-02,
18,Q,13,3,2.336606025695801,11.235,118,126,2.525963e-02,
18,Q,14,3,2.760988712310791,8.199,116,127,2.396411e-02,
18,Q,15,3,3.061206817626953,7.585,112,126,2.508028e-02,
18,Q,16,4,2.841247797012329,7.849,120,125,2.574828e-02,
18,Q,17,4,2.650628089904785,9.585,119,127,2.592417e-02,
18,Q,18,4,2.39302396774292,10.459,121,128,2.429333e-02,
18,Q,19,4,2.745729684829712,8.602,118,127,2.471021e-02,
18,Q,20,5,2.377380132675171,11.221,117,127,2.558680e-02,
18,Q,21,5,2.81034255027771,8.519,116,127,2.586143e-02,
18,Q,22,5,2.3352859020233154,11.229,117,127,2.403292e-02,
18,Q,23,5,2.7236127853393555,7.963,112,126,2.356342e-02,
18,Q,24,6,2.3465499877929688,12.154,121,128,2.641557e-02,
18,Q,25,6,2.206533908843994,13.378,122,128,2.619611e-02,
18,Q,26,6,2.2218775749206543,12.985,120,127,2.597556e-02,
18,Q,27,6,2.4018983840942383,11.695,120,127,2.652668e-02,
18,Q,28,7,2.3038320541381836,12.619,121,127,2.661785e-02,
18,Q,29,7,2.3638713359832764,10.795,121,127,2.440220e-02,
18,Q,30,7,2.1474404335021973,13.037,120,127,2.519943e-02,
18,Q,31,7,2.079326868057251,13.597,122,127,2.493227e-02,
18,K,0,0,1.5289151668548584,21.164,119,127,2.421076e-02,
18,K,1,1,1.4538047313690186,24.466,120,127,2.580337e-02,
18,K,2,2,2.429849624633789,11.324,111,125,2.649985e-02,
18,K,3,3,1.9159075021743774,12.72,112,125,2.403673e-02,
18,K,4,4,1.3826234340667725,26.496,118,127,2.552442e-02,
18,K,5,5,2.138012647628784,12.466,110,124,2.542887e-02,
18,K,6,6,1.5042144060134888,25.75,119,127,2.600799e-02,
18,K,7,7,1.6032395362854004,24.04,118,127,2.587096e-02,
18,V,0,0,1.1451771259307861,48.388,124,128,2.592347e-02,
18,V,1,1,1.109521746635437,83.84,126,128,3.207790e-02,
18,V,2,2,1.3715112209320068,41.708,125,128,2.769740e-02,
18,V,3,3,1.4418739080429077,34.772,126,128,2.806096e-02,
18,V,4,4,0.9587010741233826,92.889,126,128,3.329939e-02,
18,V,5,5,1.39897620677948,31.397,126,128,2.554878e-02,
18,V,6,6,0.9823265671730042,78.462,126,128,2.889198e-02,
18,V,7,7,1.0122343301773071,59.881,126,128,2.618067e-02,
18,O,0,0,2.497708320617676,45.576,123,128,2.328734e-02,
18,O,1,0,2.752697467803955,37.624,123,128,2.331872e-02,
18,O,2,0,3.033639907836914,33.389,123,128,2.420914e-02,
18,O,3,0,3.1399426460266113,32.015,124,128,2.453616e-02,
18,O,4,1,2.906397819519043,49.712,126,128,2.830061e-02,
18,O,5,1,2.388887405395508,79.269,126,128,2.937373e-02,
18,O,6,1,2.0294277667999268,82.198,126,128,2.541064e-02,
18,O,7,1,2.5661494731903076,55.538,125,128,2.641107e-02,
18,O,8,2,2.776660919189453,41.969,125,128,2.484279e-02,
18,O,9,2,2.240568161010742,62.301,125,128,2.442409e-02,
18,O,10,2,2.626972198486328,51.424,125,128,2.601655e-02,
18,O,11,2,2.68744158744812,49.927,125,128,2.622521e-02,
18,O,12,3,2.2042243480682373,55.421,124,128,2.266232e-02,
18,O,13,3,2.4060471057891846,57.591,124,128,2.521697e-02,
18,O,14,3,3.292776346206665,47.915,124,128,3.147797e-02,
18,O,15,3,1.9160252809524536,61.403,125,128,2.073513e-02,
18,O,16,4,2.454394578933716,92.313,126,128,3.256769e-02,
18,O,17,4,1.9174737930297852,88.307,126,128,2.488498e-02,
18,O,18,4,2.4951868057250977,57.212,125,128,2.606490e-02,
18,O,19,4,2.1866977214813232,86.175,126,128,2.803437e-02,
18,O,20,5,2.512819290161133,48.32,124,128,2.412325e-02,
18,O,21,5,2.3691763877868652,44.302,125,128,2.177799e-02,
18,O,22,5,3.220876455307007,47.108,124,128,3.053039e-02,
18,O,23,5,2.4273762702941895,37.885,125,128,2.063386e-02,
18,O,24,6,2.025940418243408,77.772,125,128,2.467456e-02,
18,O,25,6,2.259068250656128,71.236,125,128,2.633242e-02,
18,O,26,6,2.325390100479126,65.307,125,128,2.595295e-02,
18,O,27,6,2.391998767852783,74.67,125,128,2.854605e-02,
18,O,28,7,2.2266645431518555,59.425,124,128,2.370553e-02,
18,O,29,7,2.290642023086548,52.221,125,128,2.286071e-02,
18,O,30,7,2.182520627975464,69.145,125,128,2.506394e-02,
18,O,31,7,2.735548973083496,58.196,124,128,2.882065e-02,
18,VO,0,0,1.8510463237762451,39.124,124,128,,
18,VO,1,0,2.237534284591675,27.343,123,128,,
18,VO,2,0,1.9838714599609375,34.787,124,128,,
18,VO,3,0,2.7719438076019287,21.367,123,128,,
18,VO,4,1,2.5436506271362305,52.775,125,128,,
18,VO,5,1,2.375398635864258,64.915,125,128,,
18,VO,6,1,1.88535475730896,77.006,125,128,,
18,VO,7,1,2.510096788406372,47.714,124,127,,
18,VO,8,2,3.4646048545837402,17.091,125,128,,
18,VO,9,2,2.342301607131958,35.823,123,128,,
18,VO,10,2,3.17806077003479,21.965,124,127,,
18,VO,11,2,3.3710381984710693,20.206,124,128,,
18,VO,12,3,2.509622097015381,24.149,124,128,,
18,VO,13,3,2.8461456298828125,22.912,124,128,,
18,VO,14,3,3.6762003898620605,21.207,123,128,,
18,VO,15,3,2.1787071228027344,26.192,125,128,,
18,VO,16,4,2.1213274002075195,82.509,125,128,,
18,VO,17,4,1.6358994245529175,80.795,125,128,,
18,VO,18,4,2.2129549980163574,48.789,125,128,,
18,VO,19,4,1.8845173120498657,77.878,125,128,,
18,VO,20,5,3.0045719146728516,16.568,124,128,,
18,VO,21,5,2.8314826488494873,14.963,125,128,,
18,VO,22,5,4.036708831787109,14.962,123,127,,
18,VO,23,5,2.9935104846954346,12.164,124,128,,
18,VO,24,6,1.7271474599838257,63.304,125,128,,
18,VO,25,6,1.88802969455719,60.314,124,128,,
18,VO,26,6,1.9282747507095337,56.398,125,128,,
18,VO,27,6,2.008551836013794,62.79,125,128,,
18,VO,28,7,1.554653525352478,57.38,124,128,,
18,VO,29,7,1.8358052968978882,38.498,124,128,,
18,VO,30,7,1.6176636219024658,59.484,125,128,,
18,VO,31,7,1.8980321884155273,57.083,124,128,,
19,Q,0,0,3.1190788745880127,12.165,119,127,2.637478e-02,
19,Q,1,0,2.927189588546753,14.048,121,127,2.788400e-02,
19,Q,2,0,2.742593765258789,14.876,122,128,2.660413e-02,
19,Q,3,0,3.2611618041992188,10.958,118,127,2.565766e-02,
19,Q,4,1,3.214022397994995,7.669,120,126,2.382383e-02,
19,Q,5,1,2.729438543319702,8.392,118,127,2.204863e-02,
19,Q,6,1,2.738548994064331,12.623,120,127,2.617625e-02,
19,Q,7,1,2.7868127822875977,10.87,119,125,2.455735e-02,
19,Q,8,2,2.8579299449920654,12.25,122,127,2.695776e-02,
19,Q,9,2,2.57474422454834,15.444,121,127,2.596731e-02,
19,Q,10,2,3.0863096714019775,11.233,122,127,2.675921e-02,
19,Q,11,2,3.334207773208618,8.121,117,127,2.478682e-02,
19,Q,12,3,2.816372871398926,13.206,117,127,2.504456e-02,
19,Q,13,3,3.388949394226074,10.189,115,126,2.575169e-02,
19,Q,14,3,2.907261610031128,13.192,119,127,2.695137e-02,
19,Q,15,3,2.9882993698120117,13.073,121,127,2.723940e-02,
19,Q,16,4,2.642467498779297,12.48,122,128,2.399623e-02,
19,Q,17,4,2.7826383113861084,11.103,122,126,2.488767e-02,
19,Q,18,4,3.2372076511383057,9.789,123,127,2.611743e-02,
19,Q,19,4,2.9257166385650635,10.394,121,127,2.371417e-02,
19,Q,20,5,2.523946762084961,8.942,121,127,2.179547e-02,
19,Q,21,5,2.8079657554626465,16.061,114,124,2.798921e-02,
19,Q,22,5,2.805516481399536,10.856,120,126,2.543514e-02,
19,Q,23,5,3.1818127632141113,12.23,113,124,2.816214e-02,
19,Q,24,6,3.81884765625,3.845,112,126,2.148862e-02,
19,Q,25,6,3.4411118030548096,7.532,111,126,2.420842e-02,
19,Q,26,6,3.0997555255889893,7.035,118,127,2.360179e-02,
19,Q,27,6,3.487267255783081,7.382,113,127,2.473524e-02,
19,Q,28,7,3.1641111373901367,11.442,121,127,2.671197e-02,
19,Q,29,7,2.83208966255188,14.248,122,127,2.711229e-02,
19,Q,30,7,3.802429676055908,8.257,122,127,2.743768e-02,
19,Q,31,7,3.091890573501587,11.992,121,128,2.683120e-02,
19,K,0,0,2.0621516704559326,25.637,119,127,2.690146e-02,
19,K,1,1,2.2905876636505127,12.5,117,127,2.247631e-02,
19,K,2,2,1.6822831630706787,27.804,119,127,2.491191e-02,
19,K,3,3,2.085453510284424,22.564,116,126,2.531465e-02,
19,K,4,4,2.1248939037323,18.266,121,127,2.451190e-02,
19,K,5,5,2.335998058319092,15.307,119,126,2.449530e-02,
19,K,6,6,1.177897334098816,26.676,111,126,2.109698e-02,
19,K,7,7,2.1626734733581543,21.653,119,127,2.662689e-02,
19,V,0,0,1.3091286420822144,67.788,126,128,2.760227e-02,
19,V,1,1,1.5978116989135742,56.609,125,128,3.365250e-02,
19,V,2,2,1.3026143312454224,70.543,126,128,2.934931e-02,
19,V,3,3,1.3925175666809082,61.267,125,128,2.760405e-02,
19,V,4,4,1.5033679008483887,59.644,125,128,2.773960e-02,
19,V,5,5,1.1240034103393555,60.109,125,128,2.323684e-02,
19,V,6,6,1.1236388683319092,56.606,125,128,2.321370e-02,
19,V,7,7,1.4401257038116455,67.369,126,128,3.067829e-02,
19,O,0,0,2.79980731010437,50.422,125,128,2.745678e-02,
19,O,1,0,2.1086931228637695,63.234,126,128,2.315786e-02,
19,O,2,0,2.3858063220977783,70.225,125,128,2.761162e-02,
19,O,3,0,1.9048882722854614,75.298,125,128,2.282828e-02,
19,O,4,1,4.002408981323242,26.809,122,127,2.862010e-02,
19,O,5,1,3.0997891426086426,53.777,122,128,3.139371e-02,
19,O,6,1,3.7081148624420166,24.207,121,128,2.519615e-02,
19,O,7,1,3.087726354598999,57.318,123,128,3.228465e-02,
19,O,8,2,2.337965726852417,59.719,125,128,2.495194e-02,
19,O,9,2,2.354529619216919,65.877,125,128,2.639264e-02,
19,O,10,2,2.129047155380249,72.489,125,128,2.503417e-02,
19,O,11,2,2.4363021850585938,65.626,125,128,2.725718e-02,
19,O,12,3,2.310979127883911,59.113,125,128,2.453843e-02,
19,O,13,3,2.1850013732910156,69.061,124,128,2.507716e-02,
19,O,14,3,2.3340344429016113,56.279,124,128,2.418192e-02,
19,O,15,3,2.504948377609253,66.519,124,128,2.821518e-02,
19,O,16,4,2.822211742401123,46.345,124,128,2.653389e-02,
19,O,17,4,2.92439603805542,56.235,124,128,3.028655e-02,
19,O,18,4,2.749530076980591,39.932,125,128,2.399541e-02,
19,O,19,4,2.640188217163086,37.593,124,128,2.235640e-02,
19,O,20,5,3.493928909301758,24.358,112,126,2.381487e-02,
19,O,21,5,3.341432571411133,28.531,117,127,2.464917e-02,
19,O,22,5,2.7546167373657227,42.513,121,128,2.480476e-02,
19,O,23,5,2.94134259223938,33.614,119,127,2.355136e-02,
19,O,24,6,2.1344382762908936,49.13,125,128,2.066189e-02,
19,O,25,6,2.9320003986358643,61.295,123,128,3.170211e-02,
19,O,26,6,2.1448395252227783,43.64,125,128,1.956814e-02,
19,O,27,6,2.5371830463409424,46.052,124,128,2.377854e-02,
19,O,28,7,2.4269542694091797,59.253,125,128,2.580038e-02,
19,O,29,7,2.0359973907470703,76.22,125,128,2.454842e-02,
19,O,30,7,2.9044933319091797,58.587,125,128,3.070300e-02,
19,O,31,7,2.3258938789367676,67.784,125,128,2.644628e-02,
19,VO,0,0,3.3550078868865967,34.242,123,128,,
19,VO,1,0,2.0290918350219727,61.318,125,128,,
19,VO,2,0,2.6587493419647217,52.54,124,128,,
19,VO,3,0,2.0930187702178955,57.247,124,128,,
19,VO,4,1,4.30075740814209,26.519,120,127,,
19,VO,5,1,3.947402238845825,37.826,120,127,,
19,VO,6,1,5.046730995178223,16.351,120,127,,
19,VO,7,1,3.6451709270477295,47.094,121,127,,
19,VO,8,2,2.503734588623047,47.664,124,128,,
19,VO,9,2,2.3828485012054443,59.184,125,128,,
19,VO,10,2,2.3593719005584717,55.274,125,128,,
19,VO,11,2,2.567138671875,55.128,124,128,,
19,VO,12,3,2.797304153442383,37.543,124,128,,
19,VO,13,3,2.598022222518921,45.43,124,128,,
19,VO,14,3,2.9862773418426514,33.612,123,127,,
19,VO,15,3,2.7781383991241455,50.771,123,128,,
19,VO,16,4,3.7530839443206787,29.151,122,127,,
19,VO,17,4,4.0021281242370605,33.129,123,127,,
19,VO,18,4,2.985208511352539,35.55,124,128,,
19,VO,19,4,2.739254951477051,36.353,123,127,,
19,VO,20,5,1.8829247951507568,35.174,120,128,,
19,VO,21,5,3.1848039627075195,23.676,108,125,,
19,VO,22,5,2.228503704071045,39.657,116,126,,
19,VO,23,5,2.7904598712921143,27.05,111,125,,
19,VO,24,6,1.9651685953140259,32.613,123,128,,
19,VO,25,6,2.5318610668182373,45.559,121,127,,
19,VO,26,6,1.8337128162384033,32.449,123,128,,
19,VO,27,6,1.936837077140808,42.444,124,128,,
19,VO,28,7,3.006593942642212,43.709,124,128,,
19,VO,29,7,2.531681537628174,53.909,125,128,,
19,VO,30,7,3.9590654373168945,37.484,123,127,,
19,VO,31,7,3.12701416015625,43.351,124,128,,
20,Q,0,0,2.926353693008423,12.42,116,127,2.712301e-02,
20,Q,1,0,2.722780704498291,14.434,121,127,2.874172e-02,
20,Q,2,0,2.776221752166748,14.255,122,127,2.827594e-02,
20,Q,3,0,2.659383535385132,14.446,120,127,2.679471e-02,
20,Q,4,1,2.3645005226135254,14.965,117,127,2.471145e-02,
20,Q,5,1,2.7557246685028076,12.638,122,127,2.809384e-02,
20,Q,6,1,2.827481508255005,12.205,120,127,2.838230e-02,
20,Q,7,1,2.6216647624969482,10.411,119,127,2.438065e-02,
20,Q,8,2,3.3825199604034424,8.385,118,127,2.600572e-02,
20,Q,9,2,2.8504226207733154,9.239,118,123,2.418537e-02,
20,Q,10,2,3.551589012145996,7.499,116,125,2.564511e-02,
20,Q,11,2,3.4381322860717773,8.543,121,126,2.800009e-02,
20,Q,12,3,3.11887526512146,10.994,119,127,2.843886e-02,
20,Q,13,3,2.8286545276641846,11.456,120,127,2.580051e-02,
20,Q,14,3,3.1080753803253174,8.962,114,125,2.513380e-02,
20,Q,15,3,3.1125993728637695,9.255,115,126,2.528828e-02,
20,Q,16,4,3.0288217067718506,11.506,119,127,2.726233e-02,
20,Q,17,4,3.520235061645508,6.992,118,125,2.609996e-02,
20,Q,18,4,3.352699041366577,8.922,120,127,2.747425e-02,
20,Q,19,4,2.9351325035095215,11.595,123,128,2.765045e-02,
20,Q,20,5,2.833791971206665,12.56,121,126,2.907189e-02,
20,Q,21,5,3.6050045490264893,5.625,108,122,2.418319e-02,
20,Q,22,5,3.2141525745391846,8.05,119,125,2.695044e-02,
20,Q,23,5,2.962294578552246,9.281,119,126,2.581965e-02,
20,Q,24,6,2.7227020263671875,6.297,117,126,2.114456e-02,
20,Q,25,6,2.7753965854644775,9.342,121,128,2.531447e-02,
20,Q,26,6,3.0072736740112305,7.107,117,124,2.434257e-02,
20,Q,27,6,2.598350763320923,9.45,122,128,2.542193e-02,
20,Q,28,7,3.187727212905884,10.575,118,127,2.722488e-02,
20,Q,29,7,3.242375135421753,10.483,118,127,2.761162e-02,
20,Q,30,7,2.9304380416870117,9.601,113,126,2.464973e-02,
20,Q,31,7,3.1735751628875732,9.654,117,127,2.656598e-02,
20,K,0,0,2.4275503158569336,17.05,118,126,2.730963e-02,
20,K,1,1,1.7442286014556885,18.916,121,127,2.359003e-02,
20,K,2,2,1.8247530460357666,23.575,120,127,2.534760e-02,
20,K,3,3,1.403501272201538,33.736,117,126,2.422817e-02,
20,K,4,4,1.5738368034362793,27.016,121,127,2.435650e-02,
20,K,5,5,1.3395750522613525,37.683,118,127,2.498836e-02,
20,K,6,6,1.573251485824585,20.367,113,126,2.134291e-02,
20,K,7,7,1.6544400453567505,30.702,113,125,2.504776e-02,
20,V,0,0,1.496524453163147,51.281,125,128,2.938407e-02,
20,V,1,1,1.202930212020874,50.203,126,128,2.836574e-02,
20,V,2,2,1.1845147609710693,72.605,126,128,2.696393e-02,
20,V,3,3,1.0338404178619385,72.899,126,128,2.694434e-02,
20,V,4,4,1.1677486896514893,68.09,126,128,2.843740e-02,
20,V,5,5,1.2340843677520752,57.671,125,128,2.863955e-02,
20,V,6,6,1.1579349040985107,65.547,125,128,2.882164e-02,
20,V,7,7,1.293887972831726,59.756,126,128,2.771095e-02,
20,O,0,0,2.40413236618042,56.386,125,128,2.493192e-02,
20,O,1,0,2.3505263328552246,65.142,125,128,2.620021e-02,
20,O,2,0,2.50557541847229,49.871,125,128,2.443659e-02,
20,O,3,0,2.4610869884490967,60.196,124,128,2.637075e-02,
20,O,4,1,3.0241808891296387,45.519,124,128,2.817817e-02,
20,O,5,1,2.394265651702881,58.867,124,128,2.536984e-02,
20,O,6,1,2.3663437366485596,67.992,124,128,2.694750e-02,
20,O,7,1,2.210376262664795,63.208,125,128,2.426968e-02,
20,O,8,2,1.9759477376937866,68.36,125,128,2.256247e-02,
20,O,9,2,3.7574210166931152,30.972,125,128,2.887944e-02,
20,O,10,2,2.0678870677948,54.949,125,128,2.116983e-02,
20,O,11,2,2.0572688579559326,77.464,125,128,2.500641e-02,
20,O,12,3,2.076751470565796,64.063,125,128,2.295619e-02,
20,O,13,3,2.616664409637451,73.217,125,128,3.092182e-02,
20,O,14,3,1.8729265928268433,71.945,125,128,2.193973e-02,
20,O,15,3,1.857828140258789,76.04,126,128,2.237368e-02,
20,O,16,4,2.131448268890381,71.592,125,128,2.490670e-02,
20,O,17,4,2.883640766143799,42.469,125,128,2.595292e-02,
20,O,18,4,2.1003952026367188,75.008,125,128,2.512270e-02,
20,O,19,4,2.309263229370117,79.754,125,128,2.848138e-02,
20,O,20,5,2.8578057289123535,43.171,124,128,2.593219e-02,
20,O,21,5,2.4940218925476074,55.07,125,128,2.556053e-02,
20,O,22,5,2.442941188812256,48.352,125,128,2.346025e-02,
20,O,23,5,3.004927396774292,42.263,124,128,2.697877e-02,
20,O,24,6,3.0583925247192383,54.733,124,128,3.124845e-02,
20,O,25,6,2.8264293670654297,41.717,124,128,2.521197e-02,
20,O,26,6,2.5540237426757812,39.777,125,128,2.224603e-02,
20,O,27,6,3.2383220195770264,33.053,124,128,2.571209e-02,
20,O,28,7,2.5158636569976807,62.797,125,128,2.753381e-02,
20,O,29,7,1.8938698768615723,62.548,125,128,2.068554e-02,
20,O,30,7,2.4144575595855713,61.004,125,128,2.604419e-02,
20,O,31,7,2.687605381011963,48.381,125,128,2.581737e-02,
20,VO,0,0,2.7464258670806885,38.586,124,128,,
20,VO,1,0,2.7320425510406494,43.885,123,128,,
20,VO,2,0,3.1478168964385986,29.173,123,128,,
20,VO,3,0,2.7494256496429443,43.879,123,127,,
20,VO,4,1,2.8297934532165527,31.065,123,128,,
20,VO,5,1,2.0137338638305664,45.845,124,128,,
20,VO,6,1,1.7122114896774292,67.432,124,128,,
20,VO,7,1,1.7506095170974731,55.31,125,128,,
20,VO,8,2,1.8748805522918701,59.161,125,128,,
20,VO,9,2,3.4300222396850586,29.504,124,128,,
20,VO,10,2,2.0510706901550293,44.739,124,128,,
20,VO,11,2,1.9279882907867432,69.316,125,128,,
20,VO,12,3,1.804680585861206,52.211,124,128,,
20,VO,13,3,2.1035878658294678,67.625,124,128,,
20,VO,14,3,1.5865473747253418,61.889,124,128,,
20,VO,15,3,1.5798394680023193,63.812,125,128,,
20,VO,16,4,1.8125766515731812,70.353,125,128,,
20,VO,17,4,2.290433645248413,47.91,124,128,,
20,VO,18,4,1.8710191249847412,67.966,125,128,,
20,VO,19,4,2.06677508354187,71.581,125,128,,
20,VO,20,5,2.911147356033325,29.199,123,128,,
20,VO,21,5,2.6175954341888428,33.551,124,128,,
20,VO,22,5,2.249565839767456,38.025,124,128,,
20,VO,23,5,3.2647545337677,26.021,122,127,,
20,VO,24,6,2.8286616802215576,44.977,122,127,,
20,VO,25,6,2.5411713123321533,35.959,122,127,,
20,VO,26,6,2.276637554168701,32.122,125,128,,
20,VO,27,6,3.116694688796997,24.955,123,127,,
20,VO,28,7,2.6372039318084717,45.097,124,127,,
20,VO,29,7,1.7753310203552246,55.048,125,128,,
20,VO,30,7,2.370307683944702,49.124,124,128,,
20,VO,31,7,2.8394627571105957,34.631,124,128,,
21,Q,0,0,3.1297788619995117,9.756,121,127,2.538023e-02,
21,Q,1,0,3.164158582687378,8.724,122,127,2.539033e-02,
21,Q,2,0,2.149967670440674,21.92,120,127,2.619587e-02,
21,Q,3,0,2.6121838092803955,11.729,122,127,2.426209e-02,
21,Q,4,1,3.2545764446258545,10.056,121,127,2.705697e-02,
21,Q,5,1,3.104700803756714,9.405,123,127,2.569994e-02,
21,Q,6,1,3.2545299530029297,8.35,119,127,2.457094e-02,
21,Q,7,1,3.0357303619384766,11.416,123,127,2.786596e-02,
21,Q,8,2,3.4680376052856445,7.866,110,126,2.324069e-02,
21,Q,9,2,3.000126361846924,13.609,119,127,2.707409e-02,
21,Q,10,2,3.985635995864868,6.291,115,126,2.449456e-02,
21,Q,11,2,3.8336336612701416,8.931,109,126,2.683122e-02,
21,Q,12,3,3.0088248252868652,10.352,122,127,2.431929e-02,
21,Q,13,3,3.2150590419769287,9.174,121,127,2.438358e-02,
21,Q,14,3,2.711545705795288,11.158,122,127,2.599176e-02,
21,Q,15,3,2.918201446533203,13.199,122,127,2.650533e-02,
21,Q,16,4,3.348453998565674,11.344,121,128,2.783583e-02,
21,Q,17,4,3.949418067932129,8.299,118,127,2.739486e-02,
21,Q,18,4,3.5665125846862793,9.476,112,126,2.552750e-02,
21,Q,19,4,3.325385093688965,12.427,121,127,2.878836e-02,
21,Q,20,5,2.8760313987731934,12.489,120,127,2.589915e-02,
21,Q,21,5,2.997662305831909,11.261,120,127,2.581798e-02,
21,Q,22,5,3.1407814025878906,9.379,119,127,2.468506e-02,
21,Q,23,5,3.0490641593933105,11.125,119,127,2.543585e-02,
21,Q,24,6,2.956176996231079,13.164,122,128,2.683997e-02,
21,Q,25,6,3.018725633621216,13.282,121,128,2.738371e-02,
21,Q,26,6,2.6366777420043945,14.077,122,128,2.429802e-02,
21,Q,27,6,3.2983055114746094,10.986,118,127,2.669016e-02,
21,Q,28,7,3.016423463821411,13.445,122,128,2.739535e-02,
21,Q,29,7,2.8571512699127197,15.652,122,128,2.819502e-02,
21,Q,30,7,3.057365655899048,13.7,121,128,2.767075e-02,
21,Q,31,7,2.7983503341674805,11.639,112,126,2.296074e-02,
21,K,0,0,2.1375575065612793,17.304,121,127,2.450761e-02,
21,K,1,1,1.6514350175857544,27.102,123,127,2.446540e-02,
21,K,2,2,1.4913438558578491,33.61,113,125,2.338831e-02,
21,K,3,3,2.1527631282806396,22.84,119,126,2.521836e-02,
21,K,4,4,1.9965053796768188,25.85,118,126,2.573607e-02,
21,K,5,5,1.4250179529190063,35.891,118,126,2.362506e-02,
21,K,6,6,1.8595236539840698,26.397,120,127,2.476663e-02,
21,K,7,7,1.8345675468444824,27.64,121,127,2.473410e-02,
21,V,0,0,1.5681262016296387,44.9,126,128,2.705548e-02,
21,V,1,1,1.1129863262176514,70.717,126,128,3.003835e-02,
21,V,2,2,1.2735286951065063,49.945,126,128,2.327361e-02,
21,V,3,3,1.357521414756775,53.554,125,128,2.470887e-02,
21,V,4,4,1.4625208377838135,77.907,126,128,3.305763e-02,
21,V,5,5,1.2410378456115723,63.354,125,128,2.763247e-02,
21,V,6,6,1.230503797531128,66.613,126,128,2.603229e-02,
21,V,7,7,1.3697577714920044,68.755,126,128,2.961433e-02,
21,O,0,0,2.2301385402679443,60.18,124,128,2.389282e-02,
21,O,1,0,2.6118462085723877,48.697,124,128,2.517160e-02,
21,O,2,0,2.7033841609954834,40.916,125,128,2.388171e-02,
21,O,3,0,2.9285902976989746,35.499,124,128,2.409791e-02,
21,O,4,1,2.686984062194824,60.975,125,128,2.897681e-02,
21,O,5,1,2.3466696739196777,64.35,125,128,2.599787e-02,
21,O,6,1,2.8392770290374756,46.859,124,128,2.684189e-02,
21,O,7,1,2.848202705383301,57.926,124,128,2.993778e-02,
21,O,8,2,3.025031805038452,27.1,124,128,2.174840e-02,
21,O,9,2,2.7715981006622314,34.903,124,128,2.261367e-02,
21,O,10,2,2.7068324089050293,43.903,124,128,2.476974e-02,
21,O,11,2,2.7052927017211914,34.092,124,128,2.181474e-02,
21,O,12,3,3.1260054111480713,36.764,123,128,2.617667e-02,
21,O,13,3,2.4441542625427246,40.957,124,128,2.160251e-02,
21,O,14,3,2.387357234954834,41.5,124,128,2.123984e-02,
21,O,15,3,2.282667398452759,54.348,123,128,2.324045e-02,
21,O,16,4,2.7033896446228027,54.043,125,128,2.744655e-02,
21,O,17,4,2.6436970233917236,71.511,125,128,3.087505e-02,
21,O,18,4,2.3365490436553955,70.433,125,128,2.708157e-02,
21,O,19,4,2.165332078933716,67.952,126,128,2.465114e-02,
21,O,20,5,3.243851900100708,42.956,124,128,2.936190e-02,
21,O,21,5,2.4254109859466553,47.237,124,128,2.302180e-02,
21,O,22,5,2.081137180328369,67.568,125,128,2.362563e-02,
21,O,23,5,2.3010518550872803,56.325,125,128,2.384989e-02,
21,O,24,6,2.3011653423309326,55.485,124,128,2.367268e-02,
21,O,25,6,2.064802885055542,62.007,125,128,2.245487e-02,
21,O,26,6,2.9320149421691895,46.885,125,128,2.772635e-02,
21,O,27,6,2.2387430667877197,61.098,125,128,2.416735e-02,
21,O,28,7,2.4514012336730957,60.576,122,128,2.634960e-02,
21,O,29,7,2.546379804611206,64.878,122,128,2.832578e-02,
21,O,30,7,2.4636645317077637,51.106,124,128,2.432363e-02,
21,O,31,7,2.7422139644622803,40.347,124,128,2.405571e-02,
21,VO,0,0,2.236323118209839,50.193,124,128,,
21,VO,1,0,2.9105889797210693,32.935,125,128,,
21,VO,2,0,2.337902545928955,45.347,124,128,,
21,VO,3,0,3.848771572113037,18.191,124,128,,
21,VO,4,1,2.4888052940368652,47.508,125,128,,
21,VO,5,1,2.024435520172119,57.238,125,128,,
21,VO,6,1,2.8147196769714355,33.898,122,127,,
21,VO,7,1,2.3943307399749756,51.394,125,128,,
21,VO,8,2,3.091965913772583,16.491,123,128,,
21,VO,9,2,2.3505802154541016,29.667,124,128,,
21,VO,10,2,2.8189525604248047,25.48,123,128,,
21,VO,11,2,2.69525146484375,20.843,123,128,,
21,VO,12,3,3.412273406982422,23.937,123,128,,
21,VO,13,3,2.6854212284088135,26.361,124,128,,
21,VO,14,3,2.0672950744628906,41.786,124,128,,
21,VO,15,3,2.317121982574463,40.45,123,128,,
21,VO,16,4,3.3032991886138916,48.874,123,127,,
21,VO,17,4,3.4127371311187744,58.127,123,128,,
21,VO,18,4,2.9841153621673584,57.938,124,128,,
21,VO,19,4,2.736867904663086,57.236,124,128,,
21,VO,20,5,2.866030693054199,38.517,124,128,,
21,VO,21,5,2.2881031036376953,40.334,123,128,,
21,VO,22,5,1.9801959991455078,55.628,125,128,,
21,VO,23,5,2.1605513095855713,47.061,125,128,,
21,VO,24,6,2.239780902862549,46.649,123,128,,
21,VO,25,6,1.9047002792358398,56.563,124,128,,
21,VO,26,6,2.416262149810791,52.17,125,128,,
21,VO,27,6,2.06204891204834,55.903,124,128,,
21,VO,28,7,2.679722547531128,53.377,119,127,,
21,VO,29,7,3.0041842460632324,49.467,120,127,,
21,VO,30,7,2.6870055198669434,44.1,123,128,,
21,VO,31,7,2.385511875152588,47.824,125,128,,
22,Q,0,0,3.800002336502075,14.997,120,127,2.636464e-02,
22,Q,1,0,3.917382001876831,14.307,122,128,2.732635e-02,
22,Q,2,0,3.6882309913635254,13.725,121,127,2.410545e-02,
22,Q,3,0,3.4017763137817383,16.995,123,128,2.561566e-02,
22,Q,4,1,4.796348571777344,8.661,117,127,2.519131e-02,
22,Q,5,1,4.491827487945557,10.256,122,128,2.617376e-02,
22,Q,6,1,5.159237861633301,8.041,122,127,2.660854e-02,
22,Q,7,1,4.583345890045166,10.96,122,128,2.742591e-02,
22,Q,8,2,3.7065398693084717,12.892,121,125,2.445385e-02,
22,Q,9,2,3.6331210136413574,16.372,122,127,2.656564e-02,
22,Q,10,2,4.356986999511719,12.243,121,127,2.758540e-02,
22,Q,11,2,4.164008140563965,12.141,115,126,2.543298e-02,
22,Q,12,3,3.161916732788086,16.266,122,127,2.420923e-02,
22,Q,13,3,4.758543968200684,6.024,114,126,2.177906e-02,
22,Q,14,3,4.658010959625244,7.769,118,126,2.420023e-02,
22,Q,15,3,4.307731628417969,11.183,120,127,2.619988e-02,
22,Q,16,4,3.8262276649475098,11.538,121,126,2.455342e-02,
22,Q,17,4,3.8634495735168457,13.88,123,128,2.688620e-02,
22,Q,18,4,3.7182493209838867,12.573,123,128,2.561904e-02,
22,Q,19,4,4.556100845336914,8.742,122,128,2.503820e-02,
22,Q,20,5,4.291189670562744,10.961,118,127,2.650928e-02,
22,Q,21,5,4.299256324768066,9.909,120,128,2.602402e-02,
22,Q,22,5,4.329793453216553,9.082,118,127,2.534873e-02,
22,Q,23,5,4.594578742980957,5.129,112,124,2.095376e-02,
22,Q,24,6,3.880969762802124,13.498,120,127,2.704071e-02,
22,Q,25,6,3.560089111328125,15.235,122,127,2.620047e-02,
22,Q,26,6,4.077219009399414,11.52,123,127,2.667390e-02,
22,Q,27,6,4.034308910369873,12.225,123,127,2.706357e-02,
22,Q,28,7,3.689850330352783,12.782,123,128,2.570798e-02,
22,Q,29,7,3.663275718688965,12.482,120,128,2.483633e-02,
22,Q,30,7,4.116905212402344,12.964,121,128,2.764439e-02,
22,Q,31,7,4.2480244636535645,8.225,122,128,2.374689e-02,
22,K,0,0,2.8903586864471436,20.715,121,127,2.482848e-02,
22,K,1,1,2.5609936714172363,27.574,119,127,2.489698e-02,
22,K,2,2,3.1327030658721924,20.35,120,127,2.559271e-02,
22,K,3,3,2.5819506645202637,16.279,119,127,1.978855e-02,
22,K,4,4,2.701530933380127,22.432,121,127,2.469315e-02,
22,K,5,5,3.0299019813537598,13.765,111,125,2.196017e-02,
22,K,6,6,2.8485050201416016,21.922,121,127,2.579977e-02,
22,K,7,7,2.8644967079162598,15.363,119,127,2.207189e-02,
22,V,0,0,1.6519842147827148,67.119,126,128,2.597481e-02,
22,V,1,1,1.5853034257888794,94.736,126,128,2.998207e-02,
22,V,2,2,1.7224057912826538,70.132,126,128,2.539269e-02,
22,V,3,3,2.059032440185547,51.678,125,128,2.752318e-02,
22,V,4,4,1.5116841793060303,79.674,126,128,2.654704e-02,
22,V,5,5,1.7613673210144043,39.12,125,128,2.400235e-02,
22,V,6,6,2.0696682929992676,61.617,125,128,3.135493e-02,
22,V,7,7,1.9509278535842896,66.685,126,128,3.147868e-02,
22,O,0,0,2.482771635055542,45.24,123,128,2.306270e-02,
22,O,1,0,2.448385000228882,49.66,124,128,2.382842e-02,
22,O,2,0,3.0941076278686523,42.537,122,127,2.786942e-02,
22,O,3,0,2.8053994178771973,39.683,124,128,2.440644e-02,
22,O,4,1,1.8164823055267334,87.189,126,128,2.342462e-02,
22,O,5,1,2.1171507835388184,75.676,126,128,2.543559e-02,
22,O,6,1,2.5264618396759033,88.759,124,128,3.287233e-02,
22,O,7,1,2.0180559158325195,81.709,125,128,2.519289e-02,
22,O,8,2,2.394645929336548,68.021,125,128,2.727564e-02,
22,O,9,2,2.5951168537139893,44.339,124,128,2.386501e-02,
22,O,10,2,2.763091564178467,39.025,124,128,2.383837e-02,
22,O,11,2,3.3216326236724854,26.346,123,128,2.354606e-02,
22,O,12,3,3.858808994293213,18.322,126,128,2.281121e-02,
22,O,13,3,3.696974039077759,29.704,123,128,2.782697e-02,
22,O,14,3,2.9617693424224854,38.585,121,128,2.540816e-02,
22,O,15,3,2.4553146362304688,55.865,123,128,2.534476e-02,
22,O,16,4,2.086289644241333,83.36,125,128,2.630655e-02,
22,O,17,4,2.3690576553344727,64.625,124,128,2.630179e-02,
22,O,18,4,3.402506113052368,27.787,123,128,2.477020e-02,
22,O,19,4,2.134145498275757,62.501,123,128,2.330119e-02,
22,O,20,5,3.011989116668701,58.384,123,127,3.178417e-02,
22,O,21,5,1.98945951461792,54.901,125,128,2.035807e-02,
22,O,22,5,2.2934608459472656,52.193,125,128,2.288277e-02,
22,O,23,5,2.377425193786621,47.037,125,128,2.251831e-02,
22,O,24,6,2.5669779777526855,50.155,125,128,2.510669e-02,
22,O,25,6,2.424072742462158,46.5,124,128,2.282869e-02,
22,O,26,6,2.686927318572998,58.252,124,128,2.832198e-02,
22,O,27,6,3.0391368865966797,53.949,124,128,3.082855e-02,
22,O,28,7,3.06567120552063,42.433,125,128,2.757960e-02,
22,O,29,7,3.0089950561523438,38.212,125,128,2.568817e-02,
22,O,30,7,2.447460174560547,55.127,124,128,2.509618e-02,
22,O,31,7,3.6185951232910156,37.128,124,127,3.045086e-02,
22,VO,0,0,3.229863166809082,37.596,123,128,,
22,VO,1,0,3.136075735092163,42.46,124,128,,
22,VO,2,0,4.059207439422607,34.317,123,128,,
22,VO,3,0,3.3542051315307617,38.254,125,128,,
22,VO,4,1,2.575704336166382,80.497,125,128,,
22,VO,5,1,3.0866739749908447,66.447,124,128,,
22,VO,6,1,3.743967056274414,76.192,123,127,,
22,VO,7,1,2.861691474914551,76.186,124,128,,
22,VO,8,2,3.0755555629730225,66.344,125,128,,
22,VO,9,2,3.7852261066436768,35.28,124,128,,
22,VO,10,2,3.6925017833709717,33.846,125,128,,
22,VO,11,2,3.9895451068878174,27.794,124,128,,
22,VO,12,3,5.34271764755249,16.208,124,127,,
22,VO,13,3,7.235777854919434,14.517,121,127,,
22,VO,14,3,3.6738641262054443,37.677,122,127,,
22,VO,15,3,3.6812548637390137,41.45,123,127,,
22,VO,16,4,2.596914052963257,75.364,125,128,,
22,VO,17,4,3.09566593170166,53.364,124,128,,
22,VO,18,4,4.5199456214904785,23.849,122,127,,
22,VO,19,4,2.4550530910491943,63.486,124,128,,
22,VO,20,5,3.1588943004608154,45.041,123,127,,
22,VO,21,5,2.9743690490722656,24.849,122,128,,
22,VO,22,5,3.1381285190582275,24.615,124,128,,
22,VO,23,5,2.5981900691986084,33.808,125,128,,
22,VO,24,6,4.547705173492432,33.052,124,127,,
22,VO,25,6,4.180667877197266,33.409,123,127,,
22,VO,26,6,5.04472017288208,35.401,123,127,,
22,VO,27,6,4.87205696105957,42.64,124,128,,
22,VO,28,7,5.071994304656982,32.021,123,127,,
22,VO,29,7,4.497526168823242,34.207,124,128,,
22,VO,30,7,3.4504849910736084,52.557,124,128,,
22,VO,31,7,6.4453864097595215,25.119,122,127,,
23,Q,0,0,4.300397872924805,10.803,121,127,2.689651e-02,
23,Q,1,0,3.720902919769287,11.665,119,124,2.457344e-02,
23,Q,2,0,4.540528297424316,9.491,122,127,2.703834e-02,
23,Q,3,0,4.331076622009277,9.393,122,127,2.550793e-02,
23,Q,4,1,5.186464786529541,6.961,109,125,2.622080e-02,
23,Q,5,1,4.964361190795898,7.463,118,126,2.611424e-02,
23,Q,6,1,6.082241058349609,5.932,120,125,2.888799e-02,
23,Q,7,1,4.9905219078063965,9.639,117,127,3.016645e-02,
23,Q,8,2,4.654964923858643,8.128,120,126,2.557934e-02,
23,Q,9,2,5.642869472503662,6.551,122,127,2.751575e-02,
23,Q,10,2,5.5630950927734375,6.172,116,126,2.585415e-02,
23,Q,11,2,4.79115629196167,8.9,120,127,2.695453e-02,
23,Q,12,3,4.067718982696533,11.519,121,128,2.627460e-02,
23,Q,13,3,4.416231155395508,10.229,122,128,2.677879e-02,
23,Q,14,3,4.263174057006836,10.966,123,128,2.694548e-02,
23,Q,15,3,4.318474769592285,10.727,121,128,2.689470e-02,
23,Q,16,4,3.9534621238708496,13.135,123,127,2.817605e-02,
23,Q,17,4,4.546976089477539,9.61,122,126,2.785619e-02,
23,Q,18,4,4.11940860748291,11.289,122,126,2.717245e-02,
23,Q,19,4,4.30182409286499,10.932,123,127,2.818933e-02,
23,Q,20,5,4.557658672332764,9.885,121,126,2.806829e-02,
23,Q,21,5,5.020383358001709,7.28,114,125,2.595231e-02,
23,Q,22,5,4.568511486053467,10.339,122,127,2.860690e-02,
23,Q,23,5,4.050939083099365,12.223,122,128,2.726046e-02,
23,Q,24,6,4.401510238647461,11.592,121,127,2.854712e-02,
23,Q,25,6,3.698242425918579,13.959,123,127,2.689257e-02,
23,Q,26,6,4.1504292488098145,12.619,119,127,2.792824e-02,
23,Q,27,6,3.956061601638794,10.836,123,127,2.550012e-02,
23,Q,28,7,3.9872522354125977,10.586,119,127,2.476014e-02,
23,Q,29,7,4.7382731437683105,10.385,120,128,2.923722e-02,
23,Q,30,7,4.681331157684326,9.255,119,127,2.682284e-02,
23,Q,31,7,4.082536697387695,10.876,122,128,2.562430e-02,
23,K,0,0,3.043958902359009,18.821,120,127,2.547787e-02,
23,K,1,1,2.2505013942718506,29.552,120,127,2.400060e-02,
23,K,2,2,2.607142210006714,23.451,119,127,2.443969e-02,
23,K,3,3,2.4957571029663086,25.111,120,127,2.422357e-02,
23,K,4,4,2.8518826961517334,20.528,122,127,2.618892e-02,
23,K,5,5,2.603243350982666,24.854,121,127,2.563851e-02,
23,K,6,6,2.971890687942505,20.743,121,127,2.622472e-02,
23,K,7,7,2.30806827545166,26.632,120,127,2.293663e-02,
23,V,0,0,1.5608420372009277,76.841,126,128,2.652228e-02,
23,V,1,1,1.2944282293319702,58.884,126,128,2.211016e-02,
23,V,2,2,1.4990159273147583,96.99,126,128,3.185420e-02,
23,V,3,3,1.4732381105422974,86.381,126,128,2.820340e-02,
23,V,4,4,1.393616795539856,85.015,126,128,2.689491e-02,
23,V,5,5,1.5842480659484863,82.976,126,128,2.937521e-02,
23,V,6,6,1.8850085735321045,78.193,125,128,3.244503e-02,
23,V,7,7,1.5438436269760132,79.857,125,128,2.808403e-02,
23,O,0,0,2.143954277038574,71.108,124,128,2.496811e-02,
23,O,1,0,3.2271840572357178,36.495,125,128,2.692471e-02,
23,O,2,0,2.212538480758667,65.555,124,128,2.474020e-02,
23,O,3,0,3.3999135494232178,23.538,125,128,2.278058e-02,
23,O,4,1,2.2538161277770996,60.061,125,128,2.412268e-02,
23,O,5,1,3.3221590518951416,34.861,124,128,2.708960e-02,
23,O,6,1,2.6679365634918213,46.935,121,127,2.524261e-02,
23,O,7,1,2.290527105331421,59.82,124,128,2.446645e-02,
23,O,8,2,2.353184700012207,68.469,125,128,2.689138e-02,
23,O,9,2,2.8743162155151367,89.968,125,128,3.765218e-02,
23,O,10,2,2.0619354248046875,84.196,126,128,2.612954e-02,
23,O,11,2,1.962132215499878,85.59,126,128,2.506973e-02,
23,O,12,3,2.5426506996154785,57.088,126,128,2.653199e-02,
23,O,13,3,2.1940574645996094,73.567,125,128,2.598957e-02,
23,O,14,3,2.4016242027282715,67.784,125,128,2.730742e-02,
23,O,15,3,2.0659892559051514,77.992,126,128,2.519791e-02,
23,O,16,4,2.3226940631866455,74.324,125,128,2.765454e-02,
23,O,17,4,2.2853591442108154,65.214,126,128,2.548791e-02,
23,O,18,4,2.259511709213257,69.772,126,128,2.606541e-02,
23,O,19,4,2.6005373001098633,61.208,126,128,2.809823e-02,
23,O,20,5,2.907007932662964,36.958,125,128,2.440696e-02,
23,O,21,5,2.2029759883880615,82.685,125,128,2.766529e-02,
23,O,22,5,2.320251226425171,67.921,125,128,2.640872e-02,
23,O,23,5,2.4443905353546143,73.445,125,128,2.893093e-02,
23,O,24,6,2.92903733253479,41.564,122,128,2.607924e-02,
23,O,25,6,2.595675468444824,56.313,125,128,2.690076e-02,
23,O,26,6,3.1337969303131104,34.063,122,127,2.525951e-02,
23,O,27,6,3.8954904079437256,33.414,121,128,3.109821e-02,
23,O,28,7,2.2774124145507812,62.402,125,128,2.484574e-02,
23,O,29,7,2.665320634841919,49.091,124,128,2.579071e-02,
23,O,30,7,2.438779592514038,62.548,125,128,2.663721e-02,
23,O,31,7,2.4384264945983887,66.85,124,128,2.753410e-02,
23,VO,0,0,2.559521436691284,72.835,123,128,,
23,VO,1,0,3.6061758995056152,42.697,124,128,,
23,VO,2,0,2.6963255405426025,64.481,124,128,,
23,VO,3,0,3.3712892532348633,33.108,125,128,,
23,VO,4,1,2.106168508529663,50.884,125,128,,
23,VO,5,1,3.6177468299865723,23.994,123,128,,
23,VO,6,1,2.2630887031555176,46.047,120,127,,
23,VO,7,1,2.3134396076202393,43.471,124,128,,
23,VO,8,2,3.0740602016448975,68.234,124,128,,
23,VO,9,2,3.887727975845337,84.366,123,128,,
23,VO,10,2,2.615506172180176,88.339,125,128,,
23,VO,11,2,2.716123580932617,76.426,125,128,,
23,VO,12,3,3.403235673904419,48.033,124,128,,
23,VO,13,3,2.856710910797119,63.432,124,128,,
23,VO,14,3,3.099161386489868,59.444,124,128,,
23,VO,15,3,2.669219970703125,68.514,125,128,,
23,VO,16,4,2.903047800064087,61.201,125,128,,
23,VO,17,4,2.450310230255127,71.156,125,128,,
23,VO,18,4,2.7383499145507812,60.91,125,128,,
23,VO,19,4,3.1576008796691895,52.789,125,128,,
23,VO,20,5,3.5777430534362793,40.1,124,128,,
23,VO,21,5,2.8710532188415527,78.343,125,128,,
23,VO,22,5,3.0152595043182373,65.367,125,128,,
23,VO,23,5,3.3060805797576904,65.519,124,128,,
23,VO,24,6,5.223011016845703,30.42,121,127,,
23,VO,25,6,4.339420795440674,43.398,124,128,,
23,VO,26,6,5.653077602386475,25.0,120,127,,
23,VO,27,6,6.867342472076416,24.025,121,127,,
23,VO,28,7,2.9960134029388428,51.466,125,128,,
23,VO,29,7,3.689832925796509,39.514,122,128,,
23,VO,30,7,3.3099725246429443,51.577,123,128,,
23,VO,31,7,3.218219757080078,57.499,123,128,,
24,Q,0,0,5.967337608337402,8.358,120,124,2.731283e-02,
24,Q,1,0,5.20138692855835,10.863,120,126,2.713886e-02,
24,Q,2,0,4.760495185852051,13.253,121,127,2.771354e-02,
24,Q,3,0,5.436610221862793,10.996,122,126,2.846464e-02,
24,Q,4,1,5.974340438842773,8.872,119,124,2.792674e-02,
24,Q,5,1,5.711441993713379,9.085,115,126,2.669150e-02,
24,Q,6,1,6.140394687652588,9.099,121,126,2.918228e-02,
24,Q,7,1,6.3896403312683105,7.584,120,125,2.766550e-02,
24,Q,8,2,4.832403182983398,12.017,116,127,2.639237e-02,
24,Q,9,2,4.622570991516113,15.327,122,128,2.873727e-02,
24,Q,10,2,4.975318431854248,14.257,121,127,3.009007e-02,
24,Q,11,2,4.4144463539123535,15.735,123,127,2.756599e-02,
24,Q,12,3,5.958927631378174,9.358,123,128,2.844699e-02,
24,Q,13,3,5.373395919799805,10.546,119,127,2.716696e-02,
24,Q,14,3,5.232776165008545,11.558,120,127,2.782781e-02,
24,Q,15,3,5.642071723937988,9.816,123,128,2.762300e-02,
24,Q,16,4,5.259678840637207,10.709,122,127,2.687018e-02,
24,Q,17,4,5.091768264770508,11.711,122,127,2.750107e-02,
24,Q,18,4,4.941806793212891,10.494,123,127,2.526514e-02,
24,Q,19,4,5.223193645477295,11.585,122,127,2.773486e-02,
24,Q,20,5,5.850505352020264,7.978,117,126,2.603053e-02,
24,Q,21,5,6.493005275726318,6.818,118,125,2.640213e-02,
24,Q,22,5,7.214340686798096,4.95,109,121,2.490262e-02,
24,Q,23,5,6.453874588012695,6.208,111,125,2.491571e-02,
24,Q,24,6,4.426009654998779,15.129,123,127,2.749435e-02,
24,Q,25,6,5.4926862716674805,8.259,122,127,2.489945e-02,
24,Q,26,6,5.386187553405762,10.167,122,128,2.691424e-02,
24,Q,27,6,5.13486909866333,9.652,123,128,2.533376e-02,
24,Q,28,7,6.389872074127197,7.855,119,127,2.769012e-02,
24,Q,29,7,4.9433135986328125,10.289,112,126,2.442601e-02,
24,Q,30,7,4.528789043426514,13.656,116,127,2.619656e-02,
24,Q,31,7,4.928586483001709,14.608,117,127,2.928870e-02,
24,K,0,0,3.5824480056762695,21.971,122,127,2.656427e-02,
24,K,1,1,3.3622117042541504,24.175,122,127,2.548924e-02,
24,K,2,2,3.011709690093994,26.171,122,127,2.417772e-02,
24,K,3,3,3.0973687171936035,27.294,120,127,2.515163e-02,
24,K,4,4,3.847393274307251,16.877,120,127,2.491997e-02,
24,K,5,5,2.8207807540893555,29.123,110,125,2.287177e-02,
24,K,6,6,4.229831695556641,13.949,120,127,2.516643e-02,
24,K,7,7,3.2088563442230225,22.892,113,125,2.362461e-02,
24,V,0,0,1.857728362083435,84.64,126,128,2.661097e-02,
24,V,1,1,1.765303373336792,85.816,126,128,2.584087e-02,
24,V,2,2,2.0678844451904297,64.536,126,128,2.706128e-02,
24,V,3,3,2.1213996410369873,75.561,126,128,3.022526e-02,
24,V,4,4,1.5817443132400513,93.119,126,128,2.590710e-02,
24,V,5,5,1.8931496143341064,61.128,126,128,2.320106e-02,
24,V,6,6,1.915909767150879,77.071,124,127,2.804790e-02,
24,V,7,7,2.5994105339050293,64.526,124,128,3.323545e-02,
24,O,0,0,2.397522211074829,71.788,126,128,2.805432e-02,
24,O,1,0,2.6936533451080322,69.149,126,128,3.093460e-02,
24,O,2,0,2.3456428050994873,72.05,126,128,2.749737e-02,
24,O,3,0,2.3858282566070557,74.817,126,128,2.850034e-02,
24,O,4,1,2.503835678100586,80.663,126,128,3.105657e-02,
24,O,5,1,2.143871545791626,65.508,126,128,2.396391e-02,
24,O,6,1,2.4745824337005615,74.915,125,128,2.957994e-02,
24,O,7,1,1.9897842407226562,80.636,126,128,2.467641e-02,
24,O,8,2,2.352870464324951,55.702,122,128,2.425176e-02,
24,O,9,2,3.0445170402526855,31.371,124,128,2.355026e-02,
24,O,10,2,2.937849760055542,41.289,124,128,2.607082e-02,
24,O,11,2,2.4950904846191406,59.076,124,128,2.648520e-02,
24,O,12,3,2.8415560722351074,59.291,125,128,3.021762e-02,
24,O,13,3,2.1605851650238037,63.953,126,128,2.386234e-02,
24,O,14,3,2.373170852661133,67.548,125,128,2.693686e-02,
24,O,15,3,2.2997653484344482,65.45,124,128,2.569507e-02,
24,O,16,4,2.243136167526245,68.991,125,128,2.573134e-02,
24,O,17,4,2.3368239402770996,70.845,125,128,2.716373e-02,
24,O,18,4,2.9195308685302734,40.957,124,128,2.580413e-02,
24,O,19,4,2.3496155738830566,64.501,125,128,2.606104e-02,
24,O,20,5,2.2640273571014404,66.582,126,128,2.551348e-02,
24,O,21,5,2.779818296432495,65.382,125,128,3.104248e-02,
24,O,22,5,1.8845590353012085,62.979,126,128,2.065475e-02,
24,O,23,5,1.7906018495559692,78.759,126,128,2.194619e-02,
24,O,24,6,2.5515103340148926,61.505,122,127,2.763528e-02,
24,O,25,6,2.6778721809387207,50.593,122,127,2.630535e-02,
24,O,26,6,2.8047735691070557,50.098,121,127,2.741708e-02,
24,O,27,6,2.860581874847412,39.98,122,127,2.497968e-02,
24,O,28,7,3.8556435108184814,55.528,122,128,3.967928e-02,
24,O,29,7,2.2572765350341797,58.587,124,128,2.386145e-02,
24,O,30,7,2.0807833671569824,57.886,125,128,2.186377e-02,
24,O,31,7,2.3446168899536133,54.366,124,128,2.387523e-02,
24,VO,0,0,3.4461848735809326,77.236,125,128,,
24,VO,1,0,4.255650520324707,62.556,125,128,,
24,VO,2,0,3.8253307342529297,62.3,125,128,,
24,VO,3,0,3.8813703060150146,64.242,125,128,,
24,VO,4,1,4.121661186218262,63.077,124,128,,
24,VO,5,1,3.0305001735687256,66.782,126,128,,
24,VO,6,1,3.846717119216919,64.305,124,128,,
24,VO,7,1,3.2265214920043945,65.129,124,128,,
24,VO,8,2,3.6501455307006836,48.23,123,128,,
24,VO,9,2,5.120756149291992,23.784,124,128,,
24,VO,10,2,5.450191497802734,27.495,123,127,,
24,VO,11,2,3.639700412750244,55.835,125,128,,
24,VO,12,3,5.164488792419434,48.153,124,128,,
24,VO,13,3,4.0870041847229,47.594,125,128,,
24,VO,14,3,4.450219631195068,51.756,124,128,,
24,VO,15,3,4.640326976776123,44.958,122,128,,
24,VO,16,4,3.0728063583374023,66.902,124,128,,
24,VO,17,4,3.1927385330200195,68.759,124,128,,
24,VO,18,4,3.7155749797821045,45.417,123,128,,
24,VO,19,4,3.410562753677368,56.45,123,128,,
24,VO,20,5,3.4399569034576416,50.03,125,128,,
24,VO,21,5,3.604182720184326,62.842,124,128,,
24,VO,22,5,2.576000213623047,55.752,126,128,,
24,VO,23,5,2.605365514755249,62.548,125,128,,
24,VO,24,6,4.18583345413208,52.753,119,126,,
24,VO,25,6,4.612809658050537,39.942,119,126,,
24,VO,26,6,4.5230793952941895,44.696,118,126,,
24,VO,27,6,4.213540554046631,41.229,120,126,,
24,VO,28,7,9.415994644165039,39.21,116,126,,
24,VO,29,7,5.249538898468018,42.709,120,127,,
24,VO,30,7,4.616337299346924,45.313,121,127,,
24,VO,31,7,5.4237236976623535,40.14,120,127,,
25,Q,0,0,4.000685691833496,13.674,122,128,2.408043e-02,
25,Q,1,0,3.908874273300171,16.985,124,128,2.637398e-02,
25,Q,2,0,4.585690975189209,12.704,124,128,2.664704e-02,
25,Q,3,0,4.057337284088135,16.432,123,128,2.689206e-02,
25,Q,4,1,4.847565650939941,10.369,122,126,2.535700e-02,
25,Q,5,1,4.995748996734619,9.367,122,126,2.482310e-02,
25,Q,6,1,4.879426956176758,10.352,116,125,2.552646e-02,
25,Q,7,1,5.089816570281982,9.705,122,127,2.570955e-02,
25,Q,8,2,3.8788793087005615,15.886,124,128,2.495117e-02,
25,Q,9,2,4.179355144500732,14.623,124,128,2.581572e-02,
25,Q,10,2,4.59102725982666,11.979,123,128,2.536961e-02,
25,Q,11,2,4.317905426025391,13.967,124,128,2.593564e-02,
25,Q,12,3,5.481790065765381,8.101,121,126,2.510275e-02,
25,Q,13,3,5.21738862991333,7.897,122,127,2.401766e-02,
25,Q,14,3,4.538644313812256,11.519,121,126,2.497173e-02,
25,Q,15,3,4.518619537353516,12.309,121,127,2.554109e-02,
25,Q,16,4,4.48126745223999,13.427,123,127,2.683560e-02,
25,Q,17,4,4.589127063751221,13.28,124,127,2.734583e-02,
25,Q,18,4,4.423003196716309,13.97,123,127,2.703979e-02,
25,Q,19,4,4.109449863433838,15.813,123,127,2.678704e-02,
25,Q,20,5,4.085923671722412,16.252,124,128,2.686502e-02,
25,Q,21,5,3.6135411262512207,18.203,124,128,2.527711e-02,
25,Q,22,5,3.902756452560425,16.923,124,128,2.618560e-02,
25,Q,23,5,3.9229495525360107,14.645,122,128,2.445549e-02,
25,Q,24,6,3.9899418354034424,16.378,124,128,2.630575e-02,
25,Q,25,6,3.975043773651123,16.417,124,128,2.616214e-02,
25,Q,26,6,4.176954746246338,14.757,123,128,2.570622e-02,
25,Q,27,6,3.318228244781494,20.693,124,128,2.484004e-02,
25,Q,28,7,5.093889236450195,10.658,123,128,2.669430e-02,
25,Q,29,7,4.6150946617126465,13.047,123,127,2.690720e-02,
25,Q,30,7,4.5310211181640625,9.109,113,127,2.178178e-02,
25,Q,31,7,4.164074420928955,15.726,122,127,2.670930e-02,
25,K,0,0,3.5102665424346924,20.74,123,128,2.606949e-02,
25,K,1,1,2.796168327331543,30.184,122,127,2.513469e-02,
25,K,2,2,3.229759693145752,23.628,120,127,2.525931e-02,
25,K,3,3,3.2114810943603516,24.687,122,127,2.607823e-02,
25,K,4,4,3.13004732131958,26.318,123,127,2.642115e-02,
25,K,5,5,3.6415841579437256,18.647,121,127,2.566704e-02,
25,K,6,6,3.5226290225982666,20.333,122,127,2.575527e-02,
25,K,7,7,3.334026336669922,16.286,120,127,2.109469e-02,
25,V,0,0,2.1455793380737305,74.712,126,128,3.085711e-02,
25,V,1,1,1.9765135049819946,59.954,126,128,2.545252e-02,
25,V,2,2,1.8245418071746826,92.987,126,128,2.974474e-02,
25,V,3,3,2.039685010910034,63.642,125,127,2.663884e-02,
25,V,4,4,1.8624684810638428,78.788,126,128,2.752591e-02,
25,V,5,5,2.347639799118042,58.763,126,128,2.985950e-02,
25,V,6,6,2.387134552001953,72.961,126,128,3.398685e-02,
25,V,7,7,1.8820679187774658,75.065,126,128,2.665989e-02,
25,O,0,0,3.6880359649658203,27.93,125,128,2.691770e-02,
25,O,1,0,2.5767273902893066,73.252,126,128,3.045713e-02,
25,O,2,0,2.78167724609375,44.88,125,128,2.573607e-02,
25,O,3,0,2.5209553241729736,64.351,125,128,2.792879e-02,
25,O,4,1,2.2467281818389893,67.55,125,128,2.550203e-02,
25,O,5,1,2.7669148445129395,37.639,125,128,2.344367e-02,
25,O,6,1,2.288158893585205,57.699,125,128,2.400384e-02,
25,O,7,1,2.4253461360931396,46.289,124,128,2.278885e-02,
25,O,8,2,2.591963291168213,61.19,126,128,2.800143e-02,
25,O,9,2,2.5568673610687256,62.443,126,128,2.790370e-02,
25,O,10,2,2.232975482940674,71.376,126,128,2.605385e-02,
25,O,11,2,2.1458911895751953,74.782,126,128,2.562816e-02,
25,O,12,3,2.3490872383117676,56.211,124,128,2.432330e-02,
25,O,13,3,3.292133092880249,24.77,125,128,2.262836e-02,
25,O,14,3,2.3267343044281006,67.839,123,127,2.646647e-02,
25,O,15,3,2.309804916381836,54.86,124,128,2.362733e-02,
25,O,16,4,2.63088321685791,50.453,125,128,2.580800e-02,
25,O,17,4,2.4028353691101074,61.692,125,128,2.606450e-02,
25,O,18,4,2.4811551570892334,62.822,125,128,2.715953e-02,
25,O,19,4,2.84433650970459,38.556,125,128,2.439131e-02,
25,O,20,5,3.4092791080474854,32.181,125,128,2.671011e-02,
25,O,21,5,3.1133811473846436,41.707,125,128,2.776805e-02,
25,O,22,5,3.7375097274780273,28.004,126,128,2.731529e-02,
25,O,23,5,2.82464861869812,43.197,125,128,2.563904e-02,
25,O,24,6,2.5758352279663086,68.021,126,128,2.933939e-02,
25,O,25,6,2.812786817550659,69.628,125,128,3.241455e-02,
25,O,26,6,2.6552224159240723,52.422,125,128,2.655011e-02,
25,O,27,6,3.390305280685425,29.74,126,128,2.553395e-02,
25,O,28,7,3.145233392715454,35.903,125,128,2.602728e-02,
25,O,29,7,2.5062782764434814,72.794,122,128,2.953176e-02,
25,O,30,7,2.648714065551758,49.591,124,128,2.576016e-02,
25,O,31,7,2.401902914047241,53.787,125,128,2.432790e-02,
25,VO,0,0,7.602920055389404,18.855,124,128,,
25,VO,1,0,4.649178981781006,60.401,125,128,,
25,VO,2,0,5.189465045928955,34.588,125,128,,
25,VO,3,0,4.500303745269775,53.351,125,128,,
25,VO,4,1,3.4759483337402344,50.926,125,128,,
25,VO,5,1,4.265817165374756,28.693,125,128,,
25,VO,6,1,3.3784070014953613,47.142,125,128,,
25,VO,7,1,3.836250066757202,34.368,124,128,,
25,VO,8,2,4.381364345550537,52.05,125,128,,
25,VO,9,2,4.293604373931885,53.884,125,128,,
25,VO,10,2,3.782367467880249,60.609,125,128,,
25,VO,11,2,3.448699474334717,70.091,125,128,,
25,VO,12,3,3.8170769214630127,44.81,123,127,,
25,VO,13,3,4.586366176605225,26.633,124,127,,
25,VO,14,3,3.623237133026123,57.925,123,127,,
25,VO,15,3,3.6362180709838867,45.303,123,127,,
25,VO,16,4,4.553386211395264,37.071,125,128,,
25,VO,17,4,3.7832090854644775,52.902,125,128,,
25,VO,18,4,4.210057735443115,46.549,125,128,,
25,VO,19,4,4.7170915603637695,29.685,125,128,,
25,VO,20,5,7.361672401428223,18.903,124,128,,
25,VO,21,5,5.569000720977783,33.208,124,128,,
25,VO,22,5,7.902467250823975,16.484,124,128,,
25,VO,23,5,5.905306816101074,25.812,124,128,,
25,VO,24,6,4.947843074798584,59.017,125,128,,
25,VO,25,6,6.068667411804199,48.882,124,128,,
25,VO,26,6,5.747736930847168,36.918,124,128,,
25,VO,27,6,7.765390872955322,19.575,124,128,,
25,VO,28,7,4.999032974243164,29.315,125,128,,
25,VO,29,7,3.6857800483703613,69.243,122,127,,
25,VO,30,7,4.217339038848877,39.798,125,128,,
25,VO,31,7,3.668260097503662,47.237,125,128,,
26,Q,0,0,5.292468070983887,14.622,124,128,2.575271e-02,
26,Q,1,0,5.52212381362915,11.568,124,128,2.401797e-02,
26,Q,2,0,5.2791972160339355,11.005,120,127,2.231343e-02,
26,Q,3,0,4.991646766662598,18.999,122,128,2.773510e-02,
26,Q,4,1,6.171458721160889,10.91,122,128,2.588474e-02,
26,Q,5,1,5.298137187957764,13.734,120,127,2.498007e-02,
26,Q,6,1,5.519513130187988,12.486,124,128,2.474667e-02,
26,Q,7,1,5.303737163543701,16.166,121,127,2.710598e-02,
26,Q,8,2,6.0132951736450195,12.924,123,127,2.769701e-02,
26,Q,9,2,5.175289630889893,16.368,123,127,2.698591e-02,
26,Q,10,2,5.691281318664551,13.714,123,127,2.698795e-02,
26,Q,11,2,5.550082683563232,14.1,123,127,2.657196e-02,
26,Q,12,3,5.282983779907227,16.672,121,127,2.743123e-02,
26,Q,13,3,5.193362712860107,14.229,123,128,2.508488e-02,
26,Q,14,3,5.283313274383545,12.984,119,127,2.444697e-02,
26,Q,15,3,5.602599143981934,11.334,120,127,2.390311e-02,
26,Q,16,4,6.43115234375,10.771,123,128,2.634138e-02,
26,Q,17,4,6.292474746704102,11.75,123,127,2.722250e-02,
26,Q,18,4,5.676225185394287,13.006,122,128,2.560979e-02,
26,Q,19,4,5.789783477783203,12.806,123,127,2.593153e-02,
26,Q,20,5,6.028726577758789,11.948,123,128,2.603898e-02,
26,Q,21,5,5.53967809677124,14.81,124,128,2.705635e-02,
26,Q,22,5,5.992831230163574,12.047,124,128,2.606839e-02,
26,Q,23,5,5.760157585144043,11.987,124,128,2.533630e-02,
26,Q,24,6,6.119078636169434,12.489,123,128,2.721569e-02,
26,Q,25,6,7.005737781524658,9.397,121,128,2.698062e-02,
26,Q,26,6,5.775620937347412,11.672,119,127,2.486447e-02,
26,Q,27,6,5.906891822814941,12.083,123,128,2.583222e-02,
26,Q,28,7,5.292395114898682,15.191,124,128,2.611476e-02,
26,Q,29,7,5.449179172515869,14.325,123,128,2.604036e-02,
26,Q,30,7,5.080491065979004,17.318,125,128,2.687873e-02,
26,Q,31,7,5.678062915802002,12.167,121,128,2.486324e-02,
26,K,0,0,3.711449384689331,22.118,123,127,2.221839e-02,
26,K,1,1,3.7841005325317383,24.505,120,127,2.334932e-02,
26,K,2,2,3.658144950866699,34.932,122,127,2.802305e-02,
26,K,3,3,3.384086847305298,28.9,121,127,2.267635e-02,
26,K,4,4,4.307690620422363,22.911,121,127,2.536850e-02,
26,K,5,5,4.321129322052002,22.563,121,127,2.570301e-02,
26,K,6,6,3.937620162963867,26.63,120,127,2.515427e-02,
26,K,7,7,3.9060983657836914,27.233,122,127,2.548176e-02,
26,V,0,0,2.8149619102478027,53.766,125,128,2.612036e-02,
26,V,1,1,2.481127977371216,60.027,126,128,2.453454e-02,
26,V,2,2,2.4555883407592773,86.103,126,128,2.971439e-02,
26,V,3,3,2.631869316101074,78.481,125,127,2.935720e-02,
26,V,4,4,2.4806647300720215,93.512,126,128,3.076235e-02,
26,V,5,5,2.667971611022949,86.929,126,128,3.163881e-02,
26,V,6,6,2.9486279487609863,58.949,125,128,2.899714e-02,
26,V,7,7,2.218057870864868,88.418,126,128,2.713880e-02,
26,O,0,0,2.741534948348999,35.124,124,128,2.243928e-02,
26,O,1,0,3.3968420028686523,33.071,124,127,2.697784e-02,
26,O,2,0,3.2237308025360107,42.343,124,128,2.897084e-02,
26,O,3,0,2.5522236824035645,45.553,124,128,2.378960e-02,
26,O,4,1,2.3892524242401123,57.913,125,128,2.511093e-02,
26,O,5,1,2.5156071186065674,42.777,125,128,2.272251e-02,
26,O,6,1,3.1625113487243652,46.887,125,128,2.990687e-02,
26,O,7,1,2.1089041233062744,51.778,125,128,2.095754e-02,
26,O,8,2,2.959113359451294,41.039,125,128,2.618000e-02,
26,O,9,2,2.8468728065490723,47.239,125,128,2.702277e-02,
26,O,10,2,2.902780055999756,45.693,125,128,2.709864e-02,
26,O,11,2,2.6210062503814697,47.369,124,128,2.491302e-02,
26,O,12,3,3.0739285945892334,46.085,124,128,2.881939e-02,
26,O,13,3,2.8490986824035645,52.958,124,128,2.863411e-02,
26,O,14,3,2.51369047164917,49.892,125,128,2.452109e-02,
26,O,15,3,2.2273693084716797,64.053,124,128,2.461907e-02,
26,O,16,4,2.67529559135437,85.695,126,128,3.420262e-02,
26,O,17,4,2.1174092292785645,72.196,126,128,2.484690e-02,
26,O,18,4,2.0165789127349854,81.524,126,128,2.514595e-02,
26,O,19,4,2.235121011734009,69.224,126,128,2.568272e-02,
26,O,20,5,2.3812012672424316,65.791,126,128,2.667415e-02,
26,O,21,5,2.81545090675354,77.586,126,128,3.424915e-02,
26,O,22,5,2.229452133178711,81.943,126,128,2.787178e-02,
26,O,23,5,2.7900478839874268,53.66,126,128,2.822586e-02,
26,O,24,6,3.030534267425537,38.601,125,128,2.600347e-02,
26,O,25,6,3.2103629112243652,54.824,125,128,3.282836e-02,
26,O,26,6,2.141296863555908,52.547,126,128,2.143683e-02,
26,O,27,6,2.2252533435821533,65.863,126,128,2.494086e-02,
26,O,28,7,2.282323122024536,73.946,126,128,2.710479e-02,
26,O,29,7,2.2326061725616455,66.628,126,128,2.516816e-02,
26,O,30,7,2.311039686203003,81.41,126,128,2.879768e-02,
26,O,31,7,2.0166985988616943,67.933,126,128,2.295578e-02,
26,VO,0,0,7.390036106109619,15.656,124,127,,
26,VO,1,0,7.756429195404053,22.195,122,127,,
26,VO,2,0,7.093339443206787,31.009,122,127,,
26,VO,3,0,5.1519951820373535,37.024,124,127,,
26,VO,4,1,4.773175239562988,43.844,123,128,,
26,VO,5,1,4.444790840148926,36.837,125,128,,
26,VO,6,1,7.678284645080566,24.742,123,128,,
26,VO,7,1,3.751591444015503,43.441,126,128,,
26,VO,8,2,6.781013488769531,32.294,124,128,,
26,VO,9,2,6.398872375488281,37.751,125,128,,
26,VO,10,2,6.345239162445068,38.884,125,128,,
26,VO,11,2,5.86306095123291,38.177,124,128,,
26,VO,12,3,6.8611884117126465,39.485,123,126,,
26,VO,13,3,7.212530136108398,36.093,123,126,,
26,VO,14,3,5.827767372131348,40.054,123,127,,
26,VO,15,3,5.4396538734436035,46.623,123,127,,
26,VO,16,4,6.331839084625244,70.258,125,127,,
26,VO,17,4,4.75172233581543,64.164,126,128,,
26,VO,18,4,4.512150287628174,73.407,125,128,,
26,VO,19,4,5.123847484588623,60.099,125,128,,
26,VO,20,5,6.182069301605225,49.355,124,128,,
26,VO,21,5,7.003304481506348,62.163,125,127,,
26,VO,22,5,5.439441204071045,66.044,125,128,,
26,VO,23,5,6.724290370941162,46.706,124,127,,
26,VO,24,6,8.801308631896973,21.035,121,128,,
26,VO,25,6,9.298210144042969,29.749,120,127,,
26,VO,26,6,3.8315937519073486,60.116,126,128,,
26,VO,27,6,5.752774715423584,41.301,123,128,,
26,VO,28,7,4.800884246826172,57.09,125,128,,
26,VO,29,7,4.425976276397705,58.047,125,128,,
26,VO,30,7,4.651795864105225,68.318,125,128,,
26,VO,31,7,3.800973415374756,64.734,126,128,,
27,Q,0,0,5.640449047088623,16.073,125,128,2.698103e-02,
27,Q,1,0,4.70405912399292,21.337,124,128,2.593069e-02,
27,Q,2,0,5.079268932342529,19.047,124,128,2.658313e-02,
27,Q,3,0,5.224609851837158,16.872,124,128,2.551251e-02,
27,Q,4,1,5.6175642013549805,16.428,124,128,2.708458e-02,
27,Q,5,1,4.81199312210083,22.717,124,128,2.754839e-02,
27,Q,6,1,5.525747299194336,17.106,124,128,2.734054e-02,
27,Q,7,1,5.118623733520508,18.254,122,128,2.625622e-02,
27,Q,8,2,6.421245574951172,12.776,123,128,2.716797e-02,
27,Q,9,2,5.33830451965332,17.831,124,127,2.701721e-02,
27,Q,10,2,5.392807483673096,13.611,121,127,2.352942e-02,
27,Q,11,2,5.632767200469971,16.659,124,128,2.761946e-02,
27,Q,12,3,5.620849609375,15.561,122,127,2.598866e-02,
27,Q,13,3,5.7315497398376465,14.706,123,128,2.607519e-02,
27,Q,14,3,5.454165458679199,16.67,123,128,2.638244e-02,
27,Q,15,3,5.753672122955322,11.656,117,127,2.254482e-02,
27,Q,16,4,7.120585918426514,10.284,123,128,2.618655e-02,
27,Q,17,4,5.375289440155029,17.141,121,128,2.651388e-02,
27,Q,18,4,6.268332004547119,11.303,120,127,2.498900e-02,
27,Q,19,4,5.8499755859375,13.585,120,127,2.572496e-02,
27,Q,20,5,6.275474548339844,11.314,123,128,2.477841e-02,
27,Q,21,5,5.941630840301514,12.551,124,128,2.484617e-02,
27,Q,22,5,5.159487247467041,19.847,124,128,2.745960e-02,
27,Q,23,5,5.707815647125244,12.231,122,128,2.341304e-02,
27,Q,24,6,6.065594673156738,12.76,124,128,2.551518e-02,
27,Q,25,6,5.837985992431641,12.363,122,128,2.420007e-02,
27,Q,26,6,6.263891220092773,10.296,123,128,2.358298e-02,
27,Q,27,6,5.953317165374756,11.529,123,128,2.370897e-02,
27,Q,28,7,5.27910041809082,17.89,123,128,2.657896e-02,
27,Q,29,7,5.206980228424072,18.334,124,128,2.638408e-02,
27,Q,30,7,5.565356731414795,14.865,123,128,2.547186e-02,
27,Q,31,7,4.82622766494751,20.518,124,128,2.586347e-02,
27,K,0,0,4.2832841873168945,26.441,123,128,2.589540e-02,
27,K,1,1,4.097008228302002,28.288,123,128,2.503370e-02,
27,K,2,2,3.395508050918579,39.77,123,127,2.545753e-02,
27,K,3,3,3.459334373474121,35.421,123,127,2.370478e-02,
27,K,4,4,3.7928435802459717,28.755,113,125,2.286817e-02,
27,K,5,5,5.076507091522217,15.662,119,127,2.321648e-02,
27,K,6,6,4.127630233764648,18.366,119,127,2.025034e-02,
27,K,7,7,4.254302501678467,25.49,121,127,2.528291e-02,
27,V,0,0,2.8928442001342773,63.042,125,127,2.745907e-02,
27,V,1,1,2.4341342449188232,92.264,126,128,2.739647e-02,
27,V,2,2,2.7398488521575928,79.724,126,128,3.031683e-02,
27,V,3,3,2.5714643001556396,65.29,126,128,2.520568e-02,
27,V,4,4,2.8117785453796387,60.353,125,128,2.516778e-02,
27,V,5,5,3.638962745666504,44.984,125,127,2.922282e-02,
27,V,6,6,2.923361301422119,75.034,126,128,2.982095e-02,
27,V,7,7,2.5742409229278564,91.74,126,128,3.034522e-02,
27,O,0,0,2.9425442218780518,42.738,124,128,2.656696e-02,
27,O,1,0,3.0979881286621094,38.12,124,128,2.641598e-02,
27,O,2,0,2.680917263031006,44.109,125,128,2.458985e-02,
27,O,3,0,3.064544916152954,33.688,123,127,2.456496e-02,
27,O,4,1,2.095381736755371,77.796,125,128,2.552422e-02,
27,O,5,1,2.257823944091797,77.631,125,128,2.747386e-02,
27,O,6,1,2.2068185806274414,84.823,125,128,2.806954e-02,
27,O,7,1,2.506052017211914,52.511,126,128,2.507980e-02,
27,O,8,2,2.5090627670288086,58.354,123,127,2.647032e-02,
27,O,9,2,2.7625110149383545,52.992,125,128,2.777290e-02,
27,O,10,2,3.051429510116577,28.756,125,128,2.259864e-02,
27,O,11,2,2.521942138671875,68.053,125,128,2.873218e-02,
27,O,12,3,2.0098066329956055,64.439,126,128,2.228127e-02,
27,O,13,3,2.2963600158691406,66.8,124,128,2.592025e-02,
27,O,14,3,2.240756034851074,65.839,123,128,2.511001e-02,
27,O,15,3,2.403214693069458,55.978,125,128,2.483194e-02,
27,O,16,4,3.100708484649658,56.721,124,128,3.225113e-02,
27,O,17,4,2.2877602577209473,54.769,125,128,2.338246e-02,
27,O,18,4,2.0447640419006348,56.336,125,128,2.119576e-02,
27,O,19,4,2.4070680141448975,43.367,125,128,2.189176e-02,
27,O,20,5,3.2619004249572754,26.508,125,128,2.319356e-02,
27,O,21,5,3.3995511531829834,35.165,125,128,2.784104e-02,
27,O,22,5,3.1854803562164307,40.385,125,128,2.795748e-02,
27,O,23,5,3.1567554473876953,32.916,124,128,2.501255e-02,
27,O,24,6,2.613863468170166,48.992,125,128,2.526712e-02,
27,O,25,6,2.1913115978240967,75.124,126,128,2.623034e-02,
27,O,26,6,2.9705090522766113,61.48,126,128,3.216684e-02,
27,O,27,6,2.6747376918792725,52.089,125,128,2.666020e-02,
27,O,28,7,2.36274790763855,70.694,126,128,2.743592e-02,
27,O,29,7,2.454125165939331,60.477,126,128,2.635744e-02,
27,O,30,7,2.325943946838379,80.393,126,128,2.880180e-02,
27,O,31,7,2.2975051403045654,78.745,125,128,2.815657e-02,
27,VO,0,0,7.483585834503174,26.831,123,127,,
27,VO,1,0,7.895144462585449,24.998,122,126,,
27,VO,2,0,6.6187310218811035,30.463,123,127,,
27,VO,3,0,8.239274024963379,20.695,121,126,,
27,VO,4,1,4.442951202392578,74.062,125,128,,
27,VO,5,1,4.806119441986084,73.516,124,128,,
27,VO,6,1,4.909265041351318,74.053,124,127,,
27,VO,7,1,4.683629512786865,63.072,126,128,,
27,VO,8,2,6.172094821929932,45.378,123,128,,
27,VO,9,2,6.076948165893555,51.182,124,128,,
27,VO,10,2,8.026909828186035,20.18,124,128,,
27,VO,11,2,6.331581115722656,51.939,124,128,,
27,VO,12,3,4.832871913909912,36.832,125,128,,
27,VO,13,3,4.508071422576904,59.325,122,128,,
27,VO,14,3,5.051132678985596,45.381,121,127,,
27,VO,15,3,3.9036524295806885,67.358,125,128,,
27,VO,16,4,8.33414077758789,31.553,122,127,,
27,VO,17,4,5.785707473754883,33.78,124,128,,
27,VO,18,4,4.970959186553955,36.338,124,128,,
27,VO,19,4,5.4070820808410645,32.798,124,128,,
27,VO,20,5,10.255354881286621,13.697,123,127,,
27,VO,21,5,10.51026439666748,18.632,122,126,,
27,VO,22,5,10.181862831115723,18.892,123,126,,
27,VO,23,5,10.237786293029785,16.201,121,126,,
27,VO,24,6,7.119020938873291,34.338,124,128,,
27,VO,25,6,5.517273426055908,59.304,125,128,,
27,VO,26,6,8.168951988220215,42.048,124,128,,
27,VO,27,6,6.979526042938232,39.241,124,128,,
27,VO,28,7,5.179252624511719,69.11,125,128,,
27,VO,29,7,5.772672653198242,52.243,125,128,,
27,VO,30,7,5.166323661804199,76.824,125,128,,
27,VO,31,7,5.465214729309082,66.612,124,128,,
28,Q,0,0,6.5587968826293945,9.824,121,128,2.495820e-02,
28,Q,1,0,6.044169902801514,13.891,124,128,2.753325e-02,
28,Q,2,0,5.484652519226074,13.943,121,127,2.503264e-02,
28,Q,3,0,6.244573593139648,10.505,119,127,2.455779e-02,
28,Q,4,1,5.591897010803223,14.809,123,127,2.694360e-02,
28,Q,5,1,5.9060378074646,13.364,123,128,2.689438e-02,
28,Q,6,1,5.281449317932129,16.394,123,128,2.685051e-02,
28,Q,7,1,5.433318614959717,15.573,121,127,2.722080e-02,
28,Q,8,2,5.446672439575195,15.532,124,128,2.684375e-02,
28,Q,9,2,5.619703769683838,14.351,124,128,2.644289e-02,
28,Q,10,2,6.281455993652344,12.398,124,128,2.749979e-02,
28,Q,11,2,5.803188323974609,13.497,123,128,2.659448e-02,
28,Q,12,3,5.744542121887207,13.207,121,127,2.619065e-02,
28,Q,13,3,5.107770919799805,17.464,123,128,2.673596e-02,
28,Q,14,3,6.030829429626465,13.864,124,128,2.823354e-02,
28,Q,15,3,6.079728126525879,13.034,124,128,2.698034e-02,
28,Q,16,4,6.157313823699951,11.976,121,128,2.634207e-02,
28,Q,17,4,6.05979585647583,13.832,124,128,2.771730e-02,
28,Q,18,4,6.238210678100586,11.969,122,128,2.686831e-02,
28,Q,19,4,5.570423126220703,15.883,124,128,2.765624e-02,
28,Q,20,5,4.750497817993164,20.759,125,128,2.735049e-02,
28,Q,21,5,6.842893600463867,9.143,123,128,2.412543e-02,
28,Q,22,5,6.159904956817627,13.393,123,128,2.711907e-02,
28,Q,23,5,6.453750133514404,7.552,115,126,1.929350e-02,
28,Q,24,6,5.714571475982666,14.204,123,128,2.714108e-02,
28,Q,25,6,5.130756855010986,17.863,124,127,2.733356e-02,
28,Q,26,6,5.985197067260742,13.349,124,128,2.736283e-02,
28,Q,27,6,6.139206409454346,12.686,123,128,2.754887e-02,
28,Q,28,7,4.605888843536377,22.426,121,127,2.788081e-02,
28,Q,29,7,4.645575523376465,19.929,120,126,2.563528e-02,
28,Q,30,7,6.223842620849609,10.152,123,127,2.323779e-02,
28,Q,31,7,4.871558666229248,17.83,121,126,2.562040e-02,
28,K,0,0,3.910639762878418,24.073,119,127,2.080848e-02,
28,K,1,1,3.822230577468872,29.979,122,127,2.639098e-02,
28,K,2,2,3.834139823913574,31.356,121,127,2.575648e-02,
28,K,3,3,4.201583385467529,27.329,123,128,2.651645e-02,
28,K,4,4,4.633993625640869,21.973,121,127,2.531673e-02,
28,K,5,5,3.7580716609954834,22.936,120,127,1.747809e-02,
28,K,6,6,3.920133352279663,30.091,123,127,2.701125e-02,
28,K,7,7,4.283975124359131,22.728,123,127,2.605474e-02,
28,V,0,0,3.0551531314849854,56.366,125,128,2.757273e-02,
28,V,1,1,2.3188669681549072,95.427,126,128,3.001770e-02,
28,V,2,2,2.5558242797851562,87.327,126,128,3.093644e-02,
28,V,3,3,2.7096872329711914,82.748,126,128,3.159952e-02,
28,V,4,4,3.1769559383392334,62.641,126,128,3.160354e-02,
28,V,5,5,2.756756067276001,58.914,125,127,2.429489e-02,
28,V,6,6,2.787238359451294,71.782,126,128,3.068935e-02,
28,V,7,7,2.6987743377685547,62.378,125,128,2.691889e-02,
28,O,0,0,3.0460171699523926,36.407,125,128,2.538248e-02,
28,O,1,0,2.7234086990356445,55.142,125,128,2.792973e-02,
28,O,2,0,2.7321407794952393,41.292,125,128,2.424632e-02,
28,O,3,0,3.113774061203003,36.668,123,128,2.603995e-02,
28,O,4,1,2.527320623397827,54.632,125,128,2.579861e-02,
28,O,5,1,2.135073184967041,79.412,124,128,2.627649e-02,
28,O,6,1,2.281018018722534,73.515,124,128,2.701011e-02,
28,O,7,1,2.455066204071045,64.634,126,128,2.725867e-02,
28,O,8,2,2.594247817993164,54.327,125,128,2.640774e-02,
28,O,9,2,2.561927318572998,64.894,126,128,2.850220e-02,
28,O,10,2,2.376265525817871,67.701,125,128,2.700254e-02,
28,O,11,2,2.211236000061035,73.152,126,128,2.611910e-02,
28,O,12,3,2.260490655899048,59.53,125,128,2.408682e-02,
28,O,13,3,2.5063395500183105,59.675,125,128,2.673905e-02,
28,O,14,3,2.9499268531799316,50.764,125,128,2.902672e-02,
28,O,15,3,2.5461204051971436,66.772,125,128,2.873332e-02,
28,O,16,4,2.694056749343872,46.548,125,128,2.538446e-02,
28,O,17,4,2.4456803798675537,78.061,126,128,2.984208e-02,
28,O,18,4,2.494445323944092,62.381,126,128,2.720892e-02,
28,O,19,4,3.2490427494049072,36.664,126,128,2.716974e-02,
28,O,20,5,2.9410207271575928,48.425,122,127,2.826463e-02,
28,O,21,5,2.474771738052368,37.661,124,128,2.097459e-02,
28,O,22,5,2.3798987865448,48.207,124,128,2.282039e-02,
28,O,23,5,2.9587292671203613,33.471,123,128,2.364009e-02,
28,O,24,6,3.0362672805786133,38.335,125,128,2.596258e-02,
28,O,25,6,2.4468510150909424,62.15,126,128,2.664032e-02,
28,O,26,6,2.7053146362304688,53.308,125,128,2.727871e-02,
28,O,27,6,2.876546859741211,42.683,125,128,2.595423e-02,
28,O,28,7,3.0248851776123047,33.925,125,128,2.433216e-02,
28,O,29,7,3.464465618133545,24.402,124,128,2.363545e-02,
28,O,30,7,2.9889285564422607,34.976,122,128,2.441242e-02,
28,O,31,7,3.001335859298706,32.381,125,128,2.358695e-02,
28,VO,0,0,6.876446723937988,27.197,123,128,,
28,VO,1,0,6.743038654327393,38.583,123,128,,
28,VO,2,0,7.646341323852539,22.043,124,127,,
28,VO,3,0,9.362520217895508,20.533,119,127,,
28,VO,4,1,5.516341686248779,46.677,124,128,,
28,VO,5,1,4.472078323364258,72.735,123,127,,
28,VO,6,1,4.60392427444458,72.345,123,128,,
28,VO,7,1,4.889577865600586,65.58,125,128,,
28,VO,8,2,6.199047565460205,42.968,124,128,,
28,VO,9,2,6.230363845825195,49.84,125,128,,
28,VO,10,2,5.3748602867126465,59.696,124,128,,
28,VO,11,2,4.787679195404053,69.081,125,128,,
28,VO,12,3,5.0682854652404785,55.008,125,128,,
28,VO,13,3,6.278806686401367,45.078,125,128,,
28,VO,14,3,7.624945640563965,37.959,124,128,,
28,VO,15,3,5.514430522918701,66.379,125,128,,
28,VO,16,4,7.2869553565979,32.938,124,128,,
28,VO,17,4,6.766424655914307,50.272,125,128,,
28,VO,18,4,6.458045482635498,47.121,125,128,,
28,VO,19,4,10.21418571472168,19.543,125,128,,
28,VO,20,5,6.082966327667236,40.024,119,126,,
28,VO,21,5,4.365345001220703,42.728,122,127,,
28,VO,22,5,4.666067123413086,43.201,123,127,,
28,VO,23,5,5.381698131561279,34.705,121,127,,
28,VO,24,6,7.433915615081787,27.994,125,128,,
28,VO,25,6,5.729179382324219,49.73,125,128,,
28,VO,26,6,6.451937675476074,41.725,125,128,,
28,VO,27,6,7.02768087387085,32.585,124,128,,
28,VO,28,7,5.740328311920166,32.877,125,128,,
28,VO,29,7,5.615342140197754,32.232,124,128,,
28,VO,30,7,6.470202445983887,27.198,122,128,,
28,VO,31,7,6.564240455627441,23.883,124,128,,
29,Q,0,0,8.81641674041748,11.555,123,127,2.607483e-02,
29,Q,1,0,8.696708679199219,11.933,123,128,2.701789e-02,
29,Q,2,0,9.324386596679688,10.239,123,128,2.597211e-02,
29,Q,3,0,9.235038757324219,10.44,123,128,2.552527e-02,
29,Q,4,1,10.379940032958984,10.167,121,128,2.853780e-02,
29,Q,5,1,8.324057579040527,13.519,121,128,2.589405e-02,
29,Q,6,1,9.373162269592285,11.226,119,127,2.768882e-02,
29,Q,7,1,8.145578384399414,13.842,121,128,2.559774e-02,
29,Q,8,2,9.836761474609375,11.418,122,128,3.000020e-02,
29,Q,9,2,9.310317993164062,10.333,120,127,2.496702e-02,
29,Q,10,2,10.244051933288574,9.529,121,126,2.788385e-02,
29,Q,11,2,12.289789199829102,5.252,112,120,2.286041e-02,
29,Q,12,3,10.567682266235352,6.971,119,127,2.363872e-02,
29,Q,13,3,10.263404846191406,8.263,118,124,2.418153e-02,
29,Q,14,3,10.500741958618164,6.19,117,127,2.251509e-02,
29,Q,15,3,10.649640083312988,7.32,120,127,2.368380e-02,
29,Q,16,4,8.496036529541016,13.44,122,128,2.758715e-02,
29,Q,17,4,8.434565544128418,11.981,119,127,2.666292e-02,
29,Q,18,4,8.993921279907227,11.975,121,128,2.743469e-02,
29,Q,19,4,9.687273025512695,11.7,122,128,3.004920e-02,
29,Q,20,5,6.91636323928833,20.526,125,128,2.896399e-02,
29,Q,21,5,7.87445068359375,16.369,125,128,2.926548e-02,
29,Q,22,5,8.542635917663574,11.867,124,128,2.679963e-02,
29,Q,23,5,6.675191402435303,22.619,125,128,2.914517e-02,
29,Q,24,6,7.7661261558532715,14.21,124,128,2.644294e-02,
29,Q,25,6,7.532012939453125,15.432,124,128,2.632529e-02,
29,Q,26,6,7.626864433288574,15.244,124,128,2.677569e-02,
29,Q,27,6,8.171021461486816,13.71,124,128,2.688698e-02,
29,Q,28,7,7.801118850708008,16.419,125,128,2.897254e-02,
29,Q,29,7,6.776560306549072,21.236,125,128,2.905141e-02,
29,Q,30,7,7.489622116088867,17.493,124,128,2.862357e-02,
29,Q,31,7,7.250484466552734,18.01,124,128,2.871250e-02,
29,K,0,0,5.526693820953369,26.026,119,127,2.227068e-02,
29,K,1,1,6.678781986236572,20.201,118,127,2.298178e-02,
29,K,2,2,5.18806791305542,32.745,118,127,2.084857e-02,
29,K,3,3,6.001927375793457,19.369,110,126,1.962357e-02,
29,K,4,4,7.062187194824219,17.94,119,127,2.324314e-02,
29,K,5,5,5.182389736175537,33.761,124,127,2.762133e-02,
29,K,6,6,6.098032474517822,23.347,121,127,2.640221e-02,
29,K,7,7,5.764096736907959,29.071,124,128,2.816175e-02,
29,V,0,0,3.6045353412628174,78.687,126,128,2.522753e-02,
29,V,1,1,3.8544256687164307,73.773,125,128,2.675778e-02,
29,V,2,2,3.749025344848633,68.564,125,128,2.249632e-02,
29,V,3,3,3.0590505599975586,81.596,126,128,1.968661e-02,
29,V,4,4,4.5324296951293945,92.981,126,128,3.073475e-02,
29,V,5,5,4.331536293029785,65.616,125,127,3.135032e-02,
29,V,6,6,3.6396913528442383,93.203,126,128,3.387314e-02,
29,V,7,7,4.4067792892456055,49.841,125,127,2.988881e-02,
29,O,0,0,2.0969223976135254,73.919,126,128,2.489835e-02,
29,O,1,0,2.1633620262145996,71.511,126,128,2.526546e-02,
29,O,2,0,2.1589763164520264,79.155,126,128,2.652762e-02,
29,O,3,0,2.1982336044311523,76.567,126,128,2.656468e-02,
29,O,4,1,2.462477207183838,69.227,124,128,2.829562e-02,
29,O,5,1,3.103893280029297,37.009,125,128,2.607791e-02,
29,O,6,1,2.0420260429382324,76.352,125,128,2.464233e-02,
29,O,7,1,3.1801376342773438,35.685,125,128,2.623599e-02,
29,O,8,2,3.325251340866089,42.968,124,128,3.010296e-02,
29,O,9,2,2.6492955684661865,42.984,125,128,2.398815e-02,
29,O,10,2,2.5474905967712402,63.493,125,128,2.803412e-02,
29,O,11,2,2.159417152404785,55.994,125,128,2.231604e-02,
29,O,12,3,1.973520040512085,64.767,126,128,2.193464e-02,
29,O,13,3,2.0325746536254883,77.11,125,128,2.464974e-02,
29,O,14,3,2.016122579574585,63.714,126,128,2.222510e-02,
29,O,15,3,2.247481346130371,68.792,125,128,2.574394e-02,
29,O,16,4,2.4766945838928223,80.506,125,128,3.069011e-02,
29,O,17,4,2.518404722213745,50.475,126,128,2.471015e-02,
29,O,18,4,2.866338014602661,70.749,125,128,3.329649e-02,
29,O,19,4,2.5993168354034424,64.514,126,128,2.883347e-02,
29,O,20,5,3.0499632358551025,45.928,125,128,2.854591e-02,
29,O,21,5,2.81953763961792,48.329,125,128,2.707036e-02,
29,O,22,5,3.1938974857330322,37.789,125,128,2.711514e-02,
29,O,23,5,2.747206926345825,56.618,125,128,2.854810e-02,
29,O,24,6,2.604015827178955,72.248,126,128,3.056802e-02,
29,O,25,6,2.378960132598877,69.36,126,128,2.736235e-02,
29,O,26,6,2.495897054672241,61.307,126,128,2.698927e-02,
29,O,27,6,2.427534341812134,68.94,126,128,2.783622e-02,
29,O,28,7,3.270977258682251,33.591,125,128,2.618190e-02,
29,O,29,7,3.2460639476776123,32.98,125,128,2.574504e-02,
29,O,30,7,2.7522542476654053,50.483,122,128,2.700685e-02,
29,O,31,7,3.233458995819092,31.085,125,128,2.489750e-02,
29,VO,0,0,6.358587265014648,64.447,125,128,,
29,VO,1,0,6.631343364715576,60.695,126,128,,
29,VO,2,0,7.328641414642334,55.261,126,128,,
29,VO,3,0,7.211312770843506,57.639,125,128,,
29,VO,4,1,8.727630615234375,49.58,121,127,,
29,VO,5,1,11.597709655761719,26.067,122,128,,
29,VO,6,1,7.373722553253174,51.564,123,127,,
29,VO,7,1,11.296576499938965,26.737,122,128,,
29,VO,8,2,10.693887710571289,31.797,122,127,,
29,VO,9,2,9.106306076049805,28.137,124,128,,
29,VO,10,2,7.120789527893066,60.816,124,127,,
29,VO,11,2,6.552584171295166,45.163,124,128,,
29,VO,12,3,4.70409631729126,67.504,126,128,,
29,VO,13,3,5.184417724609375,71.2,124,128,,
29,VO,14,3,5.385571002960205,53.449,125,128,,
29,VO,15,3,5.484065532684326,68.948,125,128,,
29,VO,16,4,10.28822135925293,70.851,124,127,,
29,VO,17,4,9.887192726135254,49.552,125,128,,
29,VO,18,4,11.982810020446777,61.764,124,127,,
29,VO,19,4,11.252744674682617,51.809,125,128,,
29,VO,20,5,12.07683277130127,28.44,124,126,,
29,VO,21,5,10.529172897338867,33.249,124,126,,
29,VO,22,5,12.834380149841309,23.586,123,126,,
29,VO,23,5,10.558483123779297,37.101,124,126,,
29,VO,24,6,8.75307846069336,62.41,125,128,,
29,VO,25,6,7.5001068115234375,67.311,125,128,,
29,VO,26,6,8.578353881835938,50.235,125,128,,
29,VO,27,6,8.03320598602295,61.15,125,128,,
29,VO,28,7,11.88733196258545,20.225,123,127,,
29,VO,29,7,13.739561080932617,14.956,123,127,,
29,VO,30,7,8.551932334899902,39.609,122,127,,
29,VO,31,7,13.706205368041992,14.082,123,127,,
30,Q,0,0,10.67208194732666,11.222,124,127,2.596519e-02,
30,Q,1,0,7.867617130279541,21.736,125,128,2.759059e-02,
30,Q,2,0,7.973730087280273,20.341,123,127,2.722586e-02,
30,Q,3,0,8.867598533630371,16.805,125,127,2.728553e-02,
30,Q,4,1,11.897900581359863,8.966,121,127,2.309101e-02,
30,Q,5,1,10.490044593811035,11.275,123,128,2.551584e-02,
30,Q,6,1,13.105751037597656,6.989,111,126,2.232113e-02,
30,Q,7,1,12.13105297088623,8.296,121,128,2.500611e-02,
30,Q,8,2,10.99093246459961,10.582,123,128,2.285428e-02,
30,Q,9,2,11.489262580871582,9.572,121,128,2.253178e-02,
30,Q,10,2,11.08917236328125,11.384,123,128,2.632500e-02,
30,Q,11,2,11.348231315612793,9.879,122,128,2.271807e-02,
30,Q,12,3,8.475996017456055,17.881,124,128,2.687264e-02,
30,Q,13,3,8.976316452026367,16.22,124,128,2.703985e-02,
30,Q,14,3,9.06486701965332,15.852,124,128,2.680872e-02,
30,Q,15,3,9.079375267028809,15.004,124,128,2.621295e-02,
30,Q,16,4,8.230913162231445,16.004,125,128,2.456052e-02,
30,Q,17,4,8.626659393310547,15.686,124,128,2.479403e-02,
30,Q,18,4,6.919308662414551,26.085,125,128,2.667278e-02,
30,Q,19,4,7.8414154052734375,19.904,125,128,2.609683e-02,
30,Q,20,5,9.702245712280273,12.987,125,128,2.542313e-02,
30,Q,21,5,7.824600696563721,21.298,125,128,2.685497e-02,
30,Q,22,5,7.661898612976074,20.571,125,128,2.591228e-02,
30,Q,23,5,8.694729804992676,14.566,124,128,2.439648e-02,
30,Q,24,6,11.767210960388184,8.82,122,128,2.349749e-02,
30,Q,25,6,11.286823272705078,10.245,122,128,2.316033e-02,
30,Q,26,6,12.105059623718262,8.448,122,128,2.337882e-02,
30,Q,27,6,11.367355346679688,9.204,121,128,2.246421e-02,
30,Q,28,7,9.06938362121582,16.525,124,127,2.734170e-02,
30,Q,29,7,9.129493713378906,15.93,124,127,2.722500e-02,
30,Q,30,7,8.401260375976562,18.955,124,127,2.750150e-02,
30,Q,31,7,10.099481582641602,12.835,124,127,2.660068e-02,
30,K,0,0,7.174266338348389,26.422,123,127,2.756602e-02,
30,K,1,1,5.819813251495361,34.17,122,127,2.375962e-02,
30,K,2,2,11.523695945739746,9.468,119,127,2.071564e-02,
30,K,3,3,6.72468376159668,28.517,123,127,2.689960e-02,
30,K,4,4,7.690308570861816,21.231,123,127,2.594587e-02,
30,K,5,5,8.012053489685059,20.703,123,127,2.620128e-02,
30,K,6,6,7.756696701049805,18.425,117,127,1.947471e-02,
30,K,7,7,7.106912136077881,27.016,124,127,2.769513e-02,
30,V,0,0,4.693546772003174,69.616,126,128,3.088822e-02,
30,V,1,1,3.622326135635376,76.701,125,128,2.343899e-02,
30,V,2,2,5.168405055999756,77.642,126,128,2.913520e-02,
30,V,3,3,4.444849491119385,88.729,126,128,3.278978e-02,
30,V,4,4,5.774668216705322,56.741,125,127,3.417265e-02,
30,V,5,5,4.296341419219971,71.235,125,128,2.759054e-02,
30,V,6,6,4.510881423950195,93.402,126,128,2.761731e-02,
30,V,7,7,4.275378704071045,85.209,126,128,3.074753e-02,
30,O,0,0,2.1894049644470215,84.818,125,128,2.784708e-02,
30,O,1,0,3.070070266723633,38.411,126,128,2.627775e-02,
30,O,2,0,2.189628839492798,74.936,126,128,2.617739e-02,
30,O,3,0,2.4489874839782715,58.745,125,128,2.592278e-02,
30,O,4,1,3.198636293411255,25.2,124,128,2.217560e-02,
30,O,5,1,2.3974475860595703,56.18,122,128,2.481700e-02,
30,O,6,1,1.8119803667068481,62.138,124,128,1.972619e-02,
30,O,7,1,2.218632936477661,57.265,124,128,2.318677e-02,
30,O,8,2,2.0344483852386475,77.885,126,128,2.479615e-02,
30,O,9,2,2.233612060546875,78.174,126,128,2.727410e-02,
30,O,10,2,2.560499668121338,86.196,126,128,3.283067e-02,
30,O,11,2,2.099614381790161,76.895,126,128,2.542731e-02,
30,O,12,3,3.3125853538513184,32.605,125,128,2.612286e-02,
30,O,13,3,2.915961503982544,47.196,124,128,2.766598e-02,
30,O,14,3,2.8727221488952637,53.801,125,128,2.910035e-02,
30,O,15,3,2.8899569511413574,43.204,124,128,2.623407e-02,
30,O,16,4,3.2952260971069336,38.768,125,128,2.833576e-02,
30,O,17,4,2.43098783493042,65.427,125,128,2.715632e-02,
30,O,18,4,2.7466063499450684,59.924,125,128,2.936350e-02,
30,O,19,4,3.6193034648895264,33.36,125,128,2.887019e-02,
30,O,20,5,2.805159330368042,34.292,124,128,2.268620e-02,
30,O,21,5,3.052356719970703,42.819,126,128,2.758438e-02,
30,O,22,5,2.661576271057129,55.391,125,128,2.735704e-02,
30,O,23,5,3.05795955657959,40.805,124,128,2.697723e-02,
30,O,24,6,2.3505630493164062,74.481,126,128,2.801605e-02,
30,O,25,6,2.137666702270508,78.253,126,128,2.611567e-02,
30,O,26,6,2.6262965202331543,65.477,126,128,2.934941e-02,
30,O,27,6,2.340949058532715,66.692,126,128,2.640223e-02,
30,O,28,7,2.622636079788208,50.413,125,128,2.571701e-02,
30,O,29,7,3.2144336700439453,39.64,125,128,2.794988e-02,
30,O,30,7,2.4071121215820312,63.636,126,128,2.651914e-02,
30,O,31,7,2.3394839763641357,64.275,124,128,2.590309e-02,
30,VO,0,0,7.761909484863281,80.51,125,128,,
30,VO,1,0,14.293190956115723,21.408,126,128,,
30,VO,2,0,9.842840194702148,44.626,126,128,,
30,VO,3,0,11.257967948913574,33.415,125,128,,
30,VO,4,1,8.575876235961914,25.36,125,128,,
30,VO,5,1,7.891500473022461,43.762,120,127,,
30,VO,6,1,5.5918450355529785,51.514,123,127,,
30,VO,7,1,7.68579626083374,40.144,122,127,,
30,VO,8,2,9.297386169433594,60.49,125,128,,
30,VO,9,2,10.15262222290039,61.877,125,128,,
30,VO,10,2,12.11967658996582,63.324,125,127,,
30,VO,11,2,9.488982200622559,61.153,125,128,,
30,VO,12,3,13.905974388122559,25.968,124,127,,
30,VO,13,3,12.221550941467285,37.494,124,127,,
30,VO,14,3,10.441137313842773,54.357,125,128,,
30,VO,15,3,11.912030220031738,35.372,123,127,,
30,VO,16,4,17.91852378845215,19.963,124,126,,
30,VO,17,4,8.41157054901123,77.916,124,126,,
30,VO,18,4,15.149893760681152,29.284,124,126,,
30,VO,19,4,19.226110458374023,18.415,123,126,,
30,VO,20,5,8.762717247009277,33.501,124,128,,
30,VO,21,5,12.194823265075684,27.984,124,128,,
30,VO,22,5,10.779494285583496,34.1,124,128,,
30,VO,23,5,12.26889705657959,27.693,123,128,,
30,VO,24,6,9.698229789733887,65.444,125,128,,
30,VO,25,6,8.618854522705078,71.92,125,128,,
30,VO,26,6,11.004598617553711,56.029,125,128,,
30,VO,27,6,9.726677894592285,57.842,125,128,,
30,VO,28,7,10.228540420532227,40.064,125,128,,
30,VO,29,7,12.434104919433594,33.157,124,128,,
30,VO,30,7,9.816084861755371,46.744,125,128,,
30,VO,31,7,8.528755187988281,58.23,124,128,,
31,Q,0,0,11.996417999267578,10.726,124,128,2.649011e-02,
31,Q,1,0,10.182891845703125,16.328,124,128,2.746145e-02,
31,Q,2,0,9.0560302734375,18.002,124,128,2.633430e-02,
31,Q,3,0,11.167618751525879,11.896,124,128,2.501086e-02,
31,Q,4,1,13.340383529663086,9.703,120,127,2.386217e-02,
31,Q,5,1,13.655293464660645,9.518,120,127,2.318762e-02,
31,Q,6,1,14.172298431396484,9.191,120,127,2.355530e-02,
31,Q,7,1,14.049328804016113,9.179,119,127,2.358712e-02,
31,Q,8,2,9.422280311584473,16.824,123,127,2.615482e-02,
31,Q,9,2,12.386902809143066,10.994,124,127,2.656014e-02,
31,Q,10,2,13.008122444152832,9.578,123,126,2.642163e-02,
31,Q,11,2,12.124996185302734,10.307,123,127,2.558363e-02,
31,Q,12,3,12.265898704528809,12.419,123,128,2.726353e-02,
31,Q,13,3,14.295568466186523,8.617,118,126,2.198172e-02,
31,Q,14,3,14.162199020385742,8.883,118,126,2.230579e-02,
31,Q,15,3,14.357380867004395,8.457,118,126,2.255909e-02,
31,Q,16,4,10.251264572143555,14.756,124,128,2.654882e-02,
31,Q,17,4,11.265701293945312,12.416,124,128,2.689018e-02,
31,Q,18,4,10.91314697265625,13.374,124,128,2.687152e-02,
31,Q,19,4,10.796969413757324,13.327,124,128,2.657944e-02,
31,Q,20,5,13.445171356201172,10.425,124,128,2.552258e-02,
31,Q,21,5,10.057522773742676,16.529,125,128,2.797621e-02,
31,Q,22,5,10.412259101867676,15.859,125,128,2.850658e-02,
31,Q,23,5,11.83156681060791,12.621,124,128,2.761487e-02,
31,Q,24,6,10.97011661529541,12.436,121,127,2.614344e-02,
31,Q,25,6,10.03441333770752,16.096,124,128,2.739258e-02,
31,Q,26,6,11.173608779907227,12.129,124,128,2.589402e-02,
31,Q,27,6,10.582690238952637,14.394,124,128,2.705150e-02,
31,Q,28,7,13.611897468566895,9.997,124,128,2.587674e-02,
31,Q,29,7,13.06427001953125,8.877,122,126,2.565298e-02,
31,Q,30,7,11.633984565734863,9.045,117,127,1.810725e-02,
31,Q,31,7,13.669352531433105,9.197,123,128,2.465114e-02,
31,K,0,0,10.8427734375,15.315,123,128,2.683328e-02,
31,K,1,1,10.206707954406738,15.2,116,127,1.912843e-02,
31,K,2,2,7.137148380279541,31.807,123,128,2.664902e-02,
31,K,3,3,15.22770881652832,8.058,118,127,2.035469e-02,
31,K,4,4,8.710882186889648,20.63,123,128,2.699885e-02,
31,K,5,5,13.47656536102295,12.055,123,128,2.592324e-02,
31,K,6,6,8.186246871948242,23.698,123,128,2.737176e-02,
31,K,7,7,9.011601448059082,19.581,118,127,1.738706e-02,
31,V,0,0,8.30221939086914,38.515,126,128,3.667129e-02,
31,V,1,1,5.976364612579346,84.37,125,128,2.803374e-02,
31,V,2,2,4.233754634857178,90.879,126,128,2.980386e-02,
31,V,3,3,6.865312099456787,73.438,126,128,3.150597e-02,
31,V,4,4,4.693938732147217,77.159,125,127,3.065079e-02,
31,V,5,5,5.969101428985596,74.113,126,128,2.977839e-02,
31,V,6,6,5.112916469573975,64.381,126,128,3.031399e-02,
31,V,7,7,5.743105888366699,67.53,125,128,2.509948e-02,
31,O,0,0,5.344987869262695,16.643,126,128,3.011471e-02,
31,O,1,0,2.2952980995178223,84.457,126,128,2.913185e-02,
31,O,2,0,2.7480216026306152,57.088,125,128,2.867499e-02,
31,O,3,0,2.6388461589813232,62.072,124,128,2.871272e-02,
31,O,4,1,2.652024507522583,59.765,125,128,2.831465e-02,
31,O,5,1,2.4710159301757812,68.057,125,128,2.815286e-02,
31,O,6,1,2.296692371368408,75.938,125,128,2.764028e-02,
31,O,7,1,2.3125946521759033,77.101,126,128,2.804396e-02,
31,O,8,2,2.512920618057251,56.914,125,128,2.618184e-02,
31,O,9,2,2.371915102005005,63.605,123,128,2.612504e-02,
31,O,10,2,2.3277742862701416,65.442,126,128,2.600648e-02,
31,O,11,2,2.6987600326538086,45.221,124,128,2.506377e-02,
31,O,12,3,2.491755723953247,86.943,126,128,3.208726e-02,
31,O,13,3,2.4728891849517822,65.462,126,128,2.763177e-02,
31,O,14,3,2.524869203567505,63.4,126,128,2.776479e-02,
31,O,15,3,2.275810480117798,79.909,126,128,2.809591e-02,
31,O,16,4,2.286099433898926,62.96,125,128,2.505168e-02,
31,O,17,4,2.6344923973083496,52.536,124,128,2.637156e-02,
31,O,18,4,2.820443868637085,46.587,125,128,2.658637e-02,
31,O,19,4,2.5246694087982178,56.483,123,128,2.620430e-02,
31,O,20,5,2.1500141620635986,75.015,125,128,2.571739e-02,
31,O,21,5,2.7093918323516846,46.198,126,128,2.543271e-02,
31,O,22,5,2.615380048751831,54.585,126,128,2.668599e-02,
31,O,23,5,2.5368175506591797,76.518,125,128,3.064649e-02,
31,O,24,6,3.303776979446411,27.893,124,128,2.409739e-02,
31,O,25,6,2.9981448650360107,44.859,125,128,2.773229e-02,
31,O,26,6,2.1797797679901123,67.434,124,128,2.472079e-02,
31,O,27,6,3.094827890396118,43.033,125,128,2.803816e-02,
31,O,28,7,2.6073670387268066,63.494,122,128,2.869325e-02,
31,O,29,7,2.781402826309204,51.482,125,128,2.756146e-02,
31,O,30,7,2.5892441272735596,31.248,125,128,1.998930e-02,
31,O,31,7,2.96378231048584,50.178,121,127,2.899444e-02,
31,VO,0,0,43.95792770385742,5.72,125,128,,
31,VO,1,0,11.490894317626953,69.663,126,128,,
31,VO,2,0,11.883561134338379,62.348,125,128,,
31,VO,3,0,12.288878440856934,58.815,124,128,,
31,VO,4,1,13.875707626342773,52.073,124,127,,
31,VO,5,1,13.210692405700684,56.942,123,127,,
31,VO,6,1,12.2158842086792,64.105,123,128,,
31,VO,7,1,12.442736625671387,63.471,124,128,,
31,VO,8,2,8.331517219543457,64.647,125,128,,
31,VO,9,2,9.261290550231934,53.466,123,128,,
31,VO,10,2,8.551774024963379,62.698,125,128,,
31,VO,11,2,9.564299583435059,46.085,124,128,,
31,VO,12,3,15.360869407653809,63.302,125,128,,
31,VO,13,3,14.365435600280762,53.064,125,128,,
31,VO,14,3,14.123059272766113,55.329,125,128,,
31,VO,15,3,13.686848640441895,59.896,125,128,,
31,VO,16,4,9.138440132141113,52.681,123,127,,
31,VO,17,4,10.776456832885742,42.739,122,126,,
31,VO,18,4,12.134123802185059,34.792,123,126,,
31,VO,19,4,9.619144439697266,51.478,122,126,,
31,VO,20,5,11.069802284240723,59.578,124,128,,
31,VO,21,5,13.109619140625,40.492,125,128,,
31,VO,22,5,13.034746170043945,45.393,125,128,,
31,VO,23,5,13.307500839233398,58.959,124,128,,
31,VO,24,6,16.165332794189453,16.688,124,128,,
31,VO,25,6,13.541295051574707,29.671,124,128,,
31,VO,26,6,8.363977432250977,58.118,124,128,,
31,VO,27,6,12.281003952026367,34.67,126,128,,
31,VO,28,7,12.563069343566895,50.185,118,127,,
31,VO,29,7,12.132584571838379,47.892,123,127,,
31,VO,30,7,14.617260932922363,17.423,125,128,,
31,VO,31,7,14.406021118164062,39.352,116,126,,
32,Q,0,0,17.44379234313965,9.924,118,127,2.283030e-02,
32,Q,1,0,14.002058029174805,13.809,124,128,2.715063e-02,
32,Q,2,0,15.359366416931152,11.833,121,128,2.341118e-02,
32,Q,3,0,17.147489547729492,10.056,119,127,2.264130e-02,
32,Q,4,1,15.420429229736328,11.356,122,128,2.711306e-02,
32,Q,5,1,16.677001953125,10.209,115,127,2.199929e-02,
32,Q,6,1,17.5289306640625,9.0,114,127,2.249550e-02,
32,Q,7,1,17.687747955322266,9.29,114,127,2.157204e-02,
32,Q,8,2,16.984121322631836,9.84,115,127,2.225955e-02,
32,Q,9,2,16.597087860107422,10.418,122,127,2.715020e-02,
32,Q,10,2,17.215492248535156,9.515,115,127,2.211922e-02,
32,Q,11,2,17.26298713684082,9.495,115,127,2.133139e-02,
32,Q,12,3,15.111734390258789,9.582,122,128,2.524737e-02,
32,Q,13,3,11.168415069580078,19.192,124,128,2.786171e-02,
32,Q,14,3,15.494403839111328,10.308,123,127,2.636166e-02,
32,Q,15,3,15.224761009216309,9.912,123,128,2.578236e-02,
32,Q,16,4,12.063396453857422,16.6,125,128,2.800349e-02,
32,Q,17,4,11.700913429260254,16.727,125,128,2.716940e-02,
32,Q,18,4,11.144768714904785,18.641,125,128,2.761055e-02,
32,Q,19,4,11.019454956054688,19.093,125,128,2.757797e-02,
32,Q,20,5,12.97481918334961,15.05,125,128,2.803926e-02,
32,Q,21,5,14.851446151733398,11.18,124,128,2.683639e-02,
32,Q,22,5,15.135380744934082,10.99,125,128,2.753037e-02,
32,Q,23,5,12.745250701904297,14.708,125,128,2.777690e-02,
32,Q,24,6,14.196310043334961,10.783,123,127,2.512566e-02,
32,Q,25,6,13.590367317199707,13.173,122,127,2.596790e-02,
32,Q,26,6,13.258415222167969,12.36,124,128,2.552986e-02,
32,Q,27,6,12.076421737670898,14.845,124,128,2.581401e-02,
32,Q,28,7,13.10639476776123,13.972,120,126,2.284331e-02,
32,Q,29,7,14.308294296264648,11.952,117,125,1.967930e-02,
32,Q,30,7,13.74695110321045,11.757,123,127,2.679273e-02,
32,Q,31,7,12.841343879699707,14.851,121,126,3.020553e-02,
32,K,0,0,13.764552116394043,15.087,115,127,1.940971e-02,
32,K,1,1,19.70738410949707,7.817,112,126,1.837480e-02,
32,K,2,2,16.07100486755371,11.52,114,126,1.887363e-02,
32,K,3,3,9.443255424499512,25.923,123,127,2.670546e-02,
32,K,4,4,12.333303451538086,18.101,123,128,2.762198e-02,
32,K,5,5,13.143858909606934,16.349,123,128,2.760587e-02,
32,K,6,6,11.624159812927246,16.184,122,128,2.580119e-02,
32,K,7,7,9.689610481262207,21.454,123,127,2.723314e-02,
32,V,0,0,7.6701178550720215,81.596,125,128,2.850671e-02,
32,V,1,1,9.210807800292969,74.559,125,128,2.987971e-02,
32,V,2,2,9.435348510742188,67.353,125,128,2.875806e-02,
32,V,3,3,5.873119354248047,71.695,126,128,3.108571e-02,
32,V,4,4,9.566783905029297,37.982,125,128,3.399371e-02,
32,V,5,5,7.718530654907227,46.681,126,128,3.078538e-02,
32,V,6,6,6.653789043426514,53.659,125,128,2.950547e-02,
32,V,7,7,5.488388538360596,66.927,125,128,2.740698e-02,
32,O,0,0,2.570307731628418,65.422,125,128,2.871155e-02,
32,O,1,0,2.2630720138549805,83.0,125,128,2.847389e-02,
32,O,2,0,2.3673617839813232,63.094,126,128,2.596979e-02,
32,O,3,0,2.4352121353149414,72.559,125,128,2.864785e-02,
32,O,4,1,2.5889711380004883,84.222,126,128,3.281331e-02,
32,O,5,1,2.256141185760498,77.17,126,128,2.737169e-02,
32,O,6,1,2.4148812294006348,73.719,126,128,2.863498e-02,
32,O,7,1,2.515612840652466,63.984,126,128,2.779019e-02,
32,O,8,2,2.5830304622650146,64.246,125,128,2.859320e-02,
32,O,9,2,2.6528282165527344,79.441,126,128,3.265439e-02,
32,O,10,2,2.362114429473877,66.831,126,128,2.666858e-02,
32,O,11,2,2.383342981338501,71.494,125,128,2.783123e-02,
32,O,12,3,2.3007256984710693,65.051,125,128,2.562737e-02,
32,O,13,3,3.485827922821045,32.0,125,128,2.723301e-02,
32,O,14,3,2.444195508956909,56.345,125,128,2.533804e-02,
32,O,15,3,2.2958743572235107,68.109,124,128,2.616739e-02,
32,O,16,4,2.9384543895721436,47.924,125,128,2.809362e-02,
32,O,17,4,3.1888620853424072,34.718,124,128,2.594910e-02,
32,O,18,4,3.03348970413208,44.736,125,128,2.802092e-02,
32,O,19,4,2.693800449371338,61.826,125,128,2.925249e-02,
32,O,20,5,3.1257894039154053,43.485,125,128,2.846693e-02,
32,O,21,5,3.7614097595214844,19.324,123,128,2.283540e-02,
32,O,22,5,2.942049264907837,37.654,124,128,2.493247e-02,
32,O,23,5,2.748847246170044,59.402,126,128,2.925911e-02,
32,O,24,6,2.6600334644317627,38.382,124,128,2.275957e-02,
32,O,25,6,3.2378976345062256,30.503,124,128,2.469697e-02,
32,O,26,6,3.343689441680908,32.97,123,128,2.651517e-02,
32,O,27,6,2.9302549362182617,47.179,124,128,2.779644e-02,
32,O,28,7,3.0873701572418213,29.384,125,128,2.311276e-02,
32,O,29,7,3.219658374786377,19.769,124,128,1.977005e-02,
32,O,30,7,3.0113704204559326,44.431,122,127,2.772157e-02,
32,O,31,7,3.64157772064209,25.497,124,128,2.539488e-02,
32,VO,0,0,17.277502059936523,55.682,123,127,,
32,VO,1,0,15.375839233398438,68.59,124,127,,
32,VO,2,0,14.483515739440918,63.092,124,127,,
32,VO,3,0,16.461668014526367,60.732,123,127,,
32,VO,4,1,22.665695190429688,56.562,124,127,,
32,VO,5,1,18.406198501586914,58.013,124,127,,
32,VO,6,1,20.53915023803711,51.901,124,127,,
32,VO,7,1,20.102800369262695,50.542,124,127,,
32,VO,8,2,22.772720336914062,40.253,124,128,,
32,VO,9,2,24.16364860534668,46.914,123,127,,
32,VO,10,2,19.500093460083008,47.198,124,127,,
32,VO,11,2,19.606861114501953,50.94,123,127,,
32,VO,12,3,10.898455619812012,56.772,124,128,,
32,VO,13,3,18.268802642822266,22.698,125,128,,
32,VO,14,3,13.698396682739258,35.522,124,128,,
32,VO,15,3,10.509049415588379,62.334,124,128,,
32,VO,16,4,18.557315826416016,30.853,124,127,,
32,VO,17,4,26.071060180664062,13.71,124,127,,
32,VO,18,4,25.217857360839844,18.342,123,127,,
32,VO,19,4,22.28776741027832,25.054,124,127,,
32,VO,20,5,19.2110652923584,25.81,125,128,,
32,VO,21,5,26.970731735229492,9.256,122,128,,
32,VO,22,5,18.665891647338867,21.377,124,128,,
32,VO,23,5,15.816986083984375,38.414,125,128,,
32,VO,24,6,14.747166633605957,25.672,122,127,,
32,VO,25,6,17.929401397705078,18.244,124,127,,
32,VO,26,6,21.13640022277832,17.484,121,127,,
32,VO,27,6,18.44310760498047,24.132,122,127,,
32,VO,28,7,12.78658676147461,26.615,124,127,,
32,VO,29,7,13.893013954162598,16.573,124,127,,
32,VO,30,7,14.115583419799805,32.274,122,127,,
32,VO,31,7,16.429475784301758,19.539,123,127,,
33,Q,0,0,18.277372360229492,10.276,121,128,2.690503e-02,
33,Q,1,0,15.850041389465332,14.376,124,128,2.772143e-02,
33,Q,2,0,15.097853660583496,15.069,124,128,2.831684e-02,
33,Q,3,0,16.78899383544922,11.6,122,128,2.630621e-02,
33,Q,4,1,18.30164909362793,10.859,123,128,2.734098e-02,
33,Q,5,1,17.580385208129883,12.416,124,128,2.734861e-02,
33,Q,6,1,23.6784725189209,7.964,119,127,2.637932e-02,
33,Q,7,1,24.616928100585938,6.443,118,126,2.464675e-02,
33,Q,8,2,20.249446868896484,11.466,121,128,2.881711e-02,
33,Q,9,2,25.074342727661133,8.372,109,124,2.203481e-02,
33,Q,10,2,24.381702423095703,8.212,112,126,2.430635e-02,
33,Q,11,2,25.866127014160156,7.968,107,125,2.181325e-02,
33,Q,12,3,25.389713287353516,8.761,108,124,2.209549e-02,
33,Q,13,3,25.372974395751953,8.678,109,124,2.210657e-02,
33,Q,14,3,25.284513473510742,8.482,109,123,2.179170e-02,
33,Q,15,3,24.914470672607422,8.79,110,124,2.207775e-02,
33,Q,16,4,23.319902420043945,9.368,113,126,2.235076e-02,
33,Q,17,4,23.65947151184082,9.623,110,124,2.224291e-02,
33,Q,18,4,26.534738540649414,8.15,111,123,2.328996e-02,
33,Q,19,4,26.467634201049805,8.125,112,124,2.292760e-02,
33,Q,20,5,24.11966896057129,8.406,115,127,2.290406e-02,
33,Q,21,5,19.92069435119629,8.363,117,127,2.602352e-02,
33,Q,22,5,18.631864547729492,12.42,122,128,2.771901e-02,
33,Q,23,5,24.044084548950195,8.217,115,126,2.324285e-02,
33,Q,24,6,16.58355140686035,15.51,123,127,2.782365e-02,
33,Q,25,6,14.662458419799805,18.557,123,127,2.649659e-02,
33,Q,26,6,17.172677993774414,14.291,123,127,2.822972e-02,
33,Q,27,6,17.670631408691406,13.668,121,127,2.560158e-02,
33,Q,28,7,24.02143096923828,8.583,114,126,2.474398e-02,
33,Q,29,7,23.264223098754883,9.608,114,126,2.548400e-02,
33,Q,30,7,23.745655059814453,8.792,113,126,2.415166e-02,
33,Q,31,7,22.60878562927246,9.344,114,126,2.392162e-02,
33,K,0,0,17.642854690551758,14.278,121,127,2.644701e-02,
33,K,1,1,11.829519271850586,29.073,122,128,2.687055e-02,
33,K,2,2,22.43771743774414,10.98,112,126,1.916355e-02,
33,K,3,3,18.931577682495117,14.002,103,124,1.711366e-02,
33,K,4,4,17.897695541381836,14.677,106,125,1.776788e-02,
33,K,5,5,16.907121658325195,17.37,113,126,1.936200e-02,
33,K,6,6,12.861745834350586,23.452,124,127,2.984869e-02,
33,K,7,7,15.229628562927246,20.598,106,124,1.827079e-02,
33,V,0,0,12.928868293762207,49.212,125,128,3.365171e-02,
33,V,1,1,6.1572957038879395,103.243,126,128,3.525054e-02,
33,V,2,2,14.244246482849121,65.226,126,128,3.031074e-02,
33,V,3,3,13.83708381652832,64.861,126,128,3.237927e-02,
33,V,4,4,16.550745010375977,40.779,125,128,2.903889e-02,
33,V,5,5,11.093788146972656,70.931,125,128,2.552232e-02,
33,V,6,6,7.396298408508301,87.146,125,127,3.692375e-02,
33,V,7,7,13.402273178100586,66.093,125,128,2.794731e-02,
33,O,0,0,3.055009365081787,38.266,124,128,2.609928e-02,
33,O,1,0,3.825535297393799,23.924,126,128,2.584176e-02,
33,O,2,0,2.97910737991333,54.094,126,128,3.026007e-02,
33,O,3,0,2.910085678100586,55.07,126,128,2.982469e-02,
33,O,4,1,2.301295757293701,69.361,126,128,2.646912e-02,
33,O,5,1,2.247483015060425,64.597,126,128,2.494671e-02,
33,O,6,1,2.383798599243164,89.962,124,127,3.122556e-02,
33,O,7,1,2.435122489929199,50.711,125,128,2.394865e-02,
33,O,8,2,2.4089787006378174,78.731,125,128,2.951999e-02,
33,O,9,2,2.763293981552124,56.419,125,128,2.866483e-02,
33,O,10,2,3.051175355911255,45.535,125,128,2.843487e-02,
33,O,11,2,2.5375802516937256,74.225,125,128,3.019300e-02,
33,O,12,3,2.8096542358398438,58.504,125,128,2.967938e-02,
33,O,13,3,2.499967336654663,72.655,126,128,2.942906e-02,
33,O,14,3,2.371692657470703,77.522,126,128,2.883901e-02,
33,O,15,3,2.437429428100586,74.192,126,128,2.899484e-02,
33,O,16,4,2.4661927223205566,71.969,124,128,2.889417e-02,
33,O,17,4,2.5210442543029785,74.0,124,128,2.995063e-02,
33,O,18,4,5.137588977813721,15.207,125,128,2.766856e-02,
33,O,19,4,5.43152379989624,14.519,125,128,2.858281e-02,
33,O,20,5,2.3562920093536377,77.163,125,128,2.858544e-02,
33,O,21,5,2.304476499557495,50.015,126,128,2.250770e-02,
33,O,22,5,2.371809244155884,77.732,125,128,2.887962e-02,
33,O,23,5,2.443267345428467,69.45,124,128,2.812024e-02,
33,O,24,6,2.9693310260772705,48.859,124,127,2.866425e-02,
33,O,25,6,3.199633836746216,38.74,124,127,2.750352e-02,
33,O,26,6,2.7281272411346436,59.643,124,128,2.909751e-02,
33,O,27,6,3.52862811088562,27.501,124,128,2.555595e-02,
33,O,28,7,2.5520670413970947,59.303,125,128,2.714201e-02,
33,O,29,7,2.5477824211120605,67.657,125,128,2.894207e-02,
33,O,30,7,2.552386522293091,61.773,125,128,2.770494e-02,
33,O,31,7,2.5454866886138916,66.231,125,128,2.860973e-02,
33,VO,0,0,35.24965286254883,20.697,122,128,,
33,VO,1,0,31.76389503479004,22.018,125,128,,
33,VO,2,0,29.69881248474121,34.123,125,128,,
33,VO,3,0,30.8790340423584,32.557,124,128,,
33,VO,4,1,11.949949264526367,79.009,125,128,,
33,VO,5,1,12.056051254272461,68.421,125,128,,
33,VO,6,1,13.830307960510254,82.806,123,127,,
33,VO,7,1,13.108144760131836,53.175,125,128,,
33,VO,8,2,31.055479049682617,50.274,124,127,,
33,VO,9,2,35.383750915527344,36.827,124,127,,
33,VO,10,2,35.52480697631836,35.61,123,127,,
33,VO,11,2,32.30537796020508,48.384,124,127,,
33,VO,12,3,34.53623580932617,38.737,124,128,,
33,VO,13,3,31.228837966918945,46.091,125,128,,
33,VO,14,3,30.95816993713379,45.311,125,128,,
33,VO,15,3,31.295936584472656,44.685,125,128,,
33,VO,16,4,27.032371520996094,52.764,123,127,,
33,VO,17,4,26.982799530029297,57.059,123,127,,
33,VO,18,4,70.47924041748047,7.652,124,127,,
33,VO,19,4,82.64012908935547,6.106,123,127,,
33,VO,20,5,22.712570190429688,57.999,122,127,,
33,VO,21,5,17.830656051635742,56.378,125,128,,
33,VO,22,5,22.14605140686035,62.213,123,127,,
33,VO,23,5,22.55975341796875,56.77,122,127,,
33,VO,24,6,17.923398971557617,50.519,123,126,,
33,VO,25,6,20.3597412109375,35.704,123,126,,
33,VO,26,6,18.15739631652832,50.453,122,126,,
33,VO,27,6,22.50678253173828,25.203,123,126,,
33,VO,28,7,26.89788246154785,50.572,123,127,,
33,VO,29,7,30.300100326538086,46.265,122,127,,
33,VO,30,7,28.168201446533203,48.709,122,127,,
33,VO,31,7,28.34105682373047,51.13,123,127,,
34,Q,0,0,27.769582748413086,8.265,111,126,2.136865e-02,
34,Q,1,0,28.605518341064453,6.89,109,125,2.133328e-02,
34,Q,2,0,27.511369705200195,8.368,110,126,2.115637e-02,
34,Q,3,0,27.119640350341797,8.17,111,126,2.116269e-02,
34,Q,4,1,23.3317928314209,9.092,117,127,2.343890e-02,
34,Q,5,1,23.41741943359375,10.613,112,126,2.357337e-02,
34,Q,6,1,21.743600845336914,10.063,119,127,2.299268e-02,
34,Q,7,1,24.54262924194336,10.242,110,126,2.318048e-02,
34,Q,8,2,28.90224266052246,6.084,122,128,2.471446e-02,
34,Q,9,2,22.224485397338867,9.455,123,128,2.530855e-02,
34,Q,10,2,17.48459815979004,15.593,124,128,2.636367e-02,
34,Q,11,2,20.23692512512207,11.475,123,128,2.543739e-02,
34,Q,12,3,17.953067779541016,14.903,118,125,2.181011e-02,
34,Q,13,3,19.318429946899414,14.851,118,125,2.384241e-02,
34,Q,14,3,9.79509449005127,51.0,120,125,2.986286e-02,
34,Q,15,3,13.10390567779541,28.359,120,127,2.950679e-02,
34,Q,16,4,22.774307250976562,8.64,122,128,2.523565e-02,
34,Q,17,4,25.356342315673828,7.736,123,128,2.503538e-02,
34,Q,18,4,17.32147979736328,15.599,124,128,2.751842e-02,
34,Q,19,4,27.431528091430664,6.908,119,127,2.444871e-02,
34,Q,20,5,22.99811553955078,9.674,114,124,2.089546e-02,
34,Q,21,5,24.856075286865234,8.826,118,126,2.422610e-02,
34,Q,22,5,19.910192489624023,11.656,115,124,2.079740e-02,
34,Q,23,5,16.62110710144043,16.862,121,126,2.565733e-02,
34,Q,24,6,17.763504028320312,14.448,124,128,2.670577e-02,
34,Q,25,6,15.565267562866211,18.305,124,128,2.649704e-02,
34,Q,26,6,17.141376495361328,15.559,124,128,2.640728e-02,
34,Q,27,6,19.777034759521484,12.804,124,128,2.685726e-02,
34,Q,28,7,36.702186584472656,4.818,115,126,2.357572e-02,
34,Q,29,7,29.38954734802246,6.618,122,127,2.604240e-02,
34,Q,30,7,28.210580825805664,6.162,119,127,2.267221e-02,
34,Q,31,7,22.931058883666992,10.439,123,128,2.801369e-02,
34,K,0,0,17.730104446411133,15.281,105,124,1.499362e-02,
34,K,1,1,18.417896270751953,15.002,106,125,1.696791e-02,
34,K,2,2,17.105274200439453,15.464,115,127,2.378182e-02,
34,K,3,3,18.18320083618164,12.552,123,127,2.664299e-02,
34,K,4,4,14.144728660583496,26.105,120,127,2.585351e-02,
34,K,5,5,13.929110527038574,21.533,122,127,2.562925e-02,
34,K,6,6,16.146957397460938,20.999,122,127,2.698398e-02,
34,K,7,7,15.815825462341309,26.365,116,126,2.405216e-02,
34,V,0,0,15.152421951293945,66.351,126,128,3.049596e-02,
34,V,1,1,13.505133628845215,69.411,125,128,2.836998e-02,
34,V,2,2,10.00800895690918,48.143,124,127,2.855977e-02,
34,V,3,3,9.49117374420166,61.426,125,127,3.164808e-02,
34,V,4,4,7.390768051147461,93.312,126,128,3.238054e-02,
34,V,5,5,7.712430000305176,94.943,126,128,3.382363e-02,
34,V,6,6,9.400530815124512,77.266,126,128,3.232982e-02,
34,V,7,7,7.632641315460205,93.705,126,128,3.307486e-02,
34,O,0,0,2.751666784286499,60.246,125,128,2.949642e-02,
34,O,1,0,2.8897736072540283,63.563,125,127,3.181821e-02,
34,O,2,0,2.4840307235717773,69.206,125,128,2.853909e-02,
34,O,3,0,2.4597835540771484,72.808,126,128,2.898665e-02,
34,O,4,1,3.3505048751831055,33.356,124,128,2.672449e-02,
34,O,5,1,2.7141995429992676,70.016,125,128,3.136529e-02,
34,O,6,1,2.5712029933929443,46.108,125,128,2.411202e-02,
34,O,7,1,3.1169791221618652,52.294,125,128,3.112944e-02,
34,O,8,2,2.934386968612671,42.7,118,127,2.648144e-02,
34,O,9,2,4.476078033447266,13.038,122,128,2.232113e-02,
34,O,10,2,4.75095796585083,18.038,123,127,2.786637e-02,
34,O,11,2,3.78033447265625,24.658,120,127,2.592527e-02,
34,O,12,3,3.4268226623535156,28.833,122,127,2.541247e-02,
34,O,13,3,3.757537841796875,25.672,122,127,2.629315e-02,
34,O,14,3,3.82468318939209,22.908,122,127,2.528158e-02,
34,O,15,3,3.554080009460449,21.969,122,127,2.300621e-02,
34,O,16,4,2.5581037998199463,56.252,125,128,2.649717e-02,
34,O,17,4,2.1355323791503906,82.306,126,128,2.675674e-02,
34,O,18,4,2.7270848751068115,53.294,126,128,2.749476e-02,
34,O,19,4,2.140218734741211,82.265,125,128,2.680882e-02,
34,O,20,5,3.066251516342163,23.419,125,128,2.049280e-02,
34,O,21,5,2.3389317989349365,101.785,123,126,3.258888e-02,
34,O,22,5,3.494652509689331,21.559,125,128,2.240920e-02,
34,O,23,5,3.26283860206604,36.164,124,128,2.709861e-02,
34,O,24,6,3.330324649810791,39.261,125,128,2.881886e-02,
34,O,25,6,3.5256094932556152,30.771,125,128,2.700955e-02,
34,O,26,6,3.814114570617676,24.711,126,128,2.618482e-02,
34,O,27,6,2.4734716415405273,58.348,126,128,2.609343e-02,
34,O,28,7,2.3778700828552246,83.978,125,128,3.009412e-02,
34,O,29,7,3.065629482269287,40.358,124,128,2.689634e-02,
34,O,30,7,2.3577845096588135,58.059,125,128,2.481125e-02,
34,O,31,7,2.5430092811584473,65.886,124,128,2.850737e-02,
34,VO,0,0,37.674560546875,39.722,124,127,,
34,VO,1,0,37.255008697509766,47.004,124,127,,
34,VO,2,0,34.44446563720703,44.057,124,127,,
34,VO,3,0,31.525711059570312,53.693,125,127,,
34,VO,4,1,42.42467498779297,22.643,120,127,,
34,VO,5,1,34.8599853515625,44.214,122,127,,
34,VO,6,1,31.175045013427734,32.729,122,127,,
34,VO,7,1,40.598655700683594,33.592,122,127,,
34,VO,8,2,18.28148078918457,38.37,121,127,,
34,VO,9,2,36.46435546875,9.1,118,126,,
34,VO,10,2,45.516258239746094,8.604,120,126,,
34,VO,11,2,31.862735748291016,15.104,116,126,,
34,VO,12,3,26.439990997314453,20.831,122,127,,
34,VO,13,3,25.25773811340332,24.066,122,127,,
34,VO,14,3,21.565673828125,30.491,121,127,,
34,VO,15,3,19.2595272064209,30.364,122,127,,
34,VO,16,4,15.20300579071045,63.7,125,128,,
34,VO,17,4,13.655970573425293,79.516,126,128,,
34,VO,18,4,19.6977481842041,40.731,126,128,,
34,VO,19,4,14.378144264221191,73.453,124,128,,
34,VO,20,5,22.11945152282715,19.765,124,127,,
34,VO,21,5,16.328824996948242,92.887,122,126,,
34,VO,22,5,22.559606552124023,22.507,124,127,,
34,VO,23,5,20.25178337097168,41.253,124,127,,
34,VO,24,6,22.82467269897461,44.638,125,127,,
34,VO,25,6,32.63307189941406,19.501,125,127,,
34,VO,26,6,33.38268280029297,17.407,125,127,,
34,VO,27,6,16.991172790527344,66.03,126,128,,
34,VO,28,7,15.76796817779541,81.226,124,128,,
34,VO,29,7,16.2418155670166,61.43,124,127,,
34,VO,30,7,16.634950637817383,51.186,124,127,,
34,VO,31,7,17.93193817138672,57.399,123,127,,
35,Q,0,0,18.278100967407227,10.782,124,128,2.349248e-02,
35,Q,1,0,13.850857734680176,21.836,125,128,2.595871e-02,
35,Q,2,0,19.70597267150879,10.192,124,127,2.429492e-02,
35,Q,3,0,16.142953872680664,15.761,125,128,2.553520e-02,
35,Q,4,1,15.986711502075195,16.462,125,128,2.590067e-02,
35,Q,5,1,21.695343017578125,8.824,124,128,2.434664e-02,
35,Q,6,1,14.929754257202148,19.362,125,128,2.631146e-02,
35,Q,7,1,17.25795555114746,14.663,125,128,2.623460e-02,
35,Q,8,2,28.401744842529297,4.692,121,127,2.012230e-02,
35,Q,9,2,18.09821319580078,9.485,120,127,2.025622e-02,
35,Q,10,2,13.291590690612793,21.606,123,127,2.396300e-02,
35,Q,11,2,17.99443244934082,9.897,123,128,2.160609e-02,
35,Q,12,3,14.655074119567871,15.693,123,127,2.245845e-02,
35,Q,13,3,19.23908805847168,10.908,125,128,2.407052e-02,
35,Q,14,3,16.466276168823242,14.462,125,128,2.410193e-02,
35,Q,15,3,16.51998519897461,12.187,124,128,2.176740e-02,
35,Q,16,4,17.1484317779541,15.152,125,128,2.600319e-02,
35,Q,17,4,16.846471786499023,15.353,124,128,2.561943e-02,
35,Q,18,4,16.220924377441406,16.104,125,128,2.564762e-02,
35,Q,19,4,20.9251766204834,9.792,124,128,2.411861e-02,
35,Q,20,5,17.198116302490234,14.848,124,128,2.587502e-02,
35,Q,21,5,16.753360748291016,15.851,125,128,2.626822e-02,
35,Q,22,5,22.9820613861084,8.017,122,127,2.327974e-02,
35,Q,23,5,20.762407302856445,10.113,125,127,2.498762e-02,
35,Q,24,6,18.07021713256836,13.187,124,128,2.587685e-02,
35,Q,25,6,24.13726043701172,7.203,122,128,2.328484e-02,
35,Q,26,6,20.90336799621582,9.691,123,128,2.422282e-02,
35,Q,27,6,16.04155158996582,14.98,124,128,2.437954e-02,
35,Q,28,7,12.32498836517334,27.655,125,127,2.600381e-02,
35,Q,29,7,9.857921600341797,41.938,123,127,2.601587e-02,
35,Q,30,7,12.077754974365234,29.238,125,127,2.619904e-02,
35,Q,31,7,12.44553279876709,27.229,125,127,2.569693e-02,
35,K,0,0,12.347871780395508,27.183,124,127,2.489970e-02,
35,K,1,1,13.979377746582031,24.795,124,128,2.666177e-02,
35,K,2,2,14.763357162475586,13.158,120,127,1.802799e-02,
35,K,3,3,13.77283763885498,19.845,123,128,2.230074e-02,
35,K,4,4,14.333877563476562,24.667,124,128,2.605869e-02,
35,K,5,5,15.269375801086426,21.594,123,128,2.584881e-02,
35,K,6,6,13.458754539489746,24.275,123,127,2.515232e-02,
35,K,7,7,15.70240306854248,17.757,124,128,2.507697e-02,
35,V,0,0,9.309321403503418,51.657,125,128,2.725760e-02,
35,V,1,1,10.44636058807373,41.693,126,128,2.790227e-02,
35,V,2,2,15.882471084594727,18.606,125,127,2.668456e-02,
35,V,3,3,8.543070793151855,48.171,124,128,2.281443e-02,
35,V,4,4,9.485089302062988,73.516,126,128,3.175556e-02,
35,V,5,5,10.045743942260742,59.72,126,128,3.277807e-02,
35,V,6,6,9.063058853149414,87.971,126,128,3.578771e-02,
35,V,7,7,9.617274284362793,53.048,126,128,2.855139e-02,
35,O,0,0,2.6222119331359863,39.281,124,127,2.269717e-02,
35,O,1,0,2.7972846031188965,42.613,124,128,2.521835e-02,
35,O,2,0,2.7532966136932373,46.761,125,128,2.600204e-02,
35,O,3,0,2.636817455291748,43.035,125,128,2.388912e-02,
35,O,4,1,2.445369243621826,55.141,126,128,2.507797e-02,
35,O,5,1,2.689711332321167,47.497,125,128,2.560068e-02,
35,O,6,1,2.6659092903137207,47.432,126,128,2.535664e-02,
35,O,7,1,2.7060930728912354,45.507,126,128,2.521112e-02,
35,O,8,2,6.587503433227539,7.538,124,128,2.497840e-02,
35,O,9,2,2.7017271518707275,45.344,123,128,2.512545e-02,
35,O,10,2,2.6275808811187744,48.862,124,128,2.536597e-02,
35,O,11,2,4.591623783111572,14.339,125,128,2.401259e-02,
35,O,12,3,6.586729526519775,4.304,124,128,1.887306e-02,
35,O,13,3,3.845903158187866,19.458,124,127,2.342924e-02,
35,O,14,3,5.924898624420166,4.827,124,128,1.797697e-02,
35,O,15,3,5.031991004943848,8.876,124,127,2.070421e-02,
35,O,16,4,2.593113899230957,54.218,126,128,2.636961e-02,
35,O,17,4,3.541795015335083,32.633,125,128,2.794245e-02,
35,O,18,4,2.4080874919891357,65.728,126,128,2.696229e-02,
35,O,19,4,2.6865596771240234,67.886,125,128,3.057003e-02,
35,O,20,5,2.389312267303467,66.45,126,128,2.689868e-02,
35,O,21,5,2.740935802459717,47.568,126,128,2.610769e-02,
35,O,22,5,2.184246301651001,98.992,126,128,3.001314e-02,
35,O,23,5,2.4822514057159424,66.73,126,128,2.800390e-02,
35,O,24,6,2.938223123550415,41.97,125,128,2.628846e-02,
35,O,25,6,2.803435802459717,66.879,119,127,3.166250e-02,
35,O,26,6,2.503323793411255,66.683,124,128,2.823159e-02,
35,O,27,6,2.919456958770752,39.678,125,128,2.539741e-02,
35,O,28,7,3.4082353115081787,26.876,124,127,2.440203e-02,
35,O,29,7,3.542814016342163,24.267,126,128,2.410276e-02,
35,O,30,7,3.005012035369873,37.033,126,128,2.525527e-02,
35,O,31,7,2.5528504848480225,56.129,125,127,2.641376e-02,
35,VO,0,0,23.265207290649414,17.938,123,126,,
35,VO,1,0,24.421327590942383,20.078,123,127,,
35,VO,2,0,22.11897087097168,26.004,123,127,,
35,VO,3,0,24.203235626220703,18.383,123,126,,
35,VO,4,1,25.2196102142334,18.822,125,128,,
35,VO,5,1,22.704151153564453,23.856,125,128,,
35,VO,6,1,27.52591323852539,16.238,125,128,,
35,VO,7,1,27.9468936920166,15.483,125,128,,
35,VO,8,2,102.29627990722656,2.124,118,126,,
35,VO,9,2,27.747692108154297,16.677,119,126,,
35,VO,10,2,23.751249313354492,21.29,123,127,,
35,VO,11,2,66.8517074584961,3.306,121,126,,
35,VO,12,3,35.84539031982422,4.032,122,127,,
35,VO,13,3,20.074474334716797,20.08,122,126,,
35,VO,14,3,28.931631088256836,5.431,121,127,,
35,VO,15,3,27.793153762817383,8.229,121,127,,
35,VO,16,4,24.27698516845703,31.51,125,128,,
35,VO,17,4,32.38859558105469,23.326,123,127,,
35,VO,18,4,21.855201721191406,43.523,125,127,,
35,VO,19,4,25.09923553466797,39.535,125,127,,
35,VO,20,5,23.753204345703125,32.09,126,128,,
35,VO,21,5,27.391836166381836,22.864,126,128,,
35,VO,22,5,20.969728469848633,51.008,126,128,,
35,VO,23,5,24.81645393371582,31.791,126,128,,
35,VO,24,6,20.23788833618164,50.642,124,128,,
35,VO,25,6,23.30158042907715,55.793,119,127,,
35,VO,26,6,20.092668533325195,59.659,123,128,,
35,VO,27,6,19.385406494140625,51.291,124,128,,
35,VO,28,7,24.34168243408203,20.568,124,127,,
35,VO,29,7,24.630502700805664,19.527,125,127,,
35,VO,30,7,28.30855941772461,16.547,125,127,,
35,VO,31,7,23.96097183227539,24.913,125,127,,
